[00:00:43] [DEVICE] << [2,"2c75e40a-e747-417b-99d3-d4477c96451e","Heartbeat",{}]
[00:00:43] [DEVICE] >> [3,"2c75e40a-e747-417b-99d3-d4477c96451e",{"currentTime":"2026-07-08T16:00:43Z"}]
[00:01:43] [DEVICE] << [2,"baa98aa9-7b7e-4aa4-a77d-15e042faeb15","Heartbeat",{}]
[00:01:43] [DEVICE] >> [3,"baa98aa9-7b7e-4aa4-a77d-15e042faeb15",{"currentTime":"2026-07-08T16:01:43Z"}]
[00:02:43] [DEVICE] << [2,"8169ff9e-3a7b-4433-8264-99102f24a278","Heartbeat",{}]
[00:02:43] [DEVICE] >> [3,"8169ff9e-3a7b-4433-8264-99102f24a278",{"currentTime":"2026-07-08T16:02:43Z"}]
[00:03:43] [DEVICE] << [2,"17db5d9f-6634-45f9-87de-04dc24d0f398","Heartbeat",{}]
[00:03:43] [DEVICE] >> [3,"17db5d9f-6634-45f9-87de-04dc24d0f398",{"currentTime":"2026-07-08T16:03:43Z"}]
[00:04:43] [DEVICE] << [2,"b0e2a999-2607-4cd0-a12c-2ee268af5ff9","Heartbeat",{}]
[00:04:43] [DEVICE] >> [3,"b0e2a999-2607-4cd0-a12c-2ee268af5ff9",{"currentTime":"2026-07-08T16:04:43Z"}]
[00:05:43] [DEVICE] << [2,"f53849a1-e453-4bae-8342-35a8d14c4753","Heartbeat",{}]
[00:05:43] [DEVICE] >> [3,"f53849a1-e453-4bae-8342-35a8d14c4753",{"currentTime":"2026-07-08T16:05:43Z"}]
[00:06:43] [DEVICE] << [2,"f3047a36-c811-40dc-b479-e82ca1d25ba4","Heartbeat",{}]
[00:06:43] [DEVICE] >> [3,"f3047a36-c811-40dc-b479-e82ca1d25ba4",{"currentTime":"2026-07-08T16:06:43Z"}]
[00:07:43] [DEVICE] << [2,"391f2d26-6c41-4848-8339-37c752dd18ca","Heartbeat",{}]
[00:07:43] [DEVICE] >> [3,"391f2d26-6c41-4848-8339-37c752dd18ca",{"currentTime":"2026-07-08T16:07:43Z"}]
[00:08:43] [DEVICE] << [2,"08a6b627-6266-4397-9f72-93910c5cf673","Heartbeat",{}]
[00:08:43] [DEVICE] >> [3,"08a6b627-6266-4397-9f72-93910c5cf673",{"currentTime":"2026-07-08T16:08:43Z"}]
[00:09:43] [DEVICE] << [2,"97de498c-4fa2-43e9-9b93-0d87fc6dab23","Heartbeat",{}]
[00:09:43] [DEVICE] >> [3,"97de498c-4fa2-43e9-9b93-0d87fc6dab23",{"currentTime":"2026-07-08T16:09:43Z"}]
[00:10:43] [DEVICE] << [2,"a105f3a6-c47e-4887-ba4e-b459a9d0cb17","Heartbeat",{}]
[00:10:43] [DEVICE] >> [3,"a105f3a6-c47e-4887-ba4e-b459a9d0cb17",{"currentTime":"2026-07-08T16:10:43Z"}]
[00:11:43] [DEVICE] << [2,"d9c13ff8-e7a2-4f75-b96b-00c23576950e","Heartbeat",{}]
[00:11:43] [DEVICE] >> [3,"d9c13ff8-e7a2-4f75-b96b-00c23576950e",{"currentTime":"2026-07-08T16:11:43Z"}]
[00:12:43] [DEVICE] << [2,"bc41d05c-9cb3-4e63-a2ec-e44640c6c37b","Heartbeat",{}]
[00:12:43] [DEVICE] >> [3,"bc41d05c-9cb3-4e63-a2ec-e44640c6c37b",{"currentTime":"2026-07-08T16:12:43Z"}]
[00:13:43] [DEVICE] << [2,"674e65bf-ed72-40a3-8550-9b503d0740df","Heartbeat",{}]
[00:13:43] [DEVICE] >> [3,"674e65bf-ed72-40a3-8550-9b503d0740df",{"currentTime":"2026-07-08T16:13:43Z"}]
[00:14:43] [DEVICE] << [2,"b8122d80-63fe-4496-b655-6ba3c86afe5b","Heartbeat",{}]
[00:14:43] [DEVICE] >> [3,"b8122d80-63fe-4496-b655-6ba3c86afe5b",{"currentTime":"2026-07-08T16:14:43Z"}]
[00:15:43] [DEVICE] << [2,"d5f7e1b5-2a7e-42f7-beb6-f21fd282f511","Heartbeat",{}]
[00:15:43] [DEVICE] >> [3,"d5f7e1b5-2a7e-42f7-beb6-f21fd282f511",{"currentTime":"2026-07-08T16:15:43Z"}]
[00:16:43] [DEVICE] << [2,"cc584c25-51d7-4978-806c-04d8732ebdb1","Heartbeat",{}]
[00:16:43] [DEVICE] >> [3,"cc584c25-51d7-4978-806c-04d8732ebdb1",{"currentTime":"2026-07-08T16:16:43Z"}]
[00:17:43] [DEVICE] << [2,"263e4a01-6ac0-499d-926d-cb672d1af8af","Heartbeat",{}]
[00:17:43] [DEVICE] >> [3,"263e4a01-6ac0-499d-926d-cb672d1af8af",{"currentTime":"2026-07-08T16:17:43Z"}]
[00:18:43] [DEVICE] << [2,"5317cef2-8e9e-4156-8bc4-d43f28bccfc3","Heartbeat",{}]
[00:18:43] [DEVICE] >> [3,"5317cef2-8e9e-4156-8bc4-d43f28bccfc3",{"currentTime":"2026-07-08T16:18:43Z"}]
[00:19:43] [DEVICE] << [2,"2dde3189-adf8-4070-af2d-62f1b331d6ff","Heartbeat",{}]
[00:19:44] [DEVICE] >> [3,"2dde3189-adf8-4070-af2d-62f1b331d6ff",{"currentTime":"2026-07-08T16:19:44Z"}]
[00:20:43] [DEVICE] << [2,"d1f4dcb2-5a45-4afa-b4ef-048bcffa2da2","Heartbeat",{}]
[00:20:44] [DEVICE] >> [3,"d1f4dcb2-5a45-4afa-b4ef-048bcffa2da2",{"currentTime":"2026-07-08T16:20:44Z"}]
[00:21:43] [DEVICE] << [2,"57b2c109-2b65-42ba-b246-3a18b10d6e08","Heartbeat",{}]
[00:21:44] [DEVICE] >> [3,"57b2c109-2b65-42ba-b246-3a18b10d6e08",{"currentTime":"2026-07-08T16:21:44Z"}]
[00:22:43] [DEVICE] << [2,"f1412f9a-677d-48eb-8edd-0c1a16904114","Heartbeat",{}]
[00:22:44] [DEVICE] >> [3,"f1412f9a-677d-48eb-8edd-0c1a16904114",{"currentTime":"2026-07-08T16:22:44Z"}]
[00:23:43] [DEVICE] << [2,"5d875a52-02b2-4dae-9fdc-bc53a3589c8d","Heartbeat",{}]
[00:23:44] [DEVICE] >> [3,"5d875a52-02b2-4dae-9fdc-bc53a3589c8d",{"currentTime":"2026-07-08T16:23:44Z"}]
[00:24:44] [DEVICE] << [2,"0c8125ef-1308-4d41-b06f-7acf2fa434b9","Heartbeat",{}]
[00:24:44] [DEVICE] >> [3,"0c8125ef-1308-4d41-b06f-7acf2fa434b9",{"currentTime":"2026-07-08T16:24:44Z"}]
[00:25:44] [DEVICE] << [2,"42ea9d46-dac5-4ca2-8626-39608a3b0c58","Heartbeat",{}]
[00:25:44] [DEVICE] >> [3,"42ea9d46-dac5-4ca2-8626-39608a3b0c58",{"currentTime":"2026-07-08T16:25:44Z"}]
[00:26:44] [DEVICE] << [2,"d63ac9d9-6cb0-4c24-a12e-bc6433b028b9","Heartbeat",{}]
[00:26:44] [DEVICE] >> [3,"d63ac9d9-6cb0-4c24-a12e-bc6433b028b9",{"currentTime":"2026-07-08T16:26:44Z"}]
[00:27:44] [DEVICE] << [2,"fbc27469-47ac-4fd0-add9-6fd9df2694b6","Heartbeat",{}]
[00:27:44] [DEVICE] >> [3,"fbc27469-47ac-4fd0-add9-6fd9df2694b6",{"currentTime":"2026-07-08T16:27:44Z"}]
[00:28:44] [DEVICE] << [2,"2819bda0-ebf6-4a75-9f78-4c3cd70bfc81","Heartbeat",{}]
[00:28:44] [DEVICE] >> [3,"2819bda0-ebf6-4a75-9f78-4c3cd70bfc81",{"currentTime":"2026-07-08T16:28:44Z"}]
[00:29:44] [DEVICE] << [2,"edbe430b-f74b-4a5d-b957-8b7c81c07434","Heartbeat",{}]
[00:29:44] [DEVICE] >> [3,"edbe430b-f74b-4a5d-b957-8b7c81c07434",{"currentTime":"2026-07-08T16:29:44Z"}]
[00:30:44] [DEVICE] << [2,"abb35492-b89f-47f7-a2ae-32b45285cc76","Heartbeat",{}]
[00:30:44] [DEVICE] >> [3,"abb35492-b89f-47f7-a2ae-32b45285cc76",{"currentTime":"2026-07-08T16:30:44Z"}]
[00:31:44] [DEVICE] << [2,"2337c1a1-315c-40d1-8605-d6782175d43e","Heartbeat",{}]
[00:31:44] [DEVICE] >> [3,"2337c1a1-315c-40d1-8605-d6782175d43e",{"currentTime":"2026-07-08T16:31:44Z"}]
[00:32:44] [DEVICE] << [2,"f4dd0499-bc26-48a1-8bbd-106ccd8ad311","Heartbeat",{}]
[00:32:44] [DEVICE] >> [3,"f4dd0499-bc26-48a1-8bbd-106ccd8ad311",{"currentTime":"2026-07-08T16:32:44Z"}]
[00:33:44] [DEVICE] << [2,"0bb5d412-9c6f-424e-b20d-035bd6077f2e","Heartbeat",{}]
[00:33:44] [DEVICE] >> [3,"0bb5d412-9c6f-424e-b20d-035bd6077f2e",{"currentTime":"2026-07-08T16:33:44Z"}]
[00:34:44] [DEVICE] << [2,"5081504b-b2cb-434c-9d60-510c0e4c0ab2","Heartbeat",{}]
[00:34:44] [DEVICE] >> [3,"5081504b-b2cb-434c-9d60-510c0e4c0ab2",{"currentTime":"2026-07-08T16:34:44Z"}]
[00:35:44] [DEVICE] << [2,"6d02a328-b7a9-4559-9284-9c1451289c25","Heartbeat",{}]
[00:35:44] [DEVICE] >> [3,"6d02a328-b7a9-4559-9284-9c1451289c25",{"currentTime":"2026-07-08T16:35:44Z"}]
[00:36:44] [DEVICE] << [2,"3d032ab9-e828-4ee6-8b38-6c581faa5014","Heartbeat",{}]
[00:36:44] [DEVICE] >> [3,"3d032ab9-e828-4ee6-8b38-6c581faa5014",{"currentTime":"2026-07-08T16:36:44Z"}]
[00:37:44] [DEVICE] << [2,"f078b8da-9cbc-41da-9786-5f7e5a25d9ac","Heartbeat",{}]
[00:37:44] [DEVICE] >> [3,"f078b8da-9cbc-41da-9786-5f7e5a25d9ac",{"currentTime":"2026-07-08T16:37:44Z"}]
[00:38:44] [DEVICE] << [2,"d3ab04fa-7330-4ba3-bed8-0f1a0d2c02cc","Heartbeat",{}]
[00:38:44] [DEVICE] >> [3,"d3ab04fa-7330-4ba3-bed8-0f1a0d2c02cc",{"currentTime":"2026-07-08T16:38:44Z"}]
[00:39:44] [DEVICE] << [2,"2b37339b-9759-4d24-9640-71d8cf2deb61","Heartbeat",{}]
[00:39:44] [DEVICE] >> [3,"2b37339b-9759-4d24-9640-71d8cf2deb61",{"currentTime":"2026-07-08T16:39:44Z"}]
[00:40:44] [DEVICE] << [2,"bf6a0937-a2b1-4163-866c-1aeb2fbf2e47","Heartbeat",{}]
[00:40:44] [DEVICE] >> [3,"bf6a0937-a2b1-4163-866c-1aeb2fbf2e47",{"currentTime":"2026-07-08T16:40:44Z"}]
[00:41:44] [DEVICE] << [2,"7f06b4fe-ee19-4e1b-8508-5e58099c830d","Heartbeat",{}]
[00:41:44] [DEVICE] >> [3,"7f06b4fe-ee19-4e1b-8508-5e58099c830d",{"currentTime":"2026-07-08T16:41:44Z"}]
[00:42:44] [DEVICE] << [2,"1e5e7c01-d08e-4446-ab62-14588e414c77","Heartbeat",{}]
[00:42:44] [DEVICE] >> [3,"1e5e7c01-d08e-4446-ab62-14588e414c77",{"currentTime":"2026-07-08T16:42:44Z"}]
[00:43:44] [DEVICE] << [2,"a2adcf46-9095-4c9a-a8d0-d93562a039b5","Heartbeat",{}]
[00:43:44] [DEVICE] >> [3,"a2adcf46-9095-4c9a-a8d0-d93562a039b5",{"currentTime":"2026-07-08T16:43:44Z"}]
[00:44:44] [DEVICE] << [2,"0b8513e9-59f2-439a-8896-88b158eee009","Heartbeat",{}]
[00:44:44] [DEVICE] >> [3,"0b8513e9-59f2-439a-8896-88b158eee009",{"currentTime":"2026-07-08T16:44:44Z"}]
[00:45:44] [DEVICE] << [2,"6f50bbfb-4983-4fc0-8a42-c0a721ee6d95","Heartbeat",{}]
[00:45:44] [DEVICE] >> [3,"6f50bbfb-4983-4fc0-8a42-c0a721ee6d95",{"currentTime":"2026-07-08T16:45:44Z"}]
[00:46:44] [DEVICE] << [2,"026511e0-400e-48ac-9ec5-5d482b875559","Heartbeat",{}]
[00:46:44] [DEVICE] >> [3,"026511e0-400e-48ac-9ec5-5d482b875559",{"currentTime":"2026-07-08T16:46:44Z"}]
[00:47:44] [DEVICE] << [2,"81b4dbfb-d9dd-4f65-ad40-0add2af27503","Heartbeat",{}]
[00:47:44] [DEVICE] >> [3,"81b4dbfb-d9dd-4f65-ad40-0add2af27503",{"currentTime":"2026-07-08T16:47:44Z"}]
[00:48:44] [DEVICE] << [2,"90f97a51-5137-4f61-87ce-5c5ea366b058","Heartbeat",{}]
[00:48:44] [DEVICE] >> [3,"90f97a51-5137-4f61-87ce-5c5ea366b058",{"currentTime":"2026-07-08T16:48:44Z"}]
[00:49:44] [DEVICE] << [2,"51122023-f8ea-4c65-a1c2-5778f39c8ab7","Heartbeat",{}]
[00:49:44] [DEVICE] >> [3,"51122023-f8ea-4c65-a1c2-5778f39c8ab7",{"currentTime":"2026-07-08T16:49:44Z"}]
[00:50:44] [DEVICE] << [2,"0b376f21-869a-4419-a2d6-17684368b92e","Heartbeat",{}]
[00:50:44] [DEVICE] >> [3,"0b376f21-869a-4419-a2d6-17684368b92e",{"currentTime":"2026-07-08T16:50:44Z"}]
[00:51:44] [DEVICE] << [2,"5e51ca35-841d-4f9c-8557-b3cb16c3e215","Heartbeat",{}]
[00:51:44] [DEVICE] >> [3,"5e51ca35-841d-4f9c-8557-b3cb16c3e215",{"currentTime":"2026-07-08T16:51:44Z"}]
[00:52:44] [DEVICE] << [2,"2d89f086-f2be-40dd-bf44-bf6fbbf8d270","Heartbeat",{}]
[00:52:44] [DEVICE] >> [3,"2d89f086-f2be-40dd-bf44-bf6fbbf8d270",{"currentTime":"2026-07-08T16:52:44Z"}]
[00:53:44] [DEVICE] << [2,"d2bdde4f-8675-4c3e-aa77-ae76eef608d8","Heartbeat",{}]
[00:53:44] [DEVICE] >> [3,"d2bdde4f-8675-4c3e-aa77-ae76eef608d8",{"currentTime":"2026-07-08T16:53:44Z"}]
[00:54:44] [DEVICE] << [2,"a61e4033-fee8-4312-8b7d-85c2e815077d","Heartbeat",{}]
[00:54:44] [DEVICE] >> [3,"a61e4033-fee8-4312-8b7d-85c2e815077d",{"currentTime":"2026-07-08T16:54:44Z"}]
[00:55:44] [DEVICE] << [2,"16563929-4577-48c5-94bd-c5d50045055b","Heartbeat",{}]
[00:55:44] [DEVICE] >> [3,"16563929-4577-48c5-94bd-c5d50045055b",{"currentTime":"2026-07-08T16:55:44Z"}]
[00:56:44] [DEVICE] << [2,"6ded9cb5-54c4-4beb-bf13-c30712f30cd9","Heartbeat",{}]
[00:56:44] [DEVICE] >> [3,"6ded9cb5-54c4-4beb-bf13-c30712f30cd9",{"currentTime":"2026-07-08T16:56:44Z"}]
[00:57:44] [DEVICE] << [2,"a749457a-abde-477b-a1b7-71e37e970397","Heartbeat",{}]
[00:57:44] [DEVICE] >> [3,"a749457a-abde-477b-a1b7-71e37e970397",{"currentTime":"2026-07-08T16:57:44Z"}]
[00:58:44] [DEVICE] << [2,"76b6698d-99c3-4d09-9adb-e6bf9db8310b","Heartbeat",{}]
[00:58:44] [DEVICE] >> [3,"76b6698d-99c3-4d09-9adb-e6bf9db8310b",{"currentTime":"2026-07-08T16:58:44Z"}]
[00:59:44] [DEVICE] << [2,"32747e98-d097-4296-988f-74ae69fe28e8","Heartbeat",{}]
[00:59:44] [DEVICE] >> [3,"32747e98-d097-4296-988f-74ae69fe28e8",{"currentTime":"2026-07-08T16:59:44Z"}]
[01:00:44] [DEVICE] << [2,"f49e2a1e-655d-4585-b1ad-881008ed43d5","Heartbeat",{}]
[01:00:44] [DEVICE] >> [3,"f49e2a1e-655d-4585-b1ad-881008ed43d5",{"currentTime":"2026-07-08T17:00:44Z"}]
[01:01:44] [DEVICE] << [2,"d49fccb6-d7ad-4b59-a6bd-970a8b00a873","Heartbeat",{}]
[01:01:44] [DEVICE] >> [3,"d49fccb6-d7ad-4b59-a6bd-970a8b00a873",{"currentTime":"2026-07-08T17:01:44Z"}]
[01:02:44] [DEVICE] << [2,"b4952b3b-eb8b-48a3-9a3f-b0bff2efc4c0","Heartbeat",{}]
[01:02:44] [DEVICE] >> [3,"b4952b3b-eb8b-48a3-9a3f-b0bff2efc4c0",{"currentTime":"2026-07-08T17:02:44Z"}]
[01:03:44] [DEVICE] << [2,"9c7c5533-2cf1-4eb4-89be-71b2f6942e00","Heartbeat",{}]
[01:03:44] [DEVICE] >> [3,"9c7c5533-2cf1-4eb4-89be-71b2f6942e00",{"currentTime":"2026-07-08T17:03:44Z"}]
[01:04:44] [DEVICE] << [2,"dd7dee29-0e4b-4d23-9807-6ed338562782","Heartbeat",{}]
[01:04:44] [DEVICE] >> [3,"dd7dee29-0e4b-4d23-9807-6ed338562782",{"currentTime":"2026-07-08T17:04:44Z"}]
[01:05:44] [DEVICE] << [2,"51dfd9c4-1176-4aac-a3cd-8c6eeb78b8a0","Heartbeat",{}]
[01:05:44] [DEVICE] >> [3,"51dfd9c4-1176-4aac-a3cd-8c6eeb78b8a0",{"currentTime":"2026-07-08T17:05:44Z"}]
[01:06:44] [DEVICE] << [2,"6cae1d18-1e5d-4ca6-aa5f-7716c2f2eaca","Heartbeat",{}]
[01:06:44] [DEVICE] >> [3,"6cae1d18-1e5d-4ca6-aa5f-7716c2f2eaca",{"currentTime":"2026-07-08T17:06:44Z"}]
[01:07:44] [DEVICE] << [2,"b9c1aaa7-5538-40b9-9fcf-8182b12720ce","Heartbeat",{}]
[01:07:44] [DEVICE] >> [3,"b9c1aaa7-5538-40b9-9fcf-8182b12720ce",{"currentTime":"2026-07-08T17:07:44Z"}]
[01:08:44] [DEVICE] << [2,"941d3d9f-2b46-420b-8d24-c764883b870f","Heartbeat",{}]
[01:08:44] [DEVICE] >> [3,"941d3d9f-2b46-420b-8d24-c764883b870f",{"currentTime":"2026-07-08T17:08:44Z"}]
[01:09:44] [DEVICE] << [2,"66c7d4ff-8b21-4dae-8d67-a1872ecfa72c","Heartbeat",{}]
[01:09:44] [DEVICE] >> [3,"66c7d4ff-8b21-4dae-8d67-a1872ecfa72c",{"currentTime":"2026-07-08T17:09:44Z"}]
[01:10:44] [DEVICE] << [2,"b3d4a0f8-4e64-4727-870a-bd8003c98dda","Heartbeat",{}]
[01:10:44] [DEVICE] >> [3,"b3d4a0f8-4e64-4727-870a-bd8003c98dda",{"currentTime":"2026-07-08T17:10:44Z"}]
[01:11:44] [DEVICE] << [2,"768d769b-d8bb-4939-8c30-cbccf78119e7","Heartbeat",{}]
[01:11:44] [DEVICE] >> [3,"768d769b-d8bb-4939-8c30-cbccf78119e7",{"currentTime":"2026-07-08T17:11:44Z"}]
[01:12:44] [DEVICE] << [2,"72b8a2bb-01d8-4530-b88f-a49a2a6e6e43","Heartbeat",{}]
[01:12:45] [DEVICE] >> [3,"72b8a2bb-01d8-4530-b88f-a49a2a6e6e43",{"currentTime":"2026-07-08T17:12:45Z"}]
[01:13:44] [DEVICE] << [2,"c8240a55-7752-4502-a676-1b888159491a","Heartbeat",{}]
[01:13:45] [DEVICE] >> [3,"c8240a55-7752-4502-a676-1b888159491a",{"currentTime":"2026-07-08T17:13:45Z"}]
[01:14:44] [DEVICE] << [2,"1f4bb0c1-30f8-466a-b5c4-ae7ca40d1e81","Heartbeat",{}]
[01:14:45] [DEVICE] >> [3,"1f4bb0c1-30f8-466a-b5c4-ae7ca40d1e81",{"currentTime":"2026-07-08T17:14:45Z"}]
[01:15:44] [DEVICE] << [2,"7d475935-9ff9-4310-90de-4eddad647718","Heartbeat",{}]
[01:15:45] [DEVICE] >> [3,"7d475935-9ff9-4310-90de-4eddad647718",{"currentTime":"2026-07-08T17:15:45Z"}]
[01:16:45] [DEVICE] << [2,"6cd6e527-066b-48f3-96b8-9586609b06fd","Heartbeat",{}]
[01:16:45] [DEVICE] >> [3,"6cd6e527-066b-48f3-96b8-9586609b06fd",{"currentTime":"2026-07-08T17:16:45Z"}]
[01:17:45] [DEVICE] << [2,"4c71c884-8d6e-4a3e-8215-ea6ecc6e689c","Heartbeat",{}]
[01:17:45] [DEVICE] >> [3,"4c71c884-8d6e-4a3e-8215-ea6ecc6e689c",{"currentTime":"2026-07-08T17:17:45Z"}]
[01:18:45] [DEVICE] << [2,"e9768955-51ca-4d01-a230-2bfc53c8c02e","Heartbeat",{}]
[01:18:45] [DEVICE] >> [3,"e9768955-51ca-4d01-a230-2bfc53c8c02e",{"currentTime":"2026-07-08T17:18:45Z"}]
[01:19:45] [DEVICE] << [2,"8c641854-6037-4289-9d6d-889ed4cfe95e","Heartbeat",{}]
[01:19:45] [DEVICE] >> [3,"8c641854-6037-4289-9d6d-889ed4cfe95e",{"currentTime":"2026-07-08T17:19:45Z"}]
[01:20:45] [DEVICE] << [2,"ab4dd82e-51ff-4e01-a05d-72d53d6e67b4","Heartbeat",{}]
[01:20:45] [DEVICE] >> [3,"ab4dd82e-51ff-4e01-a05d-72d53d6e67b4",{"currentTime":"2026-07-08T17:20:45Z"}]
[01:21:45] [DEVICE] << [2,"875f8e17-2ed8-4a01-9b4a-2eb570738dba","Heartbeat",{}]
[01:21:45] [DEVICE] >> [3,"875f8e17-2ed8-4a01-9b4a-2eb570738dba",{"currentTime":"2026-07-08T17:21:45Z"}]
[01:22:45] [DEVICE] << [2,"318d8d29-080d-4199-b7eb-29bdc1af8604","Heartbeat",{}]
[01:22:45] [DEVICE] >> [3,"318d8d29-080d-4199-b7eb-29bdc1af8604",{"currentTime":"2026-07-08T17:22:45Z"}]
[01:23:45] [DEVICE] << [2,"a9e0ff0d-7f7f-466d-8215-de1eddd4671e","Heartbeat",{}]
[01:23:45] [DEVICE] >> [3,"a9e0ff0d-7f7f-466d-8215-de1eddd4671e",{"currentTime":"2026-07-08T17:23:45Z"}]
[01:24:45] [DEVICE] << [2,"18db266f-4782-41fc-9197-5f6a0dd0f80e","Heartbeat",{}]
[01:24:45] [DEVICE] >> [3,"18db266f-4782-41fc-9197-5f6a0dd0f80e",{"currentTime":"2026-07-08T17:24:45Z"}]
[01:25:45] [DEVICE] << [2,"98378553-cff3-45bd-b9fb-d0106a806676","Heartbeat",{}]
[01:25:45] [DEVICE] >> [3,"98378553-cff3-45bd-b9fb-d0106a806676",{"currentTime":"2026-07-08T17:25:45Z"}]
[01:26:45] [DEVICE] << [2,"70e268c2-d0ac-49ce-908f-b5a542ef3ca0","Heartbeat",{}]
[01:26:45] [DEVICE] >> [3,"70e268c2-d0ac-49ce-908f-b5a542ef3ca0",{"currentTime":"2026-07-08T17:26:45Z"}]
[01:27:45] [DEVICE] << [2,"8da4a9bc-fd9c-4551-8330-c37e37449ffe","Heartbeat",{}]
[01:27:45] [DEVICE] >> [3,"8da4a9bc-fd9c-4551-8330-c37e37449ffe",{"currentTime":"2026-07-08T17:27:45Z"}]
[01:28:45] [DEVICE] << [2,"8677dff3-16c2-4795-a91e-49a7ab0fe2a3","Heartbeat",{}]
[01:28:45] [DEVICE] >> [3,"8677dff3-16c2-4795-a91e-49a7ab0fe2a3",{"currentTime":"2026-07-08T17:28:45Z"}]
[01:29:45] [DEVICE] << [2,"1d72acaa-8165-4e60-a840-e206e59f274f","Heartbeat",{}]
[01:29:45] [DEVICE] >> [3,"1d72acaa-8165-4e60-a840-e206e59f274f",{"currentTime":"2026-07-08T17:29:45Z"}]
[01:30:45] [DEVICE] << [2,"5aae3b1b-0290-42d4-ada0-0c77ae57c9a5","Heartbeat",{}]
[01:30:45] [DEVICE] >> [3,"5aae3b1b-0290-42d4-ada0-0c77ae57c9a5",{"currentTime":"2026-07-08T17:30:45Z"}]
[01:31:45] [DEVICE] << [2,"0f3e629a-1b39-44c6-ac7b-e18bc9e1bd90","Heartbeat",{}]
[01:31:45] [DEVICE] >> [3,"0f3e629a-1b39-44c6-ac7b-e18bc9e1bd90",{"currentTime":"2026-07-08T17:31:45Z"}]
[01:32:45] [DEVICE] << [2,"1d67ec4a-1066-4548-8c2c-428c07091e8a","Heartbeat",{}]
[01:32:45] [DEVICE] >> [3,"1d67ec4a-1066-4548-8c2c-428c07091e8a",{"currentTime":"2026-07-08T17:32:45Z"}]
[01:33:45] [DEVICE] << [2,"d3baeb5e-1233-4f16-b308-65421296f3fe","Heartbeat",{}]
[01:33:45] [DEVICE] >> [3,"d3baeb5e-1233-4f16-b308-65421296f3fe",{"currentTime":"2026-07-08T17:33:45Z"}]
[01:34:45] [DEVICE] << [2,"eec07e9a-179f-4b2e-a8f1-d19def0b4e3d","Heartbeat",{}]
[01:34:45] [DEVICE] >> [3,"eec07e9a-179f-4b2e-a8f1-d19def0b4e3d",{"currentTime":"2026-07-08T17:34:45Z"}]
[01:35:45] [DEVICE] << [2,"f360473c-a9dc-4253-bdfd-93e6ae0251c7","Heartbeat",{}]
[01:35:45] [DEVICE] >> [3,"f360473c-a9dc-4253-bdfd-93e6ae0251c7",{"currentTime":"2026-07-08T17:35:45Z"}]
[01:36:45] [DEVICE] << [2,"a8dd1fdb-11e5-4ba2-8c12-c19248e7718d","Heartbeat",{}]
[01:36:45] [DEVICE] >> [3,"a8dd1fdb-11e5-4ba2-8c12-c19248e7718d",{"currentTime":"2026-07-08T17:36:45Z"}]
[01:37:45] [DEVICE] << [2,"8b75d32c-b1c3-4b26-b6fe-03adad8e80d6","Heartbeat",{}]
[01:37:45] [DEVICE] >> [3,"8b75d32c-b1c3-4b26-b6fe-03adad8e80d6",{"currentTime":"2026-07-08T17:37:45Z"}]
[01:38:45] [DEVICE] << [2,"d320d93f-c497-4d6c-80d4-edbf10d7c149","Heartbeat",{}]
[01:38:45] [DEVICE] >> [3,"d320d93f-c497-4d6c-80d4-edbf10d7c149",{"currentTime":"2026-07-08T17:38:45Z"}]
[01:39:45] [DEVICE] << [2,"4c855c72-9d59-465d-ac7f-85ea992aff8e","Heartbeat",{}]
[01:39:45] [DEVICE] >> [3,"4c855c72-9d59-465d-ac7f-85ea992aff8e",{"currentTime":"2026-07-08T17:39:45Z"}]
[01:40:45] [DEVICE] << [2,"e0bc1225-827e-4f6c-9c95-da86dca25749","Heartbeat",{}]
[01:40:45] [DEVICE] >> [3,"e0bc1225-827e-4f6c-9c95-da86dca25749",{"currentTime":"2026-07-08T17:40:45Z"}]
[01:41:45] [DEVICE] << [2,"f6bcf53d-df75-464f-a8fc-c907d25c04ce","Heartbeat",{}]
[01:41:45] [DEVICE] >> [3,"f6bcf53d-df75-464f-a8fc-c907d25c04ce",{"currentTime":"2026-07-08T17:41:45Z"}]
[01:42:45] [DEVICE] << [2,"16a61c91-8b3b-42fb-bcac-9b460b4401a9","Heartbeat",{}]
[01:42:45] [DEVICE] >> [3,"16a61c91-8b3b-42fb-bcac-9b460b4401a9",{"currentTime":"2026-07-08T17:42:45Z"}]
[01:43:45] [DEVICE] << [2,"aed4a24c-a442-469c-a21d-6eff6a75f441","Heartbeat",{}]
[01:43:45] [DEVICE] >> [3,"aed4a24c-a442-469c-a21d-6eff6a75f441",{"currentTime":"2026-07-08T17:43:45Z"}]
[01:44:45] [DEVICE] << [2,"9bd5b5e6-9a62-4872-9aa7-f24c6505bf82","Heartbeat",{}]
[01:44:45] [DEVICE] >> [3,"9bd5b5e6-9a62-4872-9aa7-f24c6505bf82",{"currentTime":"2026-07-08T17:44:45Z"}]
[01:45:45] [DEVICE] << [2,"450d4ada-fa10-4ae4-bb25-772109eea5e8","Heartbeat",{}]
[01:45:45] [DEVICE] >> [3,"450d4ada-fa10-4ae4-bb25-772109eea5e8",{"currentTime":"2026-07-08T17:45:45Z"}]
[01:46:45] [DEVICE] << [2,"3933c7b0-f2af-4d78-950a-3f0c9dd5a8ba","Heartbeat",{}]
[01:46:45] [DEVICE] >> [3,"3933c7b0-f2af-4d78-950a-3f0c9dd5a8ba",{"currentTime":"2026-07-08T17:46:45Z"}]
[01:47:45] [DEVICE] << [2,"1a4accca-050f-4a91-8f72-8f6fa783aa98","Heartbeat",{}]
[01:47:45] [DEVICE] >> [3,"1a4accca-050f-4a91-8f72-8f6fa783aa98",{"currentTime":"2026-07-08T17:47:45Z"}]
[01:48:45] [DEVICE] << [2,"c299f5b7-ebbb-46ca-9937-353e33857c06","Heartbeat",{}]
[01:48:45] [DEVICE] >> [3,"c299f5b7-ebbb-46ca-9937-353e33857c06",{"currentTime":"2026-07-08T17:48:45Z"}]
[01:49:45] [DEVICE] << [2,"9ce7269d-f2a9-433b-b951-f83597dabd73","Heartbeat",{}]
[01:49:45] [DEVICE] >> [3,"9ce7269d-f2a9-433b-b951-f83597dabd73",{"currentTime":"2026-07-08T17:49:45Z"}]
[01:50:45] [DEVICE] << [2,"47b154cc-d8b8-412c-8215-f8d6de02e217","Heartbeat",{}]
[01:50:45] [DEVICE] >> [3,"47b154cc-d8b8-412c-8215-f8d6de02e217",{"currentTime":"2026-07-08T17:50:45Z"}]
[01:51:45] [DEVICE] << [2,"7421654b-8ab7-4c4e-805f-82cefea7a39e","Heartbeat",{}]
[01:51:45] [DEVICE] >> [3,"7421654b-8ab7-4c4e-805f-82cefea7a39e",{"currentTime":"2026-07-08T17:51:45Z"}]
[01:52:45] [DEVICE] << [2,"2aad2867-672f-4959-a9cb-a0656fb95fdb","Heartbeat",{}]
[01:52:45] [DEVICE] >> [3,"2aad2867-672f-4959-a9cb-a0656fb95fdb",{"currentTime":"2026-07-08T17:52:45Z"}]
[01:53:45] [DEVICE] << [2,"e18d694e-6349-4c47-9435-b58ac70d0dbd","Heartbeat",{}]
[01:53:45] [DEVICE] >> [3,"e18d694e-6349-4c47-9435-b58ac70d0dbd",{"currentTime":"2026-07-08T17:53:45Z"}]
[01:54:45] [DEVICE] << [2,"32c12b32-6ae6-4ee4-838a-299c9fbbbf98","Heartbeat",{}]
[01:54:45] [DEVICE] >> [3,"32c12b32-6ae6-4ee4-838a-299c9fbbbf98",{"currentTime":"2026-07-08T17:54:45Z"}]
[01:55:45] [DEVICE] << [2,"ba6c4160-8404-4b25-8e87-e4fe2b9120bf","Heartbeat",{}]
[01:55:45] [DEVICE] >> [3,"ba6c4160-8404-4b25-8e87-e4fe2b9120bf",{"currentTime":"2026-07-08T17:55:45Z"}]
[01:56:45] [DEVICE] << [2,"db28f8ff-38cf-4d3f-bc8d-3279bbf45959","Heartbeat",{}]
[01:56:45] [DEVICE] >> [3,"db28f8ff-38cf-4d3f-bc8d-3279bbf45959",{"currentTime":"2026-07-08T17:56:45Z"}]
[01:57:45] [DEVICE] << [2,"37a7a977-69e3-4a2c-961d-107dc2ba304b","Heartbeat",{}]
[01:57:45] [DEVICE] >> [3,"37a7a977-69e3-4a2c-961d-107dc2ba304b",{"currentTime":"2026-07-08T17:57:45Z"}]
[01:58:45] [DEVICE] << [2,"b08468ed-6ed6-49cb-8dd5-99c62a439747","Heartbeat",{}]
[01:58:45] [DEVICE] >> [3,"b08468ed-6ed6-49cb-8dd5-99c62a439747",{"currentTime":"2026-07-08T17:58:45Z"}]
[01:59:45] [DEVICE] << [2,"d87acd44-718d-48a8-a9a0-0896fba8c98a","Heartbeat",{}]
[01:59:45] [DEVICE] >> [3,"d87acd44-718d-48a8-a9a0-0896fba8c98a",{"currentTime":"2026-07-08T17:59:45Z"}]
[02:00:45] [DEVICE] << [2,"86e07b6c-4951-468d-bad9-94bb272745de","Heartbeat",{}]
[02:00:45] [DEVICE] >> [3,"86e07b6c-4951-468d-bad9-94bb272745de",{"currentTime":"2026-07-08T18:00:45Z"}]
[02:01:45] [DEVICE] << [2,"3d64446b-4cff-47f4-84bd-de1f5ede0886","Heartbeat",{}]
[02:01:46] [DEVICE] >> [3,"3d64446b-4cff-47f4-84bd-de1f5ede0886",{"currentTime":"2026-07-08T18:01:46Z"}]
[02:02:45] [DEVICE] << [2,"a1db1c16-943d-499b-a373-005f29302464","Heartbeat",{}]
[02:02:45] [DEVICE] >> [3,"a1db1c16-943d-499b-a373-005f29302464",{"currentTime":"2026-07-08T18:02:45Z"}]
[02:03:45] [DEVICE] << [2,"77b27e8f-b76f-4674-a177-555c698a46b1","Heartbeat",{}]
[02:03:45] [DEVICE] >> [3,"77b27e8f-b76f-4674-a177-555c698a46b1",{"currentTime":"2026-07-08T18:03:45Z"}]
[02:04:45] [DEVICE] << [2,"5c8da281-f6ec-4560-8d48-fb39cdfd978f","Heartbeat",{}]
[02:04:46] [DEVICE] >> [3,"5c8da281-f6ec-4560-8d48-fb39cdfd978f",{"currentTime":"2026-07-08T18:04:46Z"}]
[02:05:45] [DEVICE] << [2,"f7ef44f6-2a1b-4663-abac-5278f6106f8e","Heartbeat",{}]
[02:05:46] [DEVICE] >> [3,"f7ef44f6-2a1b-4663-abac-5278f6106f8e",{"currentTime":"2026-07-08T18:05:46Z"}]
[02:06:45] [DEVICE] << [2,"dc85d10d-bd6c-42b7-8706-ad6ecfc7b84c","Heartbeat",{}]
[02:06:46] [DEVICE] >> [3,"dc85d10d-bd6c-42b7-8706-ad6ecfc7b84c",{"currentTime":"2026-07-08T18:06:46Z"}]
[02:07:46] [DEVICE] << [2,"3bb9aad2-dee3-4446-b8b0-084ecbaa999b","Heartbeat",{}]
[02:07:46] [DEVICE] >> [3,"3bb9aad2-dee3-4446-b8b0-084ecbaa999b",{"currentTime":"2026-07-08T18:07:46Z"}]
[02:08:46] [DEVICE] << [2,"93a395c3-8e67-446e-9fda-79ddc0812a95","Heartbeat",{}]
[02:08:46] [DEVICE] >> [3,"93a395c3-8e67-446e-9fda-79ddc0812a95",{"currentTime":"2026-07-08T18:08:46Z"}]
[02:09:46] [DEVICE] << [2,"dc616717-4b5e-4529-bead-ce335ef82306","Heartbeat",{}]
[02:09:46] [DEVICE] >> [3,"dc616717-4b5e-4529-bead-ce335ef82306",{"currentTime":"2026-07-08T18:09:46Z"}]
[02:10:46] [DEVICE] << [2,"8a540a1b-5868-49bb-b236-607527b64318","Heartbeat",{}]
[02:10:46] [DEVICE] >> [3,"8a540a1b-5868-49bb-b236-607527b64318",{"currentTime":"2026-07-08T18:10:46Z"}]
[02:11:46] [DEVICE] << [2,"648a55a7-c56f-4682-b988-6153fbc6d709","Heartbeat",{}]
[02:11:46] [DEVICE] >> [3,"648a55a7-c56f-4682-b988-6153fbc6d709",{"currentTime":"2026-07-08T18:11:46Z"}]
[02:12:46] [DEVICE] << [2,"fbe59b8f-4a67-4268-831b-6aa94cb09ce1","Heartbeat",{}]
[02:12:46] [DEVICE] >> [3,"fbe59b8f-4a67-4268-831b-6aa94cb09ce1",{"currentTime":"2026-07-08T18:12:46Z"}]
[02:13:46] [DEVICE] << [2,"957f1af6-fd04-42c8-ae33-1434c5c18dc5","Heartbeat",{}]
[02:13:46] [DEVICE] >> [3,"957f1af6-fd04-42c8-ae33-1434c5c18dc5",{"currentTime":"2026-07-08T18:13:46Z"}]
[02:14:46] [DEVICE] << [2,"3e9622af-fcdb-4d14-9d36-72f0b6ce56e0","Heartbeat",{}]
[02:14:46] [DEVICE] >> [3,"3e9622af-fcdb-4d14-9d36-72f0b6ce56e0",{"currentTime":"2026-07-08T18:14:46Z"}]
[02:15:46] [DEVICE] << [2,"a23376f2-6f4b-49b8-aa31-166a0c7f0d79","Heartbeat",{}]
[02:15:46] [DEVICE] >> [3,"a23376f2-6f4b-49b8-aa31-166a0c7f0d79",{"currentTime":"2026-07-08T18:15:46Z"}]
[02:16:46] [DEVICE] << [2,"1d1bcbc4-3cc4-441f-a684-0cfdc92a3fbe","Heartbeat",{}]
[02:16:46] [DEVICE] >> [3,"1d1bcbc4-3cc4-441f-a684-0cfdc92a3fbe",{"currentTime":"2026-07-08T18:16:46Z"}]
[02:17:46] [DEVICE] << [2,"40cb3fce-c1a0-456c-bf3c-51baf30e244f","Heartbeat",{}]
[02:17:46] [DEVICE] >> [3,"40cb3fce-c1a0-456c-bf3c-51baf30e244f",{"currentTime":"2026-07-08T18:17:46Z"}]
[02:18:46] [DEVICE] << [2,"71b48ae4-f208-4390-b1bd-9e16bab95d7b","Heartbeat",{}]
[02:18:46] [DEVICE] >> [3,"71b48ae4-f208-4390-b1bd-9e16bab95d7b",{"currentTime":"2026-07-08T18:18:46Z"}]
[02:19:46] [DEVICE] << [2,"60cc74db-e47f-4bea-82d4-13aeebf59d1b","Heartbeat",{}]
[02:19:46] [DEVICE] >> [3,"60cc74db-e47f-4bea-82d4-13aeebf59d1b",{"currentTime":"2026-07-08T18:19:46Z"}]
[02:20:46] [DEVICE] << [2,"1efceb90-a159-4c02-842e-c225690146e4","Heartbeat",{}]
[02:20:46] [DEVICE] >> [3,"1efceb90-a159-4c02-842e-c225690146e4",{"currentTime":"2026-07-08T18:20:46Z"}]
[02:21:46] [DEVICE] << [2,"e309ccda-2664-451f-88e3-9819f8d0da0e","Heartbeat",{}]
[02:21:46] [DEVICE] >> [3,"e309ccda-2664-451f-88e3-9819f8d0da0e",{"currentTime":"2026-07-08T18:21:46Z"}]
[02:22:46] [DEVICE] << [2,"64d82889-fa8c-4774-81c0-9811f98253e2","Heartbeat",{}]
[02:22:46] [DEVICE] >> [3,"64d82889-fa8c-4774-81c0-9811f98253e2",{"currentTime":"2026-07-08T18:22:46Z"}]
[02:23:46] [DEVICE] << [2,"0a0bbf5a-d428-45e6-9564-230f16cad22c","Heartbeat",{}]
[02:23:46] [DEVICE] >> [3,"0a0bbf5a-d428-45e6-9564-230f16cad22c",{"currentTime":"2026-07-08T18:23:46Z"}]
[02:24:46] [DEVICE] << [2,"91efa840-6c47-4eb5-82da-da7ec5898eb8","Heartbeat",{}]
[02:24:46] [DEVICE] >> [3,"91efa840-6c47-4eb5-82da-da7ec5898eb8",{"currentTime":"2026-07-08T18:24:46Z"}]
[02:25:46] [DEVICE] << [2,"a0bb1cf5-5035-4d20-81cc-e16cf8a2083d","Heartbeat",{}]
[02:25:46] [DEVICE] >> [3,"a0bb1cf5-5035-4d20-81cc-e16cf8a2083d",{"currentTime":"2026-07-08T18:25:46Z"}]
[02:26:46] [DEVICE] << [2,"fb71ccb4-7f80-4ea9-ae0c-2ab9ace6a128","Heartbeat",{}]
[02:26:46] [DEVICE] >> [3,"fb71ccb4-7f80-4ea9-ae0c-2ab9ace6a128",{"currentTime":"2026-07-08T18:26:46Z"}]
[02:27:46] [DEVICE] << [2,"64965f3f-bb50-424e-ad76-059a84c9df68","Heartbeat",{}]
[02:27:46] [DEVICE] >> [3,"64965f3f-bb50-424e-ad76-059a84c9df68",{"currentTime":"2026-07-08T18:27:46Z"}]
[02:28:46] [DEVICE] << [2,"98d6da10-62c2-4923-aba4-3a498cbbe52b","Heartbeat",{}]
[02:28:46] [DEVICE] >> [3,"98d6da10-62c2-4923-aba4-3a498cbbe52b",{"currentTime":"2026-07-08T18:28:46Z"}]
[02:29:46] [DEVICE] << [2,"179eda9d-b27c-4215-927e-5a0aab3ee165","Heartbeat",{}]
[02:29:46] [DEVICE] >> [3,"179eda9d-b27c-4215-927e-5a0aab3ee165",{"currentTime":"2026-07-08T18:29:46Z"}]
[02:30:46] [DEVICE] << [2,"c87e1d26-c600-42bc-a280-c49cd6e0fbb1","Heartbeat",{}]
[02:30:46] [DEVICE] >> [3,"c87e1d26-c600-42bc-a280-c49cd6e0fbb1",{"currentTime":"2026-07-08T18:30:46Z"}]
[02:31:46] [DEVICE] << [2,"1d4e628c-2e51-4c01-a1d2-f22d71812310","Heartbeat",{}]
[02:31:46] [DEVICE] >> [3,"1d4e628c-2e51-4c01-a1d2-f22d71812310",{"currentTime":"2026-07-08T18:31:46Z"}]
[02:32:46] [DEVICE] << [2,"bfca8f3b-b4a1-4d36-bfd2-19a46f59d68d","Heartbeat",{}]
[02:32:46] [DEVICE] >> [3,"bfca8f3b-b4a1-4d36-bfd2-19a46f59d68d",{"currentTime":"2026-07-08T18:32:46Z"}]
[02:33:46] [DEVICE] << [2,"1fb70ea8-f5b4-4e68-8942-c6a05f5c1d3e","Heartbeat",{}]
[02:33:46] [DEVICE] >> [3,"1fb70ea8-f5b4-4e68-8942-c6a05f5c1d3e",{"currentTime":"2026-07-08T18:33:46Z"}]
[02:34:46] [DEVICE] << [2,"080e4916-0cac-4b96-8cd9-d7d6e1543663","Heartbeat",{}]
[02:34:46] [DEVICE] >> [3,"080e4916-0cac-4b96-8cd9-d7d6e1543663",{"currentTime":"2026-07-08T18:34:46Z"}]
[02:35:46] [DEVICE] << [2,"72120b2f-5344-4b78-bb22-738fb433aaa1","Heartbeat",{}]
[02:35:46] [DEVICE] >> [3,"72120b2f-5344-4b78-bb22-738fb433aaa1",{"currentTime":"2026-07-08T18:35:46Z"}]
[02:36:46] [DEVICE] << [2,"4b660707-a738-4072-8216-3ccc2a930dd2","Heartbeat",{}]
[02:36:46] [DEVICE] >> [3,"4b660707-a738-4072-8216-3ccc2a930dd2",{"currentTime":"2026-07-08T18:36:46Z"}]
[02:37:46] [DEVICE] << [2,"bd38ba36-986d-47c4-aceb-769a2948fc52","Heartbeat",{}]
[02:37:46] [DEVICE] >> [3,"bd38ba36-986d-47c4-aceb-769a2948fc52",{"currentTime":"2026-07-08T18:37:46Z"}]
[02:38:46] [DEVICE] << [2,"471a5e63-937a-47e5-b719-16171d59b0ed","Heartbeat",{}]
[02:38:46] [DEVICE] >> [3,"471a5e63-937a-47e5-b719-16171d59b0ed",{"currentTime":"2026-07-08T18:38:46Z"}]
[02:39:46] [DEVICE] << [2,"78f8b675-0bd9-4905-8b43-d81c4003e566","Heartbeat",{}]
[02:39:46] [DEVICE] >> [3,"78f8b675-0bd9-4905-8b43-d81c4003e566",{"currentTime":"2026-07-08T18:39:46Z"}]
[02:40:46] [DEVICE] << [2,"d44d63d6-d3e1-401c-a036-5953aac69990","Heartbeat",{}]
[02:40:46] [DEVICE] >> [3,"d44d63d6-d3e1-401c-a036-5953aac69990",{"currentTime":"2026-07-08T18:40:46Z"}]
[02:41:46] [DEVICE] << [2,"3cf6a847-2856-4989-867d-aa2bededde1a","Heartbeat",{}]
[02:41:46] [DEVICE] >> [3,"3cf6a847-2856-4989-867d-aa2bededde1a",{"currentTime":"2026-07-08T18:41:46Z"}]
[02:42:46] [DEVICE] << [2,"be3abb16-73fd-423c-beb0-50f3ce2c95f6","Heartbeat",{}]
[02:42:46] [DEVICE] >> [3,"be3abb16-73fd-423c-beb0-50f3ce2c95f6",{"currentTime":"2026-07-08T18:42:46Z"}]
[02:43:46] [DEVICE] << [2,"08122818-e2ee-4eef-8734-ef7a14aad96d","Heartbeat",{}]
[02:43:46] [DEVICE] >> [3,"08122818-e2ee-4eef-8734-ef7a14aad96d",{"currentTime":"2026-07-08T18:43:46Z"}]
[02:44:46] [DEVICE] << [2,"657e42e2-f94f-4f1b-bcbd-ab5f837c9722","Heartbeat",{}]
[02:44:46] [DEVICE] >> [3,"657e42e2-f94f-4f1b-bcbd-ab5f837c9722",{"currentTime":"2026-07-08T18:44:46Z"}]
[02:45:46] [DEVICE] << [2,"c3b471f9-b210-49b3-86af-97f1e9f614e9","Heartbeat",{}]
[02:45:46] [DEVICE] >> [3,"c3b471f9-b210-49b3-86af-97f1e9f614e9",{"currentTime":"2026-07-08T18:45:46Z"}]
[02:46:46] [DEVICE] << [2,"1379ec57-5c39-4ef8-b4d9-fc4aa486dfb4","Heartbeat",{}]
[02:46:46] [DEVICE] >> [3,"1379ec57-5c39-4ef8-b4d9-fc4aa486dfb4",{"currentTime":"2026-07-08T18:46:46Z"}]
[02:47:46] [DEVICE] << [2,"b641b542-1dcd-4f49-b09e-cc42d72fb52e","Heartbeat",{}]
[02:47:46] [DEVICE] >> [3,"b641b542-1dcd-4f49-b09e-cc42d72fb52e",{"currentTime":"2026-07-08T18:47:46Z"}]
[02:48:46] [DEVICE] << [2,"611a8b98-0b33-4fb5-ad3c-6aebc490bc35","Heartbeat",{}]
[02:48:46] [DEVICE] >> [3,"611a8b98-0b33-4fb5-ad3c-6aebc490bc35",{"currentTime":"2026-07-08T18:48:46Z"}]
[02:49:46] [DEVICE] << [2,"d8bc3300-cd6d-4ba9-b591-fee8f32a36f5","Heartbeat",{}]
[02:49:46] [DEVICE] >> [3,"d8bc3300-cd6d-4ba9-b591-fee8f32a36f5",{"currentTime":"2026-07-08T18:49:46Z"}]
[02:50:46] [DEVICE] << [2,"36f31cc8-95d0-4689-a052-0f6ad47c4088","Heartbeat",{}]
[02:50:46] [DEVICE] >> [3,"36f31cc8-95d0-4689-a052-0f6ad47c4088",{"currentTime":"2026-07-08T18:50:46Z"}]
[02:51:46] [DEVICE] << [2,"9c20df8a-1d59-4723-b226-7459c2d464aa","Heartbeat",{}]
[02:51:46] [DEVICE] >> [3,"9c20df8a-1d59-4723-b226-7459c2d464aa",{"currentTime":"2026-07-08T18:51:46Z"}]
[02:52:46] [DEVICE] << [2,"4b69199a-388b-4803-a1c5-9fcd8c9b47e0","Heartbeat",{}]
[02:52:46] [DEVICE] >> [3,"4b69199a-388b-4803-a1c5-9fcd8c9b47e0",{"currentTime":"2026-07-08T18:52:46Z"}]
[02:53:46] [DEVICE] << [2,"ee88439a-bb09-40b5-a0aa-66ac57a788e2","Heartbeat",{}]
[02:53:46] [DEVICE] >> [3,"ee88439a-bb09-40b5-a0aa-66ac57a788e2",{"currentTime":"2026-07-08T18:53:46Z"}]
[02:54:46] [DEVICE] << [2,"fb51f2e5-306f-4de2-94f7-f436c2747dc0","Heartbeat",{}]
[02:54:47] [DEVICE] >> [3,"fb51f2e5-306f-4de2-94f7-f436c2747dc0",{"currentTime":"2026-07-08T18:54:47Z"}]
[02:55:46] [DEVICE] << [2,"1d53dd05-060f-43c4-a490-e8c555f7d0c5","Heartbeat",{}]
[02:55:47] [DEVICE] >> [3,"1d53dd05-060f-43c4-a490-e8c555f7d0c5",{"currentTime":"2026-07-08T18:55:47Z"}]
[02:56:46] [DEVICE] << [2,"12421e59-15c0-4efc-bc93-86cd33cea697","Heartbeat",{}]
[02:56:47] [DEVICE] >> [3,"12421e59-15c0-4efc-bc93-86cd33cea697",{"currentTime":"2026-07-08T18:56:47Z"}]
[02:57:46] [DEVICE] << [2,"c7904d4b-d35b-450f-b31f-07714b79e2d1","Heartbeat",{}]
[02:57:47] [DEVICE] >> [3,"c7904d4b-d35b-450f-b31f-07714b79e2d1",{"currentTime":"2026-07-08T18:57:47Z"}]
[02:58:47] [DEVICE] << [2,"d697274a-ba2a-4f1c-8f56-8bfaed5fc093","Heartbeat",{}]
[02:58:47] [DEVICE] >> [3,"d697274a-ba2a-4f1c-8f56-8bfaed5fc093",{"currentTime":"2026-07-08T18:58:47Z"}]
[02:59:47] [DEVICE] << [2,"eb0cfe41-d890-4c7c-8fef-aee31c1b1a7d","Heartbeat",{}]
[02:59:47] [DEVICE] >> [3,"eb0cfe41-d890-4c7c-8fef-aee31c1b1a7d",{"currentTime":"2026-07-08T18:59:47Z"}]
[03:00:47] [DEVICE] << [2,"43003d93-bf1f-4421-a6f5-f20650d79cc2","Heartbeat",{}]
[03:00:47] [DEVICE] >> [3,"43003d93-bf1f-4421-a6f5-f20650d79cc2",{"currentTime":"2026-07-08T19:00:47Z"}]
[03:01:47] [DEVICE] << [2,"227bef77-9fb2-41ac-8086-a089ea977708","Heartbeat",{}]
[03:01:47] [DEVICE] >> [3,"227bef77-9fb2-41ac-8086-a089ea977708",{"currentTime":"2026-07-08T19:01:47Z"}]
[03:02:47] [DEVICE] << [2,"fec44bbd-14eb-48f7-8d99-a14f63914fa5","Heartbeat",{}]
[03:02:47] [DEVICE] >> [3,"fec44bbd-14eb-48f7-8d99-a14f63914fa5",{"currentTime":"2026-07-08T19:02:47Z"}]
[03:03:47] [DEVICE] << [2,"737bc630-d9af-485d-a2e7-7fbf6eb0f59f","Heartbeat",{}]
[03:03:47] [DEVICE] >> [3,"737bc630-d9af-485d-a2e7-7fbf6eb0f59f",{"currentTime":"2026-07-08T19:03:47Z"}]
[03:04:47] [DEVICE] << [2,"9e9bdc5f-30f4-4e37-b02e-5a18b6c047f0","Heartbeat",{}]
[03:04:47] [DEVICE] >> [3,"9e9bdc5f-30f4-4e37-b02e-5a18b6c047f0",{"currentTime":"2026-07-08T19:04:47Z"}]
[03:05:47] [DEVICE] << [2,"8624772b-a003-482d-919d-12845055a981","Heartbeat",{}]
[03:05:47] [DEVICE] >> [3,"8624772b-a003-482d-919d-12845055a981",{"currentTime":"2026-07-08T19:05:47Z"}]
[03:06:47] [DEVICE] << [2,"a5ffb2d3-ba87-42cd-b764-cc20a8f44b97","Heartbeat",{}]
[03:06:47] [DEVICE] >> [3,"a5ffb2d3-ba87-42cd-b764-cc20a8f44b97",{"currentTime":"2026-07-08T19:06:47Z"}]
[03:07:47] [DEVICE] << [2,"88a03802-70df-4b11-904b-9c3653862db9","Heartbeat",{}]
[03:07:47] [DEVICE] >> [3,"88a03802-70df-4b11-904b-9c3653862db9",{"currentTime":"2026-07-08T19:07:47Z"}]
[03:08:47] [DEVICE] << [2,"ca1a64f8-f6be-4c71-99c9-d31b6409d814","Heartbeat",{}]
[03:08:47] [DEVICE] >> [3,"ca1a64f8-f6be-4c71-99c9-d31b6409d814",{"currentTime":"2026-07-08T19:08:47Z"}]
[03:09:47] [DEVICE] << [2,"a372c67e-e408-4a0c-a56b-e4ad0922f493","Heartbeat",{}]
[03:09:47] [DEVICE] >> [3,"a372c67e-e408-4a0c-a56b-e4ad0922f493",{"currentTime":"2026-07-08T19:09:47Z"}]
[03:10:47] [DEVICE] << [2,"ac50053c-e4a3-477e-a8b0-9b5768fe1ec0","Heartbeat",{}]
[03:10:47] [DEVICE] >> [3,"ac50053c-e4a3-477e-a8b0-9b5768fe1ec0",{"currentTime":"2026-07-08T19:10:47Z"}]
[03:11:47] [DEVICE] << [2,"ff77fa1d-86c1-4b09-9a19-3e17a2a8384c","Heartbeat",{}]
[03:11:47] [DEVICE] >> [3,"ff77fa1d-86c1-4b09-9a19-3e17a2a8384c",{"currentTime":"2026-07-08T19:11:47Z"}]
[03:12:47] [DEVICE] << [2,"12847507-c828-4bd6-adc0-442d3753600c","Heartbeat",{}]
[03:12:47] [DEVICE] >> [3,"12847507-c828-4bd6-adc0-442d3753600c",{"currentTime":"2026-07-08T19:12:47Z"}]
[03:13:47] [DEVICE] << [2,"3dc95a19-fd5a-46b5-b59a-92f10d4d0c32","Heartbeat",{}]
[03:13:47] [DEVICE] >> [3,"3dc95a19-fd5a-46b5-b59a-92f10d4d0c32",{"currentTime":"2026-07-08T19:13:47Z"}]
[03:14:47] [DEVICE] << [2,"ec96ed66-21af-4bc9-b60d-025ff4b49528","Heartbeat",{}]
[03:14:47] [DEVICE] >> [3,"ec96ed66-21af-4bc9-b60d-025ff4b49528",{"currentTime":"2026-07-08T19:14:47Z"}]
[03:15:47] [DEVICE] << [2,"6c78d639-87f5-4e28-a531-844ae8f520b7","Heartbeat",{}]
[03:15:47] [DEVICE] >> [3,"6c78d639-87f5-4e28-a531-844ae8f520b7",{"currentTime":"2026-07-08T19:15:47Z"}]
[03:16:47] [DEVICE] << [2,"aa602b72-1ded-46bb-819c-501f060fdd07","Heartbeat",{}]
[03:16:47] [DEVICE] >> [3,"aa602b72-1ded-46bb-819c-501f060fdd07",{"currentTime":"2026-07-08T19:16:47Z"}]
[03:17:47] [DEVICE] << [2,"20d1601e-9c8e-4f9f-b5ab-d8f4e7b0b8f6","Heartbeat",{}]
[03:17:47] [DEVICE] >> [3,"20d1601e-9c8e-4f9f-b5ab-d8f4e7b0b8f6",{"currentTime":"2026-07-08T19:17:47Z"}]
[03:18:47] [DEVICE] << [2,"34abb67c-0e09-4612-b7f7-01f1723f6507","Heartbeat",{}]
[03:18:47] [DEVICE] >> [3,"34abb67c-0e09-4612-b7f7-01f1723f6507",{"currentTime":"2026-07-08T19:18:47Z"}]
[03:19:47] [DEVICE] << [2,"6f46e327-d55d-440e-b2b8-ca979ed4a363","Heartbeat",{}]
[03:19:47] [DEVICE] >> [3,"6f46e327-d55d-440e-b2b8-ca979ed4a363",{"currentTime":"2026-07-08T19:19:47Z"}]
[03:20:47] [DEVICE] << [2,"506032da-5454-4b5e-9077-9753f49e85f2","Heartbeat",{}]
[03:20:47] [DEVICE] >> [3,"506032da-5454-4b5e-9077-9753f49e85f2",{"currentTime":"2026-07-08T19:20:47Z"}]
[03:21:47] [DEVICE] << [2,"521e34a7-1475-42ae-99b9-5ff1a237a2c7","Heartbeat",{}]
[03:21:47] [DEVICE] >> [3,"521e34a7-1475-42ae-99b9-5ff1a237a2c7",{"currentTime":"2026-07-08T19:21:47Z"}]
[03:22:47] [DEVICE] << [2,"7910bf64-1ad3-4448-aaf0-7530ccfba199","Heartbeat",{}]
[03:22:47] [DEVICE] >> [3,"7910bf64-1ad3-4448-aaf0-7530ccfba199",{"currentTime":"2026-07-08T19:22:47Z"}]
[03:23:47] [DEVICE] << [2,"3feb2e83-338d-4e29-816c-11e8272baec2","Heartbeat",{}]
[03:23:47] [DEVICE] >> [3,"3feb2e83-338d-4e29-816c-11e8272baec2",{"currentTime":"2026-07-08T19:23:47Z"}]
[03:24:47] [DEVICE] << [2,"18df5c82-ecfb-4dcb-9e9d-dc43a84a0ea4","Heartbeat",{}]
[03:24:47] [DEVICE] >> [3,"18df5c82-ecfb-4dcb-9e9d-dc43a84a0ea4",{"currentTime":"2026-07-08T19:24:47Z"}]
[03:25:47] [DEVICE] << [2,"233392fa-37f2-4e81-8448-4de7b646e195","Heartbeat",{}]
[03:25:47] [DEVICE] >> [3,"233392fa-37f2-4e81-8448-4de7b646e195",{"currentTime":"2026-07-08T19:25:47Z"}]
[03:26:47] [DEVICE] << [2,"54a391e6-4473-4563-9b2b-c0c819200ba7","Heartbeat",{}]
[03:26:47] [DEVICE] >> [3,"54a391e6-4473-4563-9b2b-c0c819200ba7",{"currentTime":"2026-07-08T19:26:47Z"}]
[03:27:47] [DEVICE] << [2,"41b2d338-a8c8-4a96-b8c8-86614e174b0a","Heartbeat",{}]
[03:27:47] [DEVICE] >> [3,"41b2d338-a8c8-4a96-b8c8-86614e174b0a",{"currentTime":"2026-07-08T19:27:47Z"}]
[03:28:47] [DEVICE] << [2,"eb1ec4f5-139f-4d07-bf80-4fe60d265dbb","Heartbeat",{}]
[03:28:47] [DEVICE] >> [3,"eb1ec4f5-139f-4d07-bf80-4fe60d265dbb",{"currentTime":"2026-07-08T19:28:47Z"}]
[03:29:47] [DEVICE] << [2,"1ac44963-a9ab-4416-9789-6d7833e81116","Heartbeat",{}]
[03:29:47] [DEVICE] >> [3,"1ac44963-a9ab-4416-9789-6d7833e81116",{"currentTime":"2026-07-08T19:29:47Z"}]
[03:30:47] [DEVICE] << [2,"0b3d192e-8607-4782-aee2-fad15871a8bd","Heartbeat",{}]
[03:30:47] [DEVICE] >> [3,"0b3d192e-8607-4782-aee2-fad15871a8bd",{"currentTime":"2026-07-08T19:30:47Z"}]
[03:31:47] [DEVICE] << [2,"48a8840e-8c4d-439b-8172-aa0ccfa8c154","Heartbeat",{}]
[03:31:47] [DEVICE] >> [3,"48a8840e-8c4d-439b-8172-aa0ccfa8c154",{"currentTime":"2026-07-08T19:31:47Z"}]
[03:32:47] [DEVICE] << [2,"dc445aae-8c26-45cf-b6fe-18b0f7e1c0cd","Heartbeat",{}]
[03:32:47] [DEVICE] >> [3,"dc445aae-8c26-45cf-b6fe-18b0f7e1c0cd",{"currentTime":"2026-07-08T19:32:47Z"}]
[03:33:47] [DEVICE] << [2,"7eaac654-de9b-477c-9542-c1c041539a36","Heartbeat",{}]
[03:33:47] [DEVICE] >> [3,"7eaac654-de9b-477c-9542-c1c041539a36",{"currentTime":"2026-07-08T19:33:47Z"}]
[03:34:47] [DEVICE] << [2,"d9b43d7e-c6e1-4014-a5c1-a027b11d434f","Heartbeat",{}]
[03:34:47] [DEVICE] >> [3,"d9b43d7e-c6e1-4014-a5c1-a027b11d434f",{"currentTime":"2026-07-08T19:34:47Z"}]
[03:35:47] [DEVICE] << [2,"6d7cfa4c-0fcc-47e2-83e8-41737d912fe0","Heartbeat",{}]
[03:35:47] [DEVICE] >> [3,"6d7cfa4c-0fcc-47e2-83e8-41737d912fe0",{"currentTime":"2026-07-08T19:35:47Z"}]
[03:36:47] [DEVICE] << [2,"5b80f961-a7ab-4078-a869-5f16ff444bdd","Heartbeat",{}]
[03:36:47] [DEVICE] >> [3,"5b80f961-a7ab-4078-a869-5f16ff444bdd",{"currentTime":"2026-07-08T19:36:47Z"}]
[03:37:47] [DEVICE] << [2,"91db8936-7680-45c3-9f98-3cfa92e32eb9","Heartbeat",{}]
[03:37:47] [DEVICE] >> [3,"91db8936-7680-45c3-9f98-3cfa92e32eb9",{"currentTime":"2026-07-08T19:37:47Z"}]
[03:38:47] [DEVICE] << [2,"7e51d4f5-30e1-4202-b4cc-fc40b498b14b","Heartbeat",{}]
[03:38:47] [DEVICE] >> [3,"7e51d4f5-30e1-4202-b4cc-fc40b498b14b",{"currentTime":"2026-07-08T19:38:47Z"}]
[03:39:47] [DEVICE] << [2,"822aeef3-088c-4f46-a69d-9221d75a1da7","Heartbeat",{}]
[03:39:47] [DEVICE] >> [3,"822aeef3-088c-4f46-a69d-9221d75a1da7",{"currentTime":"2026-07-08T19:39:47Z"}]
[03:40:47] [DEVICE] << [2,"733f24a4-4781-4ffb-b345-779d413f1593","Heartbeat",{}]
[03:40:47] [DEVICE] >> [3,"733f24a4-4781-4ffb-b345-779d413f1593",{"currentTime":"2026-07-08T19:40:47Z"}]
[03:41:47] [DEVICE] << [2,"e3ed69cb-7530-4a9e-ad5a-1a6a796def2c","Heartbeat",{}]
[03:41:47] [DEVICE] >> [3,"e3ed69cb-7530-4a9e-ad5a-1a6a796def2c",{"currentTime":"2026-07-08T19:41:47Z"}]
[03:42:47] [DEVICE] << [2,"90b1d215-7aea-48eb-8e69-6910057f9fc8","Heartbeat",{}]
[03:42:47] [DEVICE] >> [3,"90b1d215-7aea-48eb-8e69-6910057f9fc8",{"currentTime":"2026-07-08T19:42:47Z"}]
[03:43:47] [DEVICE] << [2,"a19f7e77-3334-468a-bd7a-bfd9120c1e6c","Heartbeat",{}]
[03:43:47] [DEVICE] >> [3,"a19f7e77-3334-468a-bd7a-bfd9120c1e6c",{"currentTime":"2026-07-08T19:43:47Z"}]
[03:44:47] [DEVICE] << [2,"8a0a23da-83b6-4b20-9445-d49fdc63f6ed","Heartbeat",{}]
[03:44:47] [DEVICE] >> [3,"8a0a23da-83b6-4b20-9445-d49fdc63f6ed",{"currentTime":"2026-07-08T19:44:47Z"}]
[03:45:47] [DEVICE] << [2,"c0c0fd84-cb71-40d8-a45b-a712c012a9f0","Heartbeat",{}]
[03:45:47] [DEVICE] >> [3,"c0c0fd84-cb71-40d8-a45b-a712c012a9f0",{"currentTime":"2026-07-08T19:45:47Z"}]
[03:46:47] [DEVICE] << [2,"7072e17b-fe3c-48b7-b55d-e906fdef1578","Heartbeat",{}]
[03:46:47] [DEVICE] >> [3,"7072e17b-fe3c-48b7-b55d-e906fdef1578",{"currentTime":"2026-07-08T19:46:47Z"}]
[03:47:47] [DEVICE] << [2,"0ff7f0d0-edb6-41b7-ab00-02be19f12f1a","Heartbeat",{}]
[03:47:47] [DEVICE] >> [3,"0ff7f0d0-edb6-41b7-ab00-02be19f12f1a",{"currentTime":"2026-07-08T19:47:47Z"}]
[03:48:47] [DEVICE] << [2,"f53c6218-44d5-4334-be0b-f78d76cbc932","Heartbeat",{}]
[03:48:47] [DEVICE] >> [3,"f53c6218-44d5-4334-be0b-f78d76cbc932",{"currentTime":"2026-07-08T19:48:47Z"}]
[03:49:47] [DEVICE] << [2,"87a635ba-4dd0-4bc3-9385-d6e18f7ee1f7","Heartbeat",{}]
[03:49:48] [DEVICE] >> [3,"87a635ba-4dd0-4bc3-9385-d6e18f7ee1f7",{"currentTime":"2026-07-08T19:49:48Z"}]
[03:50:48] [DEVICE] << [2,"75b53431-3176-4fba-be77-f4fba79aa15d","Heartbeat",{}]
[03:50:48] [DEVICE] >> [3,"75b53431-3176-4fba-be77-f4fba79aa15d",{"currentTime":"2026-07-08T19:50:48Z"}]
[03:51:48] [DEVICE] << [2,"3eaf0397-4c6c-4639-894e-f17c581d230f","Heartbeat",{}]
[03:51:48] [DEVICE] >> [3,"3eaf0397-4c6c-4639-894e-f17c581d230f",{"currentTime":"2026-07-08T19:51:48Z"}]
[03:52:48] [DEVICE] << [2,"8f3b4e29-4b77-4ffd-87a4-dfc4acbd7b63","Heartbeat",{}]
[03:52:48] [DEVICE] >> [3,"8f3b4e29-4b77-4ffd-87a4-dfc4acbd7b63",{"currentTime":"2026-07-08T19:52:48Z"}]
[03:53:48] [DEVICE] << [2,"29424c3a-336b-4588-affa-425a47308404","Heartbeat",{}]
[03:53:48] [DEVICE] >> [3,"29424c3a-336b-4588-affa-425a47308404",{"currentTime":"2026-07-08T19:53:48Z"}]
[03:54:48] [DEVICE] << [2,"d7f3b291-d317-40f2-90ed-68ad6dc28605","Heartbeat",{}]
[03:54:48] [DEVICE] >> [3,"d7f3b291-d317-40f2-90ed-68ad6dc28605",{"currentTime":"2026-07-08T19:54:48Z"}]
[03:55:48] [DEVICE] << [2,"b0970759-d5e3-4bfa-af59-26cabd620f95","Heartbeat",{}]
[03:55:48] [DEVICE] >> [3,"b0970759-d5e3-4bfa-af59-26cabd620f95",{"currentTime":"2026-07-08T19:55:48Z"}]
[03:56:48] [DEVICE] << [2,"f9a504e1-3b14-4d03-8db4-9faf5b0026b4","Heartbeat",{}]
[03:56:48] [DEVICE] >> [3,"f9a504e1-3b14-4d03-8db4-9faf5b0026b4",{"currentTime":"2026-07-08T19:56:48Z"}]
[03:57:48] [DEVICE] << [2,"0558322d-f06e-47e4-8e1e-033e6eace0ae","Heartbeat",{}]
[03:57:48] [DEVICE] >> [3,"0558322d-f06e-47e4-8e1e-033e6eace0ae",{"currentTime":"2026-07-08T19:57:48Z"}]
[03:58:48] [DEVICE] << [2,"019e4652-8d02-4989-8e5a-3ba4e17d1a5f","Heartbeat",{}]
[03:58:48] [DEVICE] >> [3,"019e4652-8d02-4989-8e5a-3ba4e17d1a5f",{"currentTime":"2026-07-08T19:58:48Z"}]
[03:59:48] [DEVICE] << [2,"d6040002-f128-4489-8f16-33f65eeb7f2f","Heartbeat",{}]
[03:59:48] [DEVICE] >> [3,"d6040002-f128-4489-8f16-33f65eeb7f2f",{"currentTime":"2026-07-08T19:59:48Z"}]
[04:00:48] [DEVICE] << [2,"b722c6e9-528d-4c68-8117-37cf79a73795","Heartbeat",{}]
[04:00:48] [DEVICE] >> [3,"b722c6e9-528d-4c68-8117-37cf79a73795",{"currentTime":"2026-07-08T20:00:48Z"}]
[04:01:48] [DEVICE] << [2,"6a6888ad-3dc4-4802-a52f-1ba389be4be9","Heartbeat",{}]
[04:01:48] [DEVICE] >> [3,"6a6888ad-3dc4-4802-a52f-1ba389be4be9",{"currentTime":"2026-07-08T20:01:48Z"}]
[04:02:48] [DEVICE] << [2,"0ccce327-bb5a-475d-8336-dc9209ccc5ed","Heartbeat",{}]
[04:02:48] [DEVICE] >> [3,"0ccce327-bb5a-475d-8336-dc9209ccc5ed",{"currentTime":"2026-07-08T20:02:48Z"}]
[04:03:48] [DEVICE] << [2,"3505f8ce-7166-4a5e-98f7-925bc39e0493","Heartbeat",{}]
[04:03:48] [DEVICE] >> [3,"3505f8ce-7166-4a5e-98f7-925bc39e0493",{"currentTime":"2026-07-08T20:03:48Z"}]
[04:04:48] [DEVICE] << [2,"5a72c471-10fb-4249-8755-34d2259820e4","Heartbeat",{}]
[04:04:48] [DEVICE] >> [3,"5a72c471-10fb-4249-8755-34d2259820e4",{"currentTime":"2026-07-08T20:04:48Z"}]
[04:05:48] [DEVICE] << [2,"baee4831-fe00-4224-b403-ef3ef6cde8fd","Heartbeat",{}]
[04:05:48] [DEVICE] >> [3,"baee4831-fe00-4224-b403-ef3ef6cde8fd",{"currentTime":"2026-07-08T20:05:48Z"}]
[04:06:48] [DEVICE] << [2,"bf4bca3b-4474-4683-a81a-1f87db5be26e","Heartbeat",{}]
[04:06:48] [DEVICE] >> [3,"bf4bca3b-4474-4683-a81a-1f87db5be26e",{"currentTime":"2026-07-08T20:06:48Z"}]
[04:07:48] [DEVICE] << [2,"3e3d3a17-08f7-437d-9166-d9bae16bee91","Heartbeat",{}]
[04:07:48] [DEVICE] >> [3,"3e3d3a17-08f7-437d-9166-d9bae16bee91",{"currentTime":"2026-07-08T20:07:48Z"}]
[04:08:48] [DEVICE] << [2,"4e77d376-3f13-4a81-8f96-1f5c8079b6ba","Heartbeat",{}]
[04:08:48] [DEVICE] >> [3,"4e77d376-3f13-4a81-8f96-1f5c8079b6ba",{"currentTime":"2026-07-08T20:08:48Z"}]
[04:09:48] [DEVICE] << [2,"b627d492-cf3c-463d-a26f-17e0a82ae607","Heartbeat",{}]
[04:09:48] [DEVICE] >> [3,"b627d492-cf3c-463d-a26f-17e0a82ae607",{"currentTime":"2026-07-08T20:09:48Z"}]
[04:10:48] [DEVICE] << [2,"af688120-b163-4352-841e-74f12c45d830","Heartbeat",{}]
[04:10:48] [DEVICE] >> [3,"af688120-b163-4352-841e-74f12c45d830",{"currentTime":"2026-07-08T20:10:48Z"}]
[04:11:48] [DEVICE] << [2,"f2f621f6-d05e-46d7-9f62-10e55afa234b","Heartbeat",{}]
[04:11:48] [DEVICE] >> [3,"f2f621f6-d05e-46d7-9f62-10e55afa234b",{"currentTime":"2026-07-08T20:11:48Z"}]
[04:12:48] [DEVICE] << [2,"c2af4f8a-fafd-4b9e-8159-a2279118778c","Heartbeat",{}]
[04:12:48] [DEVICE] >> [3,"c2af4f8a-fafd-4b9e-8159-a2279118778c",{"currentTime":"2026-07-08T20:12:48Z"}]
[04:13:48] [DEVICE] << [2,"4dd952ac-48c7-4da4-89c6-1ecedb8562a0","Heartbeat",{}]
[04:13:48] [DEVICE] >> [3,"4dd952ac-48c7-4da4-89c6-1ecedb8562a0",{"currentTime":"2026-07-08T20:13:48Z"}]
[04:14:48] [DEVICE] << [2,"a619a616-bd02-43d6-97a0-7ac5276c63b4","Heartbeat",{}]
[04:14:48] [DEVICE] >> [3,"a619a616-bd02-43d6-97a0-7ac5276c63b4",{"currentTime":"2026-07-08T20:14:48Z"}]
[04:15:48] [DEVICE] << [2,"89499c7a-023f-4420-b2bb-0313f5ade5e2","Heartbeat",{}]
[04:15:48] [DEVICE] >> [3,"89499c7a-023f-4420-b2bb-0313f5ade5e2",{"currentTime":"2026-07-08T20:15:48Z"}]
[04:16:48] [DEVICE] << [2,"6164921b-0079-412d-a0e4-a75af6614fa2","Heartbeat",{}]
[04:16:48] [DEVICE] >> [3,"6164921b-0079-412d-a0e4-a75af6614fa2",{"currentTime":"2026-07-08T20:16:48Z"}]
[04:17:48] [DEVICE] << [2,"ab61a2fa-0206-4e00-87f0-d19683a65f21","Heartbeat",{}]
[04:17:48] [DEVICE] >> [3,"ab61a2fa-0206-4e00-87f0-d19683a65f21",{"currentTime":"2026-07-08T20:17:48Z"}]
[04:18:48] [DEVICE] << [2,"4dfd6b8f-c55e-4780-a91b-efc89539c8dd","Heartbeat",{}]
[04:18:48] [DEVICE] >> [3,"4dfd6b8f-c55e-4780-a91b-efc89539c8dd",{"currentTime":"2026-07-08T20:18:48Z"}]
[04:19:48] [DEVICE] << [2,"39cd627a-fc60-4d46-95c6-f0dd5b085dd0","Heartbeat",{}]
[04:19:48] [DEVICE] >> [3,"39cd627a-fc60-4d46-95c6-f0dd5b085dd0",{"currentTime":"2026-07-08T20:19:48Z"}]
[04:20:48] [DEVICE] << [2,"47498b21-23b0-4713-bbb0-ee31575844f6","Heartbeat",{}]
[04:20:48] [DEVICE] >> [3,"47498b21-23b0-4713-bbb0-ee31575844f6",{"currentTime":"2026-07-08T20:20:48Z"}]
[04:21:48] [DEVICE] << [2,"b86b6e01-12fc-406f-a2c3-ec06c28db515","Heartbeat",{}]
[04:21:48] [DEVICE] >> [3,"b86b6e01-12fc-406f-a2c3-ec06c28db515",{"currentTime":"2026-07-08T20:21:48Z"}]
[04:22:48] [DEVICE] << [2,"78559017-2c11-4fd2-9b63-19d28a4ef27f","Heartbeat",{}]
[04:22:48] [DEVICE] >> [3,"78559017-2c11-4fd2-9b63-19d28a4ef27f",{"currentTime":"2026-07-08T20:22:48Z"}]
[04:23:48] [DEVICE] << [2,"6531f5e0-affb-4117-9fca-8643178eb7bd","Heartbeat",{}]
[04:23:48] [DEVICE] >> [3,"6531f5e0-affb-4117-9fca-8643178eb7bd",{"currentTime":"2026-07-08T20:23:48Z"}]
[04:24:48] [DEVICE] << [2,"abfc8ad3-8e40-441a-a840-c913bbf5fcdd","Heartbeat",{}]
[04:24:48] [DEVICE] >> [3,"abfc8ad3-8e40-441a-a840-c913bbf5fcdd",{"currentTime":"2026-07-08T20:24:48Z"}]
[04:25:48] [DEVICE] << [2,"16b9eadf-812f-42c3-933b-a59918d950bf","Heartbeat",{}]
[04:25:48] [DEVICE] >> [3,"16b9eadf-812f-42c3-933b-a59918d950bf",{"currentTime":"2026-07-08T20:25:48Z"}]
[04:26:48] [DEVICE] << [2,"c2069d6a-029f-43fb-bbf5-e111382dbb63","Heartbeat",{}]
[04:26:48] [DEVICE] >> [3,"c2069d6a-029f-43fb-bbf5-e111382dbb63",{"currentTime":"2026-07-08T20:26:48Z"}]
[04:27:48] [DEVICE] << [2,"6d698a58-0693-4dff-965f-8e0098382145","Heartbeat",{}]
[04:27:48] [DEVICE] >> [3,"6d698a58-0693-4dff-965f-8e0098382145",{"currentTime":"2026-07-08T20:27:48Z"}]
[04:28:48] [DEVICE] << [2,"d9d2a6b1-901f-4472-808f-28c28888336a","Heartbeat",{}]
[04:28:48] [DEVICE] >> [3,"d9d2a6b1-901f-4472-808f-28c28888336a",{"currentTime":"2026-07-08T20:28:48Z"}]
[04:29:48] [DEVICE] << [2,"6f761045-c54f-4998-b47e-5b463622bf5a","Heartbeat",{}]
[04:29:48] [DEVICE] >> [3,"6f761045-c54f-4998-b47e-5b463622bf5a",{"currentTime":"2026-07-08T20:29:48Z"}]
[04:30:48] [DEVICE] << [2,"79f739e5-6668-4240-a133-247409ddea2a","Heartbeat",{}]
[04:30:48] [DEVICE] >> [3,"79f739e5-6668-4240-a133-247409ddea2a",{"currentTime":"2026-07-08T20:30:48Z"}]
[04:31:48] [DEVICE] << [2,"6478887a-f7b2-4cf1-bb82-afb864567ea0","Heartbeat",{}]
[04:31:48] [DEVICE] >> [3,"6478887a-f7b2-4cf1-bb82-afb864567ea0",{"currentTime":"2026-07-08T20:31:48Z"}]
[04:32:48] [DEVICE] << [2,"f376376f-4bf2-4ffd-bcbe-7391040de4c6","Heartbeat",{}]
[04:32:48] [DEVICE] >> [3,"f376376f-4bf2-4ffd-bcbe-7391040de4c6",{"currentTime":"2026-07-08T20:32:48Z"}]
[04:33:48] [DEVICE] << [2,"006688a5-fbb2-4c14-83c9-caa6ae3fb3cb","Heartbeat",{}]
[04:33:48] [DEVICE] >> [3,"006688a5-fbb2-4c14-83c9-caa6ae3fb3cb",{"currentTime":"2026-07-08T20:33:48Z"}]
[04:34:48] [DEVICE] << [2,"6f5fbb1b-fe7c-47e1-a974-4561c84b612c","Heartbeat",{}]
[04:34:48] [DEVICE] >> [3,"6f5fbb1b-fe7c-47e1-a974-4561c84b612c",{"currentTime":"2026-07-08T20:34:48Z"}]
[04:35:48] [DEVICE] << [2,"3ff1ae79-bcfc-4bb8-8418-209af54a5fff","Heartbeat",{}]
[04:35:48] [DEVICE] >> [3,"3ff1ae79-bcfc-4bb8-8418-209af54a5fff",{"currentTime":"2026-07-08T20:35:48Z"}]
[04:36:48] [DEVICE] << [2,"2467d7d5-634e-41aa-bf7e-00c23b92ee20","Heartbeat",{}]
[04:36:48] [DEVICE] >> [3,"2467d7d5-634e-41aa-bf7e-00c23b92ee20",{"currentTime":"2026-07-08T20:36:48Z"}]
[04:37:48] [DEVICE] << [2,"792b7586-ba13-477f-bcf7-c19af4c7130d","Heartbeat",{}]
[04:37:48] [DEVICE] >> [3,"792b7586-ba13-477f-bcf7-c19af4c7130d",{"currentTime":"2026-07-08T20:37:48Z"}]
[04:38:48] [DEVICE] << [2,"037110e7-94d2-47ea-8ac8-0c86b3005164","Heartbeat",{}]
[04:38:49] [DEVICE] >> [3,"037110e7-94d2-47ea-8ac8-0c86b3005164",{"currentTime":"2026-07-08T20:38:49Z"}]
[04:39:48] [DEVICE] << [2,"7f013ad0-a7ce-4d11-8f5f-f93f75924d31","Heartbeat",{}]
[04:39:49] [DEVICE] >> [3,"7f013ad0-a7ce-4d11-8f5f-f93f75924d31",{"currentTime":"2026-07-08T20:39:49Z"}]
[04:40:48] [DEVICE] << [2,"d12d5f3c-430f-4c44-87c5-d3542a954221","Heartbeat",{}]
[04:40:49] [DEVICE] >> [3,"d12d5f3c-430f-4c44-87c5-d3542a954221",{"currentTime":"2026-07-08T20:40:49Z"}]
[04:41:48] [DEVICE] << [2,"bf5cd755-cbb1-433e-b5c3-bab8373b6ad7","Heartbeat",{}]
[04:41:49] [DEVICE] >> [3,"bf5cd755-cbb1-433e-b5c3-bab8373b6ad7",{"currentTime":"2026-07-08T20:41:49Z"}]
[04:42:48] [DEVICE] << [2,"6fa070cb-06f3-41f9-ab0e-4c25eee12403","Heartbeat",{}]
[04:42:49] [DEVICE] >> [3,"6fa070cb-06f3-41f9-ab0e-4c25eee12403",{"currentTime":"2026-07-08T20:42:49Z"}]
[04:43:48] [DEVICE] << [2,"c3ceaade-3bf9-4ac8-aa45-12ef8c2978f5","Heartbeat",{}]
[04:43:49] [DEVICE] >> [3,"c3ceaade-3bf9-4ac8-aa45-12ef8c2978f5",{"currentTime":"2026-07-08T20:43:49Z"}]
[04:44:49] [DEVICE] << [2,"d30687fe-1131-44a5-b2fe-ebe298f9f355","Heartbeat",{}]
[04:44:49] [DEVICE] >> [3,"d30687fe-1131-44a5-b2fe-ebe298f9f355",{"currentTime":"2026-07-08T20:44:49Z"}]
[04:45:49] [DEVICE] << [2,"fb49d2c0-1478-45b6-848d-53bd67382625","Heartbeat",{}]
[04:45:49] [DEVICE] >> [3,"fb49d2c0-1478-45b6-848d-53bd67382625",{"currentTime":"2026-07-08T20:45:49Z"}]
[04:46:49] [DEVICE] << [2,"17d78c06-d74f-4fb3-b69a-4976198dacd3","Heartbeat",{}]
[04:46:49] [DEVICE] >> [3,"17d78c06-d74f-4fb3-b69a-4976198dacd3",{"currentTime":"2026-07-08T20:46:49Z"}]
[04:47:49] [DEVICE] << [2,"d4cfede9-9d3d-4b8a-b339-6652a908feee","Heartbeat",{}]
[04:47:49] [DEVICE] >> [3,"d4cfede9-9d3d-4b8a-b339-6652a908feee",{"currentTime":"2026-07-08T20:47:49Z"}]
[04:48:49] [DEVICE] << [2,"5d760d1f-d6ea-45af-9b1d-b15fa8769e6a","Heartbeat",{}]
[04:48:49] [DEVICE] >> [3,"5d760d1f-d6ea-45af-9b1d-b15fa8769e6a",{"currentTime":"2026-07-08T20:48:49Z"}]
[04:49:49] [DEVICE] << [2,"b18ac883-c696-4b02-816a-7584ea084ac4","Heartbeat",{}]
[04:49:49] [DEVICE] >> [3,"b18ac883-c696-4b02-816a-7584ea084ac4",{"currentTime":"2026-07-08T20:49:49Z"}]
[04:50:49] [DEVICE] << [2,"2cfb3448-09f6-4b71-935a-0ccb5af6350b","Heartbeat",{}]
[04:50:49] [DEVICE] >> [3,"2cfb3448-09f6-4b71-935a-0ccb5af6350b",{"currentTime":"2026-07-08T20:50:49Z"}]
[04:51:49] [DEVICE] << [2,"65826e85-698c-4e58-be89-383b15574077","Heartbeat",{}]
[04:51:49] [DEVICE] >> [3,"65826e85-698c-4e58-be89-383b15574077",{"currentTime":"2026-07-08T20:51:49Z"}]
[04:52:49] [DEVICE] << [2,"a54b4c2b-beec-4f04-a6b5-4efa43fb730a","Heartbeat",{}]
[04:52:49] [DEVICE] >> [3,"a54b4c2b-beec-4f04-a6b5-4efa43fb730a",{"currentTime":"2026-07-08T20:52:49Z"}]
[04:53:49] [DEVICE] << [2,"a03b75a3-ced6-4429-84e9-860a5a9ab267","Heartbeat",{}]
[04:53:49] [DEVICE] >> [3,"a03b75a3-ced6-4429-84e9-860a5a9ab267",{"currentTime":"2026-07-08T20:53:49Z"}]
[04:54:49] [DEVICE] << [2,"696355e7-4c4c-40f6-a1a9-ffe60666f143","Heartbeat",{}]
[04:54:49] [DEVICE] >> [3,"696355e7-4c4c-40f6-a1a9-ffe60666f143",{"currentTime":"2026-07-08T20:54:49Z"}]
[04:55:49] [DEVICE] << [2,"75fb3152-88c3-4445-9f28-02818c06545e","Heartbeat",{}]
[04:55:49] [DEVICE] >> [3,"75fb3152-88c3-4445-9f28-02818c06545e",{"currentTime":"2026-07-08T20:55:49Z"}]
[04:56:49] [DEVICE] << [2,"6ab9150a-3d72-4007-afb5-98459ae975a6","Heartbeat",{}]
[04:56:49] [DEVICE] >> [3,"6ab9150a-3d72-4007-afb5-98459ae975a6",{"currentTime":"2026-07-08T20:56:49Z"}]
[04:57:49] [DEVICE] << [2,"7c3bcca8-7c09-4669-a924-92771d85d718","Heartbeat",{}]
[04:57:49] [DEVICE] >> [3,"7c3bcca8-7c09-4669-a924-92771d85d718",{"currentTime":"2026-07-08T20:57:49Z"}]
[04:58:49] [DEVICE] << [2,"ce9b61f0-0136-4393-a087-444c6ad33d5e","Heartbeat",{}]
[04:58:49] [DEVICE] >> [3,"ce9b61f0-0136-4393-a087-444c6ad33d5e",{"currentTime":"2026-07-08T20:58:49Z"}]
[04:59:49] [DEVICE] << [2,"5c6f1ed7-45c4-4b5b-acdd-601f7b59f69d","Heartbeat",{}]
[04:59:49] [DEVICE] >> [3,"5c6f1ed7-45c4-4b5b-acdd-601f7b59f69d",{"currentTime":"2026-07-08T20:59:49Z"}]
[05:00:49] [DEVICE] << [2,"1648b818-21c2-4036-b47a-80eab9de7485","Heartbeat",{}]
[05:00:49] [DEVICE] >> [3,"1648b818-21c2-4036-b47a-80eab9de7485",{"currentTime":"2026-07-08T21:00:49Z"}]
[05:01:49] [DEVICE] << [2,"6f9ac398-bba5-4acf-add6-0c7c08ca67a9","Heartbeat",{}]
[05:01:49] [DEVICE] >> [3,"6f9ac398-bba5-4acf-add6-0c7c08ca67a9",{"currentTime":"2026-07-08T21:01:49Z"}]
[05:02:49] [DEVICE] << [2,"496ddebe-9973-4475-9ab1-da90b6779651","Heartbeat",{}]
[05:02:49] [DEVICE] >> [3,"496ddebe-9973-4475-9ab1-da90b6779651",{"currentTime":"2026-07-08T21:02:49Z"}]
[05:03:49] [DEVICE] << [2,"c0d9677f-9c22-453a-b75b-3c415a64014f","Heartbeat",{}]
[05:03:49] [DEVICE] >> [3,"c0d9677f-9c22-453a-b75b-3c415a64014f",{"currentTime":"2026-07-08T21:03:49Z"}]
[05:04:49] [DEVICE] << [2,"1d05ef5f-833d-4b60-a6c3-e39e6e80186a","Heartbeat",{}]
[05:04:49] [DEVICE] >> [3,"1d05ef5f-833d-4b60-a6c3-e39e6e80186a",{"currentTime":"2026-07-08T21:04:49Z"}]
[05:05:49] [DEVICE] << [2,"9b38605b-f350-4623-9450-0a689abdb828","Heartbeat",{}]
[05:05:49] [DEVICE] >> [3,"9b38605b-f350-4623-9450-0a689abdb828",{"currentTime":"2026-07-08T21:05:49Z"}]
[05:06:49] [DEVICE] << [2,"f72701e0-c490-44e8-ad84-ace60606a268","Heartbeat",{}]
[05:06:49] [DEVICE] >> [3,"f72701e0-c490-44e8-ad84-ace60606a268",{"currentTime":"2026-07-08T21:06:49Z"}]
[05:07:49] [DEVICE] << [2,"af2a4017-787e-483a-be2a-878c7f4311c8","Heartbeat",{}]
[05:07:49] [DEVICE] >> [3,"af2a4017-787e-483a-be2a-878c7f4311c8",{"currentTime":"2026-07-08T21:07:49Z"}]
[05:08:49] [DEVICE] << [2,"f48a03a8-7811-4c1a-826a-35d5862e9218","Heartbeat",{}]
[05:08:49] [DEVICE] >> [3,"f48a03a8-7811-4c1a-826a-35d5862e9218",{"currentTime":"2026-07-08T21:08:49Z"}]
[05:09:49] [DEVICE] << [2,"05cc4feb-ac88-4da7-8366-37fadc9afa25","Heartbeat",{}]
[05:09:49] [DEVICE] >> [3,"05cc4feb-ac88-4da7-8366-37fadc9afa25",{"currentTime":"2026-07-08T21:09:49Z"}]
[05:10:49] [DEVICE] << [2,"8ab09e33-8dc2-4cc6-8f49-8d093f979d74","Heartbeat",{}]
[05:10:49] [DEVICE] >> [3,"8ab09e33-8dc2-4cc6-8f49-8d093f979d74",{"currentTime":"2026-07-08T21:10:49Z"}]
[05:11:49] [DEVICE] << [2,"be521ab7-b956-46cb-a0b6-94d0c99de3c9","Heartbeat",{}]
[05:11:49] [DEVICE] >> [3,"be521ab7-b956-46cb-a0b6-94d0c99de3c9",{"currentTime":"2026-07-08T21:11:49Z"}]
[05:12:49] [DEVICE] << [2,"9defe9d5-8852-415e-b587-2640e344dbcb","Heartbeat",{}]
[05:12:49] [DEVICE] >> [3,"9defe9d5-8852-415e-b587-2640e344dbcb",{"currentTime":"2026-07-08T21:12:49Z"}]
[05:13:49] [DEVICE] << [2,"06ef4daa-4a6a-462f-b26d-132715dbe5c1","Heartbeat",{}]
[05:13:49] [DEVICE] >> [3,"06ef4daa-4a6a-462f-b26d-132715dbe5c1",{"currentTime":"2026-07-08T21:13:49Z"}]
[05:14:49] [DEVICE] << [2,"9b2df55b-de77-49b0-8561-e67f52343867","Heartbeat",{}]
[05:14:49] [DEVICE] >> [3,"9b2df55b-de77-49b0-8561-e67f52343867",{"currentTime":"2026-07-08T21:14:49Z"}]
[05:15:49] [DEVICE] << [2,"9cad3c8e-484a-447d-9c0e-545a204a02f9","Heartbeat",{}]
[05:15:49] [DEVICE] >> [3,"9cad3c8e-484a-447d-9c0e-545a204a02f9",{"currentTime":"2026-07-08T21:15:49Z"}]
[05:16:49] [DEVICE] << [2,"56dd754c-d23c-4655-8fd9-7c92cd49ec80","Heartbeat",{}]
[05:16:49] [DEVICE] >> [3,"56dd754c-d23c-4655-8fd9-7c92cd49ec80",{"currentTime":"2026-07-08T21:16:49Z"}]
[05:17:49] [DEVICE] << [2,"b74cc5ae-bb7c-432a-98aa-6134c4140f6a","Heartbeat",{}]
[05:17:49] [DEVICE] >> [3,"b74cc5ae-bb7c-432a-98aa-6134c4140f6a",{"currentTime":"2026-07-08T21:17:49Z"}]
[05:18:49] [DEVICE] << [2,"9a42f173-7ace-4376-adb1-b652d0db8929","Heartbeat",{}]
[05:18:49] [DEVICE] >> [3,"9a42f173-7ace-4376-adb1-b652d0db8929",{"currentTime":"2026-07-08T21:18:49Z"}]
[05:19:49] [DEVICE] << [2,"b7807059-84c2-40af-9e34-fc303a6bd163","Heartbeat",{}]
[05:19:49] [DEVICE] >> [3,"b7807059-84c2-40af-9e34-fc303a6bd163",{"currentTime":"2026-07-08T21:19:49Z"}]
[05:20:49] [DEVICE] << [2,"b8f9ed73-0ac2-4f05-8d9e-ea30a3529f9a","Heartbeat",{}]
[05:20:49] [DEVICE] >> [3,"b8f9ed73-0ac2-4f05-8d9e-ea30a3529f9a",{"currentTime":"2026-07-08T21:20:49Z"}]
[05:21:49] [DEVICE] << [2,"6d218b85-62ea-449a-ab2c-12dce451747d","Heartbeat",{}]
[05:21:49] [DEVICE] >> [3,"6d218b85-62ea-449a-ab2c-12dce451747d",{"currentTime":"2026-07-08T21:21:49Z"}]
[05:22:49] [DEVICE] << [2,"5315b7f4-22f8-40fd-b7d8-fb9a7e123ad0","Heartbeat",{}]
[05:22:49] [DEVICE] >> [3,"5315b7f4-22f8-40fd-b7d8-fb9a7e123ad0",{"currentTime":"2026-07-08T21:22:49Z"}]
[05:23:49] [DEVICE] << [2,"a1f495a4-8935-4ef9-9138-5c2f6eabf5d7","Heartbeat",{}]
[05:23:49] [DEVICE] >> [3,"a1f495a4-8935-4ef9-9138-5c2f6eabf5d7",{"currentTime":"2026-07-08T21:23:49Z"}]
[05:24:49] [DEVICE] << [2,"625a921a-d014-47f9-8b94-e0ce1d066f1d","Heartbeat",{}]
[05:24:49] [DEVICE] >> [3,"625a921a-d014-47f9-8b94-e0ce1d066f1d",{"currentTime":"2026-07-08T21:24:49Z"}]
[05:25:49] [DEVICE] << [2,"630142e5-ef27-4f1b-a5a3-dc438a2da57c","Heartbeat",{}]
[05:25:49] [DEVICE] >> [3,"630142e5-ef27-4f1b-a5a3-dc438a2da57c",{"currentTime":"2026-07-08T21:25:49Z"}]
[05:26:49] [DEVICE] << [2,"0eb275b1-2ac8-473f-8b88-0c3acda7ae88","Heartbeat",{}]
[05:26:49] [DEVICE] >> [3,"0eb275b1-2ac8-473f-8b88-0c3acda7ae88",{"currentTime":"2026-07-08T21:26:49Z"}]
[05:27:49] [DEVICE] << [2,"4b6f0f91-77e6-41d0-a858-07e6cd7777a3","Heartbeat",{}]
[05:27:49] [DEVICE] >> [3,"4b6f0f91-77e6-41d0-a858-07e6cd7777a3",{"currentTime":"2026-07-08T21:27:49Z"}]
[05:28:49] [DEVICE] << [2,"5136af78-64cb-4ff1-8d2c-b5144505dc78","Heartbeat",{}]
[05:28:49] [DEVICE] >> [3,"5136af78-64cb-4ff1-8d2c-b5144505dc78",{"currentTime":"2026-07-08T21:28:49Z"}]
[05:29:49] [DEVICE] << [2,"1fb02259-1e3b-4232-b821-b78ae4c0e683","Heartbeat",{}]
[05:29:49] [DEVICE] >> [3,"1fb02259-1e3b-4232-b821-b78ae4c0e683",{"currentTime":"2026-07-08T21:29:49Z"}]
[05:30:49] [DEVICE] << [2,"ca13a154-186d-4f1f-a616-0598b8657af9","Heartbeat",{}]
[05:30:49] [DEVICE] >> [3,"ca13a154-186d-4f1f-a616-0598b8657af9",{"currentTime":"2026-07-08T21:30:49Z"}]
[05:31:49] [DEVICE] << [2,"22dc4d2c-274e-449c-b89d-b65b615fe8ca","Heartbeat",{}]
[05:31:49] [DEVICE] >> [3,"22dc4d2c-274e-449c-b89d-b65b615fe8ca",{"currentTime":"2026-07-08T21:31:49Z"}]
[05:32:50] [DEVICE] << [2,"2274d7fa-8056-48c9-904b-39e725d4db4c","Heartbeat",{}]
[05:32:50] [DEVICE] >> [3,"2274d7fa-8056-48c9-904b-39e725d4db4c",{"currentTime":"2026-07-08T21:32:50Z"}]
[05:33:49] [DEVICE] << [2,"81238fa8-1be1-4f39-936e-969582f95fa7","Heartbeat",{}]
[05:33:50] [DEVICE] >> [3,"81238fa8-1be1-4f39-936e-969582f95fa7",{"currentTime":"2026-07-08T21:33:50Z"}]
[05:34:50] [DEVICE] << [2,"ecddf077-98b8-44e1-989b-8ba492c24ce8","Heartbeat",{}]
[05:34:50] [DEVICE] >> [3,"ecddf077-98b8-44e1-989b-8ba492c24ce8",{"currentTime":"2026-07-08T21:34:50Z"}]
[05:35:50] [DEVICE] << [2,"b88f2375-e362-43af-bd8c-fd6d62f347ae","Heartbeat",{}]
[05:35:50] [DEVICE] >> [3,"b88f2375-e362-43af-bd8c-fd6d62f347ae",{"currentTime":"2026-07-08T21:35:50Z"}]
[05:36:50] [DEVICE] << [2,"60c07c3e-f843-40ff-b9ca-b3716690f579","Heartbeat",{}]
[05:36:50] [DEVICE] >> [3,"60c07c3e-f843-40ff-b9ca-b3716690f579",{"currentTime":"2026-07-08T21:36:50Z"}]
[05:37:50] [DEVICE] << [2,"eb26e386-906d-48ff-af3c-58eb9655f1c6","Heartbeat",{}]
[05:37:50] [DEVICE] >> [3,"eb26e386-906d-48ff-af3c-58eb9655f1c6",{"currentTime":"2026-07-08T21:37:50Z"}]
[05:38:50] [DEVICE] << [2,"84946284-ccab-4da5-90dd-421866110f9f","Heartbeat",{}]
[05:38:50] [DEVICE] >> [3,"84946284-ccab-4da5-90dd-421866110f9f",{"currentTime":"2026-07-08T21:38:50Z"}]
[05:39:50] [DEVICE] << [2,"5100248f-ed60-42cc-85ae-957ae3db269a","Heartbeat",{}]
[05:39:50] [DEVICE] >> [3,"5100248f-ed60-42cc-85ae-957ae3db269a",{"currentTime":"2026-07-08T21:39:50Z"}]
[05:40:50] [DEVICE] << [2,"291d5e27-8bfd-4de3-9c08-d5f00272adbc","Heartbeat",{}]
[05:40:50] [DEVICE] >> [3,"291d5e27-8bfd-4de3-9c08-d5f00272adbc",{"currentTime":"2026-07-08T21:40:50Z"}]
[05:41:50] [DEVICE] << [2,"8996085c-e812-43ca-a229-43cb324c4d15","Heartbeat",{}]
[05:41:50] [DEVICE] >> [3,"8996085c-e812-43ca-a229-43cb324c4d15",{"currentTime":"2026-07-08T21:41:50Z"}]
[05:42:50] [DEVICE] << [2,"fb5e2f65-a68e-4b31-a6ef-7967b7158f68","Heartbeat",{}]
[05:42:50] [DEVICE] >> [3,"fb5e2f65-a68e-4b31-a6ef-7967b7158f68",{"currentTime":"2026-07-08T21:42:50Z"}]
[05:43:50] [DEVICE] << [2,"8720011d-f78b-4c4d-99a5-c89e188e6217","Heartbeat",{}]
[05:43:50] [DEVICE] >> [3,"8720011d-f78b-4c4d-99a5-c89e188e6217",{"currentTime":"2026-07-08T21:43:50Z"}]
[05:44:50] [DEVICE] << [2,"9fc2411c-ab5f-46f6-a30d-171473fc713b","Heartbeat",{}]
[05:44:50] [DEVICE] >> [3,"9fc2411c-ab5f-46f6-a30d-171473fc713b",{"currentTime":"2026-07-08T21:44:50Z"}]
[05:45:50] [DEVICE] << [2,"5da900cc-0488-4aad-a5c0-18431fe3daf5","Heartbeat",{}]
[05:45:50] [DEVICE] >> [3,"5da900cc-0488-4aad-a5c0-18431fe3daf5",{"currentTime":"2026-07-08T21:45:50Z"}]
[05:46:50] [DEVICE] << [2,"8bd72057-450c-42e9-98a7-d2ff2e27d48e","Heartbeat",{}]
[05:46:50] [DEVICE] >> [3,"8bd72057-450c-42e9-98a7-d2ff2e27d48e",{"currentTime":"2026-07-08T21:46:50Z"}]
[05:47:50] [DEVICE] << [2,"7f3a03e2-a2d3-47b1-89c6-a4dfe0132592","Heartbeat",{}]
[05:47:50] [DEVICE] >> [3,"7f3a03e2-a2d3-47b1-89c6-a4dfe0132592",{"currentTime":"2026-07-08T21:47:50Z"}]
[05:48:50] [DEVICE] << [2,"e1cd91d4-8d9c-4576-b141-851d6574644a","Heartbeat",{}]
[05:48:50] [DEVICE] >> [3,"e1cd91d4-8d9c-4576-b141-851d6574644a",{"currentTime":"2026-07-08T21:48:50Z"}]
[05:49:50] [DEVICE] << [2,"7ddb6396-d4d5-4744-8589-6031f3f0713f","Heartbeat",{}]
[05:49:50] [DEVICE] >> [3,"7ddb6396-d4d5-4744-8589-6031f3f0713f",{"currentTime":"2026-07-08T21:49:50Z"}]
[05:50:50] [DEVICE] << [2,"10a55eb4-0f92-4489-bd94-57e0a290db29","Heartbeat",{}]
[05:50:50] [DEVICE] >> [3,"10a55eb4-0f92-4489-bd94-57e0a290db29",{"currentTime":"2026-07-08T21:50:50Z"}]
[05:51:50] [DEVICE] << [2,"3b88c14c-a1bb-4e84-9fc9-c95e4f915544","Heartbeat",{}]
[05:51:50] [DEVICE] >> [3,"3b88c14c-a1bb-4e84-9fc9-c95e4f915544",{"currentTime":"2026-07-08T21:51:50Z"}]
[05:52:50] [DEVICE] << [2,"9c22b898-de65-40ad-939b-a58420f7b44e","Heartbeat",{}]
[05:52:50] [DEVICE] >> [3,"9c22b898-de65-40ad-939b-a58420f7b44e",{"currentTime":"2026-07-08T21:52:50Z"}]
[05:53:50] [DEVICE] << [2,"d53cd57b-e4dc-48f0-ad28-188c5b83dd41","Heartbeat",{}]
[05:53:50] [DEVICE] >> [3,"d53cd57b-e4dc-48f0-ad28-188c5b83dd41",{"currentTime":"2026-07-08T21:53:50Z"}]
[05:54:50] [DEVICE] << [2,"70dc0ce8-d530-4d06-8302-15f85cf61d8b","Heartbeat",{}]
[05:54:50] [DEVICE] >> [3,"70dc0ce8-d530-4d06-8302-15f85cf61d8b",{"currentTime":"2026-07-08T21:54:50Z"}]
[05:55:50] [DEVICE] << [2,"0aa45a7a-a6b8-42d8-8cee-4dd1650e118d","Heartbeat",{}]
[05:55:50] [DEVICE] >> [3,"0aa45a7a-a6b8-42d8-8cee-4dd1650e118d",{"currentTime":"2026-07-08T21:55:50Z"}]
[05:56:50] [DEVICE] << [2,"10305c7a-1b05-4b28-a861-3f5421eaa16a","Heartbeat",{}]
[05:56:50] [DEVICE] >> [3,"10305c7a-1b05-4b28-a861-3f5421eaa16a",{"currentTime":"2026-07-08T21:56:50Z"}]
[05:57:50] [DEVICE] << [2,"9de6f86d-5c13-4106-a484-335bc48dd70b","Heartbeat",{}]
[05:57:50] [DEVICE] >> [3,"9de6f86d-5c13-4106-a484-335bc48dd70b",{"currentTime":"2026-07-08T21:57:50Z"}]
[05:58:50] [DEVICE] << [2,"9b604b18-d986-4102-9841-1f0bac18b56e","Heartbeat",{}]
[05:58:50] [DEVICE] >> [3,"9b604b18-d986-4102-9841-1f0bac18b56e",{"currentTime":"2026-07-08T21:58:50Z"}]
[05:59:50] [DEVICE] << [2,"e777e865-b9d9-4efd-86c6-869490995127","Heartbeat",{}]
[05:59:50] [DEVICE] >> [3,"e777e865-b9d9-4efd-86c6-869490995127",{"currentTime":"2026-07-08T21:59:50Z"}]
[06:00:50] [DEVICE] << [2,"19956840-ea27-4f0f-a323-460f9d2248a5","Heartbeat",{}]
[06:00:50] [DEVICE] >> [3,"19956840-ea27-4f0f-a323-460f9d2248a5",{"currentTime":"2026-07-08T22:00:50Z"}]
[06:01:50] [DEVICE] << [2,"2db4af03-6278-4824-ab0b-f4ef4e428d6c","Heartbeat",{}]
[06:01:50] [DEVICE] >> [3,"2db4af03-6278-4824-ab0b-f4ef4e428d6c",{"currentTime":"2026-07-08T22:01:50Z"}]
[06:02:50] [DEVICE] << [2,"bb43a7b8-d250-474d-8573-a9cea0f5d669","Heartbeat",{}]
[06:02:50] [DEVICE] >> [3,"bb43a7b8-d250-474d-8573-a9cea0f5d669",{"currentTime":"2026-07-08T22:02:50Z"}]
[06:03:50] [DEVICE] << [2,"2fb78284-0772-4b46-82d1-401c483ddb1c","Heartbeat",{}]
[06:03:50] [DEVICE] >> [3,"2fb78284-0772-4b46-82d1-401c483ddb1c",{"currentTime":"2026-07-08T22:03:50Z"}]
[06:04:50] [DEVICE] << [2,"810eacb3-29c7-47f0-af2a-5f3760c74988","Heartbeat",{}]
[06:04:50] [DEVICE] >> [3,"810eacb3-29c7-47f0-af2a-5f3760c74988",{"currentTime":"2026-07-08T22:04:50Z"}]
[06:05:50] [DEVICE] << [2,"0ee6e5d2-9c1d-4ca3-8219-f192492ed1a6","Heartbeat",{}]
[06:05:50] [DEVICE] >> [3,"0ee6e5d2-9c1d-4ca3-8219-f192492ed1a6",{"currentTime":"2026-07-08T22:05:50Z"}]
[06:06:50] [DEVICE] << [2,"25de7acf-e297-4c78-9ce7-449438f34f6e","Heartbeat",{}]
[06:06:50] [DEVICE] >> [3,"25de7acf-e297-4c78-9ce7-449438f34f6e",{"currentTime":"2026-07-08T22:06:50Z"}]
[06:07:50] [DEVICE] << [2,"5c6dea9e-3194-46f6-ba5f-539ee56c89a3","Heartbeat",{}]
[06:07:50] [DEVICE] >> [3,"5c6dea9e-3194-46f6-ba5f-539ee56c89a3",{"currentTime":"2026-07-08T22:07:50Z"}]
[06:08:50] [DEVICE] << [2,"c89c4c5f-5e20-4e58-8e48-7fab6cc24b42","Heartbeat",{}]
[06:08:50] [DEVICE] >> [3,"c89c4c5f-5e20-4e58-8e48-7fab6cc24b42",{"currentTime":"2026-07-08T22:08:50Z"}]
[06:09:50] [DEVICE] << [2,"0466db15-e80c-4943-97b5-633359dbb841","Heartbeat",{}]
[06:09:50] [DEVICE] >> [3,"0466db15-e80c-4943-97b5-633359dbb841",{"currentTime":"2026-07-08T22:09:50Z"}]
[06:10:50] [DEVICE] << [2,"62e2e1c8-c5d4-4fae-8f6d-67f29042bc86","Heartbeat",{}]
[06:10:50] [DEVICE] >> [3,"62e2e1c8-c5d4-4fae-8f6d-67f29042bc86",{"currentTime":"2026-07-08T22:10:50Z"}]
[06:11:50] [DEVICE] << [2,"806e7672-c08f-42d8-9b6e-0c2a36377658","Heartbeat",{}]
[06:11:50] [DEVICE] >> [3,"806e7672-c08f-42d8-9b6e-0c2a36377658",{"currentTime":"2026-07-08T22:11:50Z"}]
[06:12:50] [DEVICE] << [2,"74ca4feb-a418-4ed9-a952-caee2bb954f7","Heartbeat",{}]
[06:12:50] [DEVICE] >> [3,"74ca4feb-a418-4ed9-a952-caee2bb954f7",{"currentTime":"2026-07-08T22:12:50Z"}]
[06:13:50] [DEVICE] << [2,"b614b82a-5d5a-43ab-b1b6-d91c22bb74d2","Heartbeat",{}]
[06:13:50] [DEVICE] >> [3,"b614b82a-5d5a-43ab-b1b6-d91c22bb74d2",{"currentTime":"2026-07-08T22:13:50Z"}]
[06:14:50] [DEVICE] << [2,"5d0119f9-cdc5-4b53-9b70-7a8f35938fc0","Heartbeat",{}]
[06:14:50] [DEVICE] >> [3,"5d0119f9-cdc5-4b53-9b70-7a8f35938fc0",{"currentTime":"2026-07-08T22:14:50Z"}]
[06:15:50] [DEVICE] << [2,"39187b30-b712-40e2-bcca-68ef827f679a","Heartbeat",{}]
[06:15:50] [DEVICE] >> [3,"39187b30-b712-40e2-bcca-68ef827f679a",{"currentTime":"2026-07-08T22:15:50Z"}]
[06:16:50] [DEVICE] << [2,"bd2f3b56-4ee2-4050-bdaa-2abee8c31f3b","Heartbeat",{}]
[06:16:50] [DEVICE] >> [3,"bd2f3b56-4ee2-4050-bdaa-2abee8c31f3b",{"currentTime":"2026-07-08T22:16:50Z"}]
[06:17:50] [DEVICE] << [2,"10980173-8b45-442a-acd0-44f597ace388","Heartbeat",{}]
[06:17:50] [DEVICE] >> [3,"10980173-8b45-442a-acd0-44f597ace388",{"currentTime":"2026-07-08T22:17:50Z"}]
[06:18:50] [DEVICE] << [2,"5556639b-cba0-405d-a21c-0a635324897d","Heartbeat",{}]
[06:18:50] [DEVICE] >> [3,"5556639b-cba0-405d-a21c-0a635324897d",{"currentTime":"2026-07-08T22:18:50Z"}]
[06:19:50] [DEVICE] << [2,"a7478296-69d0-47e5-a40c-2e151b15fdee","Heartbeat",{}]
[06:19:50] [DEVICE] >> [3,"a7478296-69d0-47e5-a40c-2e151b15fdee",{"currentTime":"2026-07-08T22:19:50Z"}]
[06:20:50] [DEVICE] << [2,"2834dc16-da53-46a2-8b9b-968743f92748","Heartbeat",{}]
[06:20:50] [DEVICE] >> [3,"2834dc16-da53-46a2-8b9b-968743f92748",{"currentTime":"2026-07-08T22:20:50Z"}]
[06:21:50] [DEVICE] << [2,"781dbb85-0a00-456a-9960-90db6dea821e","Heartbeat",{}]
[06:21:50] [DEVICE] >> [3,"781dbb85-0a00-456a-9960-90db6dea821e",{"currentTime":"2026-07-08T22:21:50Z"}]
[06:22:50] [DEVICE] << [2,"759d6d86-38c0-41d3-b080-b88f3176ae49","Heartbeat",{}]
[06:22:50] [DEVICE] >> [3,"759d6d86-38c0-41d3-b080-b88f3176ae49",{"currentTime":"2026-07-08T22:22:50Z"}]
[06:23:50] [DEVICE] << [2,"43c0ab02-863f-4898-a90e-53bb6be21af2","Heartbeat",{}]
[06:23:50] [DEVICE] >> [3,"43c0ab02-863f-4898-a90e-53bb6be21af2",{"currentTime":"2026-07-08T22:23:50Z"}]
[06:24:50] [DEVICE] << [2,"901730fd-c0b6-4d08-82f6-c1ad9d0579ed","Heartbeat",{}]
[06:24:50] [DEVICE] >> [3,"901730fd-c0b6-4d08-82f6-c1ad9d0579ed",{"currentTime":"2026-07-08T22:24:50Z"}]
[06:25:51] [DEVICE] << [2,"3a811328-c7f9-4f33-9ccd-3ef002fbca68","Heartbeat",{}]
[06:25:51] [DEVICE] >> [3,"3a811328-c7f9-4f33-9ccd-3ef002fbca68",{"currentTime":"2026-07-08T22:25:51Z"}]
[06:26:51] [DEVICE] << [2,"4961e627-2757-4fc0-995d-015d80c6acfe","Heartbeat",{}]
[06:26:51] [DEVICE] >> [3,"4961e627-2757-4fc0-995d-015d80c6acfe",{"currentTime":"2026-07-08T22:26:51Z"}]
[06:27:51] [DEVICE] << [2,"3d97d387-9592-4b25-8ef4-ca53222ec2e5","Heartbeat",{}]
[06:27:51] [DEVICE] >> [3,"3d97d387-9592-4b25-8ef4-ca53222ec2e5",{"currentTime":"2026-07-08T22:27:51Z"}]
[06:28:51] [DEVICE] << [2,"4307a6e1-fc7e-4273-8597-1f6b65f7d049","Heartbeat",{}]
[06:28:51] [DEVICE] >> [3,"4307a6e1-fc7e-4273-8597-1f6b65f7d049",{"currentTime":"2026-07-08T22:28:51Z"}]
[06:29:51] [DEVICE] << [2,"07f2f7a7-4774-4f3a-a7bb-b688daf60608","Heartbeat",{}]
[06:29:51] [DEVICE] >> [3,"07f2f7a7-4774-4f3a-a7bb-b688daf60608",{"currentTime":"2026-07-08T22:29:51Z"}]
[06:30:51] [DEVICE] << [2,"abf039b9-ce69-4057-8512-b8baa4e35604","Heartbeat",{}]
[06:30:51] [DEVICE] >> [3,"abf039b9-ce69-4057-8512-b8baa4e35604",{"currentTime":"2026-07-08T22:30:51Z"}]
[06:31:51] [DEVICE] << [2,"079bd062-b576-4c12-b668-6b6dfcb9767b","Heartbeat",{}]
[06:31:51] [DEVICE] >> [3,"079bd062-b576-4c12-b668-6b6dfcb9767b",{"currentTime":"2026-07-08T22:31:51Z"}]
[06:32:51] [DEVICE] << [2,"58c8ce55-cd19-4915-a4c4-8d323b9b4916","Heartbeat",{}]
[06:32:51] [DEVICE] >> [3,"58c8ce55-cd19-4915-a4c4-8d323b9b4916",{"currentTime":"2026-07-08T22:32:51Z"}]
[06:33:51] [DEVICE] << [2,"631a9111-d532-4049-95e8-569913a20bb9","Heartbeat",{}]
[06:33:51] [DEVICE] >> [3,"631a9111-d532-4049-95e8-569913a20bb9",{"currentTime":"2026-07-08T22:33:51Z"}]
[06:34:51] [DEVICE] << [2,"7959c468-8419-4409-a10a-1fe8174085df","Heartbeat",{}]
[06:34:51] [DEVICE] >> [3,"7959c468-8419-4409-a10a-1fe8174085df",{"currentTime":"2026-07-08T22:34:51Z"}]
[06:35:51] [DEVICE] << [2,"94b6a553-28d1-4fba-b1fc-5b77435c330c","Heartbeat",{}]
[06:35:51] [DEVICE] >> [3,"94b6a553-28d1-4fba-b1fc-5b77435c330c",{"currentTime":"2026-07-08T22:35:51Z"}]
[06:36:51] [DEVICE] << [2,"4f3ca877-303d-4d06-bff2-4152f543527c","Heartbeat",{}]
[06:36:51] [DEVICE] >> [3,"4f3ca877-303d-4d06-bff2-4152f543527c",{"currentTime":"2026-07-08T22:36:51Z"}]
[06:37:51] [DEVICE] << [2,"8f7f5a11-4a63-42fe-badb-9ac95591dd3f","Heartbeat",{}]
[06:37:51] [DEVICE] >> [3,"8f7f5a11-4a63-42fe-badb-9ac95591dd3f",{"currentTime":"2026-07-08T22:37:51Z"}]
[06:38:51] [DEVICE] << [2,"c2e31c06-0fb3-4791-82bd-38f67127caed","Heartbeat",{}]
[06:38:51] [DEVICE] >> [3,"c2e31c06-0fb3-4791-82bd-38f67127caed",{"currentTime":"2026-07-08T22:38:51Z"}]
[06:39:51] [DEVICE] << [2,"a9734632-bcc9-4903-bd00-2c1086f54f11","Heartbeat",{}]
[06:39:51] [DEVICE] >> [3,"a9734632-bcc9-4903-bd00-2c1086f54f11",{"currentTime":"2026-07-08T22:39:51Z"}]
[06:40:51] [DEVICE] << [2,"b227be92-cafc-456f-86e3-40ed3fa84e50","Heartbeat",{}]
[06:40:51] [DEVICE] >> [3,"b227be92-cafc-456f-86e3-40ed3fa84e50",{"currentTime":"2026-07-08T22:40:51Z"}]
[06:41:51] [DEVICE] << [2,"95c532ee-c28c-45db-bff1-cd36513b3e27","Heartbeat",{}]
[06:41:51] [DEVICE] >> [3,"95c532ee-c28c-45db-bff1-cd36513b3e27",{"currentTime":"2026-07-08T22:41:51Z"}]
[06:42:51] [DEVICE] << [2,"4b2e2e85-ba22-402b-adac-853845188979","Heartbeat",{}]
[06:42:51] [DEVICE] >> [3,"4b2e2e85-ba22-402b-adac-853845188979",{"currentTime":"2026-07-08T22:42:51Z"}]
[06:43:51] [DEVICE] << [2,"f270974a-933b-4b8e-8366-48d9d3751bef","Heartbeat",{}]
[06:43:51] [DEVICE] >> [3,"f270974a-933b-4b8e-8366-48d9d3751bef",{"currentTime":"2026-07-08T22:43:51Z"}]
[06:44:51] [DEVICE] << [2,"c5e5ffae-5078-47c1-8a48-8682e7a43129","Heartbeat",{}]
[06:44:51] [DEVICE] >> [3,"c5e5ffae-5078-47c1-8a48-8682e7a43129",{"currentTime":"2026-07-08T22:44:51Z"}]
[06:45:51] [DEVICE] << [2,"af7d8e3e-8c7b-4ca8-86f2-7a981920d9c2","Heartbeat",{}]
[06:45:51] [DEVICE] >> [3,"af7d8e3e-8c7b-4ca8-86f2-7a981920d9c2",{"currentTime":"2026-07-08T22:45:51Z"}]
[06:46:51] [DEVICE] << [2,"0fd7184b-bc6f-4c43-8cb3-ebb3f11f3b9c","Heartbeat",{}]
[06:46:51] [DEVICE] >> [3,"0fd7184b-bc6f-4c43-8cb3-ebb3f11f3b9c",{"currentTime":"2026-07-08T22:46:51Z"}]
[06:47:51] [DEVICE] << [2,"a6400df1-4579-40b9-b1da-1e324896971c","Heartbeat",{}]
[06:47:51] [DEVICE] >> [3,"a6400df1-4579-40b9-b1da-1e324896971c",{"currentTime":"2026-07-08T22:47:51Z"}]
[06:48:51] [DEVICE] << [2,"37c7c7c4-a707-48a5-b3c1-d32c8167e3e4","Heartbeat",{}]
[06:48:51] [DEVICE] >> [3,"37c7c7c4-a707-48a5-b3c1-d32c8167e3e4",{"currentTime":"2026-07-08T22:48:51Z"}]
[06:49:51] [DEVICE] << [2,"0a00746e-ca12-459a-84d7-5f91f8dbbbb5","Heartbeat",{}]
[06:49:51] [DEVICE] >> [3,"0a00746e-ca12-459a-84d7-5f91f8dbbbb5",{"currentTime":"2026-07-08T22:49:51Z"}]
[06:50:51] [DEVICE] << [2,"d3c69cba-b52e-4f95-b81a-821d721065f3","Heartbeat",{}]
[06:50:51] [DEVICE] >> [3,"d3c69cba-b52e-4f95-b81a-821d721065f3",{"currentTime":"2026-07-08T22:50:51Z"}]
[06:51:51] [DEVICE] << [2,"41d8440f-b7b3-4ae8-aced-768ff20ad701","Heartbeat",{}]
[06:51:51] [DEVICE] >> [3,"41d8440f-b7b3-4ae8-aced-768ff20ad701",{"currentTime":"2026-07-08T22:51:51Z"}]
[06:52:51] [DEVICE] << [2,"5b3e92e6-1ad9-478d-a036-14809bd87132","Heartbeat",{}]
[06:52:51] [DEVICE] >> [3,"5b3e92e6-1ad9-478d-a036-14809bd87132",{"currentTime":"2026-07-08T22:52:51Z"}]
[06:53:51] [DEVICE] << [2,"2bb712dc-37c4-40ae-8eb8-5bfc109019bc","Heartbeat",{}]
[06:53:51] [DEVICE] >> [3,"2bb712dc-37c4-40ae-8eb8-5bfc109019bc",{"currentTime":"2026-07-08T22:53:51Z"}]
[06:54:51] [DEVICE] << [2,"d373b1e1-06c0-4fde-80c1-eda35f89129c","Heartbeat",{}]
[06:54:51] [DEVICE] >> [3,"d373b1e1-06c0-4fde-80c1-eda35f89129c",{"currentTime":"2026-07-08T22:54:51Z"}]
[06:55:51] [DEVICE] << [2,"b0d1a1d9-d62a-4d86-b7a9-df20da3be00a","Heartbeat",{}]
[06:55:51] [DEVICE] >> [3,"b0d1a1d9-d62a-4d86-b7a9-df20da3be00a",{"currentTime":"2026-07-08T22:55:51Z"}]
[06:56:51] [DEVICE] << [2,"658f6d4c-03d7-4ce6-a96f-11993d3fbcbe","Heartbeat",{}]
[06:56:51] [DEVICE] >> [3,"658f6d4c-03d7-4ce6-a96f-11993d3fbcbe",{"currentTime":"2026-07-08T22:56:51Z"}]
[06:57:51] [DEVICE] << [2,"7b7eb43f-6aa8-4420-965a-bc853afb8db0","Heartbeat",{}]
[06:57:51] [DEVICE] >> [3,"7b7eb43f-6aa8-4420-965a-bc853afb8db0",{"currentTime":"2026-07-08T22:57:51Z"}]
[06:58:51] [DEVICE] << [2,"7d8269b1-19c7-4c8a-b514-a20b57eabc34","Heartbeat",{}]
[06:58:51] [DEVICE] >> [3,"7d8269b1-19c7-4c8a-b514-a20b57eabc34",{"currentTime":"2026-07-08T22:58:51Z"}]
[06:59:51] [DEVICE] << [2,"58fe47ee-e931-48a9-9545-8a77882c18e2","Heartbeat",{}]
[06:59:51] [DEVICE] >> [3,"58fe47ee-e931-48a9-9545-8a77882c18e2",{"currentTime":"2026-07-08T22:59:51Z"}]
[07:00:51] [DEVICE] << [2,"7a805fe4-eed4-42b5-8ec7-90bd255a63d2","Heartbeat",{}]
[07:00:51] [DEVICE] >> [3,"7a805fe4-eed4-42b5-8ec7-90bd255a63d2",{"currentTime":"2026-07-08T23:00:51Z"}]
[07:01:51] [DEVICE] << [2,"db462f37-eac6-4236-ab5d-3aa446f01278","Heartbeat",{}]
[07:01:51] [DEVICE] >> [3,"db462f37-eac6-4236-ab5d-3aa446f01278",{"currentTime":"2026-07-08T23:01:51Z"}]
[07:02:51] [DEVICE] << [2,"9afdaa15-9a55-4fa7-b2d2-61d3c36a9afd","Heartbeat",{}]
[07:02:51] [DEVICE] >> [3,"9afdaa15-9a55-4fa7-b2d2-61d3c36a9afd",{"currentTime":"2026-07-08T23:02:51Z"}]
[07:03:51] [DEVICE] << [2,"c70273c4-d483-48d0-bce5-9248c13f76aa","Heartbeat",{}]
[07:03:51] [DEVICE] >> [3,"c70273c4-d483-48d0-bce5-9248c13f76aa",{"currentTime":"2026-07-08T23:03:51Z"}]
[07:04:51] [DEVICE] << [2,"72004a0c-bba9-45f1-85cd-b1dc96a7b9ec","Heartbeat",{}]
[07:04:51] [DEVICE] >> [3,"72004a0c-bba9-45f1-85cd-b1dc96a7b9ec",{"currentTime":"2026-07-08T23:04:51Z"}]
[07:05:51] [DEVICE] << [2,"5a977982-4d45-4e17-9caf-285a93f23410","Heartbeat",{}]
[07:05:51] [DEVICE] >> [3,"5a977982-4d45-4e17-9caf-285a93f23410",{"currentTime":"2026-07-08T23:05:51Z"}]
[07:06:51] [DEVICE] << [2,"848b3486-070b-498c-a53a-7cd042b98c98","Heartbeat",{}]
[07:06:51] [DEVICE] >> [3,"848b3486-070b-498c-a53a-7cd042b98c98",{"currentTime":"2026-07-08T23:06:51Z"}]
[07:07:51] [DEVICE] << [2,"0cd214d4-2d7f-47fe-bb41-54311704373d","Heartbeat",{}]
[07:07:51] [DEVICE] >> [3,"0cd214d4-2d7f-47fe-bb41-54311704373d",{"currentTime":"2026-07-08T23:07:51Z"}]
[07:08:51] [DEVICE] << [2,"f3c8e975-3f17-441b-979f-5ac2578b9c8c","Heartbeat",{}]
[07:08:51] [DEVICE] >> [3,"f3c8e975-3f17-441b-979f-5ac2578b9c8c",{"currentTime":"2026-07-08T23:08:51Z"}]
[07:09:51] [DEVICE] << [2,"b0001d3a-6785-4314-b122-215ed891227f","Heartbeat",{}]
[07:09:51] [DEVICE] >> [3,"b0001d3a-6785-4314-b122-215ed891227f",{"currentTime":"2026-07-08T23:09:51Z"}]
[07:10:51] [DEVICE] << [2,"a5ff074e-b190-43e3-9747-71e55923ff4a","Heartbeat",{}]
[07:10:51] [DEVICE] >> [3,"a5ff074e-b190-43e3-9747-71e55923ff4a",{"currentTime":"2026-07-08T23:10:51Z"}]
[07:11:51] [DEVICE] << [2,"d41f21c4-4e2b-48fe-89d1-1a83b58f46a6","Heartbeat",{}]
[07:11:51] [DEVICE] >> [3,"d41f21c4-4e2b-48fe-89d1-1a83b58f46a6",{"currentTime":"2026-07-08T23:11:51Z"}]
[07:12:51] [DEVICE] << [2,"16641570-dc88-4b3a-88b5-30b7a402bb42","Heartbeat",{}]
[07:12:51] [DEVICE] >> [3,"16641570-dc88-4b3a-88b5-30b7a402bb42",{"currentTime":"2026-07-08T23:12:51Z"}]
[07:13:51] [DEVICE] << [2,"851954d4-f72b-4272-83b8-521bac682cbd","Heartbeat",{}]
[07:13:51] [DEVICE] >> [3,"851954d4-f72b-4272-83b8-521bac682cbd",{"currentTime":"2026-07-08T23:13:51Z"}]
[07:14:51] [DEVICE] << [2,"1cb786dd-fddd-4a5c-8827-7c79e0982b1b","Heartbeat",{}]
[07:14:51] [DEVICE] >> [3,"1cb786dd-fddd-4a5c-8827-7c79e0982b1b",{"currentTime":"2026-07-08T23:14:51Z"}]
[07:15:51] [DEVICE] << [2,"e4a889ad-7034-4f8b-afcc-d790d4bef3e8","Heartbeat",{}]
[07:15:52] [DEVICE] >> [3,"e4a889ad-7034-4f8b-afcc-d790d4bef3e8",{"currentTime":"2026-07-08T23:15:52Z"}]
[07:16:52] [DEVICE] << [2,"927b0749-fdd8-4980-965c-6ab0b57b2b51","Heartbeat",{}]
[07:16:52] [DEVICE] >> [3,"927b0749-fdd8-4980-965c-6ab0b57b2b51",{"currentTime":"2026-07-08T23:16:52Z"}]
[07:17:51] [DEVICE] << [2,"552f8ecc-29c3-4404-905c-b53e69d25085","Heartbeat",{}]
[07:17:51] [DEVICE] >> [3,"552f8ecc-29c3-4404-905c-b53e69d25085",{"currentTime":"2026-07-08T23:17:51Z"}]
[07:18:51] [DEVICE] << [2,"efae4d60-97b4-4b11-ab1a-ed3c725433e5","Heartbeat",{}]
[07:18:52] [DEVICE] >> [3,"efae4d60-97b4-4b11-ab1a-ed3c725433e5",{"currentTime":"2026-07-08T23:18:52Z"}]
[07:19:52] [DEVICE] << [2,"5fd89106-43da-4809-b8ec-cf88577d9c6a","Heartbeat",{}]
[07:19:52] [DEVICE] >> [3,"5fd89106-43da-4809-b8ec-cf88577d9c6a",{"currentTime":"2026-07-08T23:19:52Z"}]
[07:20:52] [DEVICE] << [2,"0b240e1b-1dc8-4cb0-aca3-f7ab043f627d","Heartbeat",{}]
[07:20:52] [DEVICE] >> [3,"0b240e1b-1dc8-4cb0-aca3-f7ab043f627d",{"currentTime":"2026-07-08T23:20:52Z"}]
[07:21:52] [DEVICE] << [2,"26b98d81-716b-4abc-9562-4b3f5a28414e","Heartbeat",{}]
[07:21:52] [DEVICE] >> [3,"26b98d81-716b-4abc-9562-4b3f5a28414e",{"currentTime":"2026-07-08T23:21:52Z"}]
[07:22:52] [DEVICE] << [2,"18d0579f-26bd-4fdb-96ce-b81833179694","Heartbeat",{}]
[07:22:52] [DEVICE] >> [3,"18d0579f-26bd-4fdb-96ce-b81833179694",{"currentTime":"2026-07-08T23:22:52Z"}]
[07:23:52] [DEVICE] << [2,"f5f056ca-ce5e-4c9d-92ca-10bc9fdc0674","Heartbeat",{}]
[07:23:52] [DEVICE] >> [3,"f5f056ca-ce5e-4c9d-92ca-10bc9fdc0674",{"currentTime":"2026-07-08T23:23:52Z"}]
[07:24:52] [DEVICE] << [2,"60e6baab-0da5-4ed3-abeb-8a16ffcfa384","Heartbeat",{}]
[07:24:52] [DEVICE] >> [3,"60e6baab-0da5-4ed3-abeb-8a16ffcfa384",{"currentTime":"2026-07-08T23:24:52Z"}]
[07:25:52] [DEVICE] << [2,"fd86626a-300a-4a30-948c-0edec5ced0c5","Heartbeat",{}]
[07:25:52] [DEVICE] >> [3,"fd86626a-300a-4a30-948c-0edec5ced0c5",{"currentTime":"2026-07-08T23:25:52Z"}]
[07:26:52] [DEVICE] << [2,"5f50ebf3-b192-47c7-9c6e-8ba48dafa52b","Heartbeat",{}]
[07:26:52] [DEVICE] >> [3,"5f50ebf3-b192-47c7-9c6e-8ba48dafa52b",{"currentTime":"2026-07-08T23:26:52Z"}]
[07:27:52] [DEVICE] << [2,"a7f6a348-35af-4e5d-a1b9-45d1c14ce724","Heartbeat",{}]
[07:27:52] [DEVICE] >> [3,"a7f6a348-35af-4e5d-a1b9-45d1c14ce724",{"currentTime":"2026-07-08T23:27:52Z"}]
[07:28:52] [DEVICE] << [2,"8f4d25d1-eed2-4511-a457-6314c97907d1","Heartbeat",{}]
[07:28:52] [DEVICE] >> [3,"8f4d25d1-eed2-4511-a457-6314c97907d1",{"currentTime":"2026-07-08T23:28:52Z"}]
[07:29:52] [DEVICE] << [2,"cb6538bc-771f-443b-abd8-317e1dd3e29e","Heartbeat",{}]
[07:29:52] [DEVICE] >> [3,"cb6538bc-771f-443b-abd8-317e1dd3e29e",{"currentTime":"2026-07-08T23:29:52Z"}]
[07:30:52] [DEVICE] << [2,"8ef4e3f8-d828-4218-9862-1d0853a0ff77","Heartbeat",{}]
[07:30:52] [DEVICE] >> [3,"8ef4e3f8-d828-4218-9862-1d0853a0ff77",{"currentTime":"2026-07-08T23:30:52Z"}]
[07:31:52] [DEVICE] << [2,"c8b54a98-bccd-41dd-bd08-5dcbacf76dfe","Heartbeat",{}]
[07:31:52] [DEVICE] >> [3,"c8b54a98-bccd-41dd-bd08-5dcbacf76dfe",{"currentTime":"2026-07-08T23:31:52Z"}]
[07:32:52] [DEVICE] << [2,"91da8693-0969-4273-a738-f6743ae541e9","Heartbeat",{}]
[07:32:52] [DEVICE] >> [3,"91da8693-0969-4273-a738-f6743ae541e9",{"currentTime":"2026-07-08T23:32:52Z"}]
[07:33:52] [DEVICE] << [2,"0c3ca82e-3be0-4132-b5a6-4f02dcda7835","Heartbeat",{}]
[07:33:52] [DEVICE] >> [3,"0c3ca82e-3be0-4132-b5a6-4f02dcda7835",{"currentTime":"2026-07-08T23:33:52Z"}]
[07:34:52] [DEVICE] << [2,"d2ad4b98-f99e-4392-ad5d-e2609b14e14c","Heartbeat",{}]
[07:34:52] [DEVICE] >> [3,"d2ad4b98-f99e-4392-ad5d-e2609b14e14c",{"currentTime":"2026-07-08T23:34:52Z"}]
[07:35:52] [DEVICE] << [2,"ba0ec45a-346b-403b-971d-d753ae85e905","Heartbeat",{}]
[07:35:52] [DEVICE] >> [3,"ba0ec45a-346b-403b-971d-d753ae85e905",{"currentTime":"2026-07-08T23:35:52Z"}]
[07:36:52] [DEVICE] << [2,"a230b3a2-0eb8-40d1-8e52-7f29ce30410f","Heartbeat",{}]
[07:36:52] [DEVICE] >> [3,"a230b3a2-0eb8-40d1-8e52-7f29ce30410f",{"currentTime":"2026-07-08T23:36:52Z"}]
[07:37:52] [DEVICE] << [2,"e4a5a0fc-dbe5-4a49-bdb6-646f3a96ab03","Heartbeat",{}]
[07:37:52] [DEVICE] >> [3,"e4a5a0fc-dbe5-4a49-bdb6-646f3a96ab03",{"currentTime":"2026-07-08T23:37:52Z"}]
[07:38:52] [DEVICE] << [2,"de1ea944-03f9-49bc-91f7-e5004adec005","Heartbeat",{}]
[07:38:52] [DEVICE] >> [3,"de1ea944-03f9-49bc-91f7-e5004adec005",{"currentTime":"2026-07-08T23:38:52Z"}]
[07:39:52] [DEVICE] << [2,"b5c5f073-7c61-4b82-9872-e486d5e86fee","Heartbeat",{}]
[07:39:52] [DEVICE] >> [3,"b5c5f073-7c61-4b82-9872-e486d5e86fee",{"currentTime":"2026-07-08T23:39:52Z"}]
[07:40:52] [DEVICE] << [2,"dc38a8ae-9740-456b-b462-406a7b208aac","Heartbeat",{}]
[07:40:52] [DEVICE] >> [3,"dc38a8ae-9740-456b-b462-406a7b208aac",{"currentTime":"2026-07-08T23:40:52Z"}]
[07:41:52] [DEVICE] << [2,"72bcfc34-7710-4864-905f-7d159b5cd108","Heartbeat",{}]
[07:41:52] [DEVICE] >> [3,"72bcfc34-7710-4864-905f-7d159b5cd108",{"currentTime":"2026-07-08T23:41:52Z"}]
[07:42:52] [DEVICE] << [2,"936a7a60-370b-45b6-ae05-228997a578fe","Heartbeat",{}]
[07:42:52] [DEVICE] >> [3,"936a7a60-370b-45b6-ae05-228997a578fe",{"currentTime":"2026-07-08T23:42:52Z"}]
[07:43:52] [DEVICE] << [2,"b0de926e-5172-49c1-8114-6b9b5eda409b","Heartbeat",{}]
[07:43:52] [DEVICE] >> [3,"b0de926e-5172-49c1-8114-6b9b5eda409b",{"currentTime":"2026-07-08T23:43:52Z"}]
[07:44:52] [DEVICE] << [2,"51fb74a8-9285-4c6d-852e-6f4ef6c4ce11","Heartbeat",{}]
[07:44:52] [DEVICE] >> [3,"51fb74a8-9285-4c6d-852e-6f4ef6c4ce11",{"currentTime":"2026-07-08T23:44:52Z"}]
[07:45:52] [DEVICE] << [2,"63da3efb-6f3f-4c53-aab3-8dda4e37c75b","Heartbeat",{}]
[07:45:52] [DEVICE] >> [3,"63da3efb-6f3f-4c53-aab3-8dda4e37c75b",{"currentTime":"2026-07-08T23:45:52Z"}]
[07:46:52] [DEVICE] << [2,"b17cb5a6-bbf3-4dc2-b588-e1bf4807de56","Heartbeat",{}]
[07:46:52] [DEVICE] >> [3,"b17cb5a6-bbf3-4dc2-b588-e1bf4807de56",{"currentTime":"2026-07-08T23:46:52Z"}]
[07:47:52] [DEVICE] << [2,"e605335a-383f-44b8-8f3b-e84b4d18d93c","Heartbeat",{}]
[07:47:52] [DEVICE] >> [3,"e605335a-383f-44b8-8f3b-e84b4d18d93c",{"currentTime":"2026-07-08T23:47:52Z"}]
[07:48:52] [DEVICE] << [2,"6198b961-7dbe-44f8-87bb-67e37dde422b","Heartbeat",{}]
[07:48:52] [DEVICE] >> [3,"6198b961-7dbe-44f8-87bb-67e37dde422b",{"currentTime":"2026-07-08T23:48:52Z"}]
[07:49:52] [DEVICE] << [2,"245bceab-faf0-4f98-aedb-c02847aa808f","Heartbeat",{}]
[07:49:52] [DEVICE] >> [3,"245bceab-faf0-4f98-aedb-c02847aa808f",{"currentTime":"2026-07-08T23:49:52Z"}]
[07:50:52] [DEVICE] << [2,"d3bf8932-d226-4a96-ad1a-79b2e0099a91","Heartbeat",{}]
[07:50:52] [DEVICE] >> [3,"d3bf8932-d226-4a96-ad1a-79b2e0099a91",{"currentTime":"2026-07-08T23:50:52Z"}]
[07:51:52] [DEVICE] << [2,"b0982c23-9d1a-46eb-8f4e-dbbc3e7adf2f","Heartbeat",{}]
[07:51:52] [DEVICE] >> [3,"b0982c23-9d1a-46eb-8f4e-dbbc3e7adf2f",{"currentTime":"2026-07-08T23:51:52Z"}]
[07:52:52] [DEVICE] << [2,"357ddd78-753c-4a4b-bd84-49e761bba49f","Heartbeat",{}]
[07:52:52] [DEVICE] >> [3,"357ddd78-753c-4a4b-bd84-49e761bba49f",{"currentTime":"2026-07-08T23:52:52Z"}]
[07:53:52] [DEVICE] << [2,"ce9a9a0c-4e57-4f3f-b0c9-972e7042ef05","Heartbeat",{}]
[07:53:52] [DEVICE] >> [3,"ce9a9a0c-4e57-4f3f-b0c9-972e7042ef05",{"currentTime":"2026-07-08T23:53:52Z"}]
[07:54:52] [DEVICE] << [2,"de3c3dc5-6514-4411-9c9f-9111d60d56ca","Heartbeat",{}]
[07:54:52] [DEVICE] >> [3,"de3c3dc5-6514-4411-9c9f-9111d60d56ca",{"currentTime":"2026-07-08T23:54:52Z"}]
[07:55:52] [DEVICE] << [2,"c3d747bf-5a61-4d40-80fd-dba542d38539","Heartbeat",{}]
[07:55:52] [DEVICE] >> [3,"c3d747bf-5a61-4d40-80fd-dba542d38539",{"currentTime":"2026-07-08T23:55:52Z"}]
[07:56:52] [DEVICE] << [2,"d3296eaf-c515-4783-8ba6-b08a7f222d83","Heartbeat",{}]
[07:56:52] [DEVICE] >> [3,"d3296eaf-c515-4783-8ba6-b08a7f222d83",{"currentTime":"2026-07-08T23:56:52Z"}]
[07:57:52] [DEVICE] << [2,"d5782ace-0385-459e-b2fd-4e280a2d958a","Heartbeat",{}]
[07:57:52] [DEVICE] >> [3,"d5782ace-0385-459e-b2fd-4e280a2d958a",{"currentTime":"2026-07-08T23:57:52Z"}]
[07:58:52] [DEVICE] << [2,"dd396175-cc9b-4a23-9549-d476e1a038dd","Heartbeat",{}]
[07:58:52] [DEVICE] >> [3,"dd396175-cc9b-4a23-9549-d476e1a038dd",{"currentTime":"2026-07-08T23:58:52Z"}]
[07:59:52] [DEVICE] << [2,"3e0a952e-9f1c-45d3-a8c5-5fbb5178b44b","Heartbeat",{}]
[07:59:52] [DEVICE] >> [3,"3e0a952e-9f1c-45d3-a8c5-5fbb5178b44b",{"currentTime":"2026-07-08T23:59:52Z"}]
[08:00:52] [DEVICE] << [2,"609c6143-b7a0-416b-8c6c-1fe55d7fc7de","Heartbeat",{}]
[08:00:52] [DEVICE] >> [3,"609c6143-b7a0-416b-8c6c-1fe55d7fc7de",{"currentTime":"2026-07-09T00:00:52Z"}]
[08:01:52] [DEVICE] << [2,"dde4211c-1fdf-482f-bc3e-cde626de904d","Heartbeat",{}]
[08:01:52] [DEVICE] >> [3,"dde4211c-1fdf-482f-bc3e-cde626de904d",{"currentTime":"2026-07-09T00:01:52Z"}]
[08:02:52] [DEVICE] << [2,"ee38c8ab-9c80-4a87-8f91-42a0548459fc","Heartbeat",{}]
[08:02:52] [DEVICE] >> [3,"ee38c8ab-9c80-4a87-8f91-42a0548459fc",{"currentTime":"2026-07-09T00:02:52Z"}]
[08:03:52] [DEVICE] << [2,"17b7898e-15fc-485a-b6fa-da5f7d164e95","Heartbeat",{}]
[08:03:52] [DEVICE] >> [3,"17b7898e-15fc-485a-b6fa-da5f7d164e95",{"currentTime":"2026-07-09T00:03:52Z"}]
[08:04:52] [DEVICE] << [2,"e9d08ebb-8eeb-48c8-8440-f3fd180ed74a","Heartbeat",{}]
[08:04:53] [DEVICE] >> [3,"e9d08ebb-8eeb-48c8-8440-f3fd180ed74a",{"currentTime":"2026-07-09T00:04:53Z"}]
[08:05:52] [DEVICE] << [2,"9c540f36-c519-4220-a7a5-f866561d267f","Heartbeat",{}]
[08:05:53] [DEVICE] >> [3,"9c540f36-c519-4220-a7a5-f866561d267f",{"currentTime":"2026-07-09T00:05:53Z"}]
[08:06:52] [DEVICE] << [2,"076ce850-c190-4e7b-8268-86e7e6f078a2","Heartbeat",{}]
[08:06:53] [DEVICE] >> [3,"076ce850-c190-4e7b-8268-86e7e6f078a2",{"currentTime":"2026-07-09T00:06:53Z"}]
[08:07:52] [DEVICE] << [2,"eccf6127-bfa2-49e1-8ebd-bf3e3b51972a","Heartbeat",{}]
[08:07:53] [DEVICE] >> [3,"eccf6127-bfa2-49e1-8ebd-bf3e3b51972a",{"currentTime":"2026-07-09T00:07:53Z"}]
[08:08:52] [DEVICE] << [2,"31d25743-b1a7-4984-85d8-71af1b42d081","Heartbeat",{}]
[08:08:53] [DEVICE] >> [3,"31d25743-b1a7-4984-85d8-71af1b42d081",{"currentTime":"2026-07-09T00:08:53Z"}]
[08:09:52] [DEVICE] << [2,"3f59f384-135a-466a-9103-51b6489401cd","Heartbeat",{}]
[08:09:53] [DEVICE] >> [3,"3f59f384-135a-466a-9103-51b6489401cd",{"currentTime":"2026-07-09T00:09:53Z"}]
[08:10:53] [DEVICE] << [2,"ac990c63-b723-41ce-8aec-5c4bbc7b49b4","Heartbeat",{}]
[08:10:53] [DEVICE] >> [3,"ac990c63-b723-41ce-8aec-5c4bbc7b49b4",{"currentTime":"2026-07-09T00:10:53Z"}]
[08:11:53] [DEVICE] << [2,"e97cb48c-7402-43df-aa61-24d2255f69c1","Heartbeat",{}]
[08:11:53] [DEVICE] >> [3,"e97cb48c-7402-43df-aa61-24d2255f69c1",{"currentTime":"2026-07-09T00:11:53Z"}]
[08:12:53] [DEVICE] << [2,"179ca3ab-b399-4419-bf52-68f9ba34f5da","Heartbeat",{}]
[08:12:53] [DEVICE] >> [3,"179ca3ab-b399-4419-bf52-68f9ba34f5da",{"currentTime":"2026-07-09T00:12:53Z"}]
[08:13:53] [DEVICE] << [2,"88c7fe42-b8bb-49b7-bf6e-495a4a1c85e0","Heartbeat",{}]
[08:13:53] [DEVICE] >> [3,"88c7fe42-b8bb-49b7-bf6e-495a4a1c85e0",{"currentTime":"2026-07-09T00:13:53Z"}]
[08:14:53] [DEVICE] << [2,"d54f2028-cdc3-450d-8b03-60a493c2eddd","Heartbeat",{}]
[08:14:53] [DEVICE] >> [3,"d54f2028-cdc3-450d-8b03-60a493c2eddd",{"currentTime":"2026-07-09T00:14:53Z"}]
[08:15:53] [DEVICE] << [2,"220d2c43-eda3-49ba-b7b9-7cdaa0044bce","Heartbeat",{}]
[08:15:53] [DEVICE] >> [3,"220d2c43-eda3-49ba-b7b9-7cdaa0044bce",{"currentTime":"2026-07-09T00:15:53Z"}]
[08:16:53] [DEVICE] << [2,"1029d07f-d662-486c-91cf-815ab415e850","Heartbeat",{}]
[08:16:53] [DEVICE] >> [3,"1029d07f-d662-486c-91cf-815ab415e850",{"currentTime":"2026-07-09T00:16:53Z"}]
[08:17:53] [DEVICE] << [2,"42157121-d8af-40b2-a5ec-145a387b91c5","Heartbeat",{}]
[08:17:53] [DEVICE] >> [3,"42157121-d8af-40b2-a5ec-145a387b91c5",{"currentTime":"2026-07-09T00:17:53Z"}]
[08:18:53] [DEVICE] << [2,"e5d9780d-d612-45ca-b66c-d9d9b1ff520d","Heartbeat",{}]
[08:18:53] [DEVICE] >> [3,"e5d9780d-d612-45ca-b66c-d9d9b1ff520d",{"currentTime":"2026-07-09T00:18:53Z"}]
[08:19:53] [DEVICE] << [2,"52d8dd3e-9c42-44b1-a4d8-e62cf25a4d61","Heartbeat",{}]
[08:19:53] [DEVICE] >> [3,"52d8dd3e-9c42-44b1-a4d8-e62cf25a4d61",{"currentTime":"2026-07-09T00:19:53Z"}]
[08:20:53] [DEVICE] << [2,"b02a0870-69fc-437f-aeb9-280c001490cc","Heartbeat",{}]
[08:20:53] [DEVICE] >> [3,"b02a0870-69fc-437f-aeb9-280c001490cc",{"currentTime":"2026-07-09T00:20:53Z"}]
[08:21:53] [DEVICE] << [2,"a28ae4f2-73aa-49b1-b03f-3d44126dc196","Heartbeat",{}]
[08:21:53] [DEVICE] >> [3,"a28ae4f2-73aa-49b1-b03f-3d44126dc196",{"currentTime":"2026-07-09T00:21:53Z"}]
[08:22:53] [DEVICE] << [2,"99022eb4-9750-4bfd-9765-eb9a1e78e320","Heartbeat",{}]
[08:22:53] [DEVICE] >> [3,"99022eb4-9750-4bfd-9765-eb9a1e78e320",{"currentTime":"2026-07-09T00:22:53Z"}]
[08:23:53] [DEVICE] << [2,"c64877c5-eab2-4ac2-b656-df678f49439b","Heartbeat",{}]
[08:23:53] [DEVICE] >> [3,"c64877c5-eab2-4ac2-b656-df678f49439b",{"currentTime":"2026-07-09T00:23:53Z"}]
[08:24:53] [DEVICE] << [2,"5c135073-0aad-4a69-bc0a-ee7d47462706","Heartbeat",{}]
[08:24:53] [DEVICE] >> [3,"5c135073-0aad-4a69-bc0a-ee7d47462706",{"currentTime":"2026-07-09T00:24:53Z"}]
[08:25:53] [DEVICE] << [2,"0a7d4660-2b61-4cf1-8400-c112b68b07ed","Heartbeat",{}]
[08:25:53] [DEVICE] >> [3,"0a7d4660-2b61-4cf1-8400-c112b68b07ed",{"currentTime":"2026-07-09T00:25:53Z"}]
[08:26:53] [DEVICE] << [2,"2f68d3d5-d7be-46c1-8aee-0f343dde7451","Heartbeat",{}]
[08:26:53] [DEVICE] >> [3,"2f68d3d5-d7be-46c1-8aee-0f343dde7451",{"currentTime":"2026-07-09T00:26:53Z"}]
[08:27:53] [DEVICE] << [2,"9a17a44d-332f-4ca0-b378-cb7c063bacd2","Heartbeat",{}]
[08:27:53] [DEVICE] >> [3,"9a17a44d-332f-4ca0-b378-cb7c063bacd2",{"currentTime":"2026-07-09T00:27:53Z"}]
[08:28:53] [DEVICE] << [2,"4e3175b6-94ad-409e-a7da-f6d74b53c7bc","Heartbeat",{}]
[08:28:53] [DEVICE] >> [3,"4e3175b6-94ad-409e-a7da-f6d74b53c7bc",{"currentTime":"2026-07-09T00:28:53Z"}]
[08:29:53] [DEVICE] << [2,"857e45b7-f4ce-4ad3-b639-8e14866b008e","Heartbeat",{}]
[08:29:53] [DEVICE] >> [3,"857e45b7-f4ce-4ad3-b639-8e14866b008e",{"currentTime":"2026-07-09T00:29:53Z"}]
[08:30:53] [DEVICE] << [2,"a48c75ec-2cb7-4c7d-9cf6-9f09e4f14010","Heartbeat",{}]
[08:30:53] [DEVICE] >> [3,"a48c75ec-2cb7-4c7d-9cf6-9f09e4f14010",{"currentTime":"2026-07-09T00:30:53Z"}]
[08:31:53] [DEVICE] << [2,"ff3b7472-6a89-4c71-8690-c63ec3d66856","Heartbeat",{}]
[08:31:53] [DEVICE] >> [3,"ff3b7472-6a89-4c71-8690-c63ec3d66856",{"currentTime":"2026-07-09T00:31:53Z"}]
[08:32:53] [DEVICE] << [2,"b9f4440d-5af1-495a-8fac-c89fa50d914c","Heartbeat",{}]
[08:32:53] [DEVICE] >> [3,"b9f4440d-5af1-495a-8fac-c89fa50d914c",{"currentTime":"2026-07-09T00:32:53Z"}]
[08:33:53] [DEVICE] << [2,"9649defd-8ab8-4a49-a439-52d1303eba24","Heartbeat",{}]
[08:33:53] [DEVICE] >> [3,"9649defd-8ab8-4a49-a439-52d1303eba24",{"currentTime":"2026-07-09T00:33:53Z"}]
[08:34:53] [DEVICE] << [2,"ea23e6aa-2fb1-4b06-8a6c-a89d1482c89e","Heartbeat",{}]
[08:34:53] [DEVICE] >> [3,"ea23e6aa-2fb1-4b06-8a6c-a89d1482c89e",{"currentTime":"2026-07-09T00:34:53Z"}]
[08:35:53] [DEVICE] << [2,"1c4047e6-636c-41ad-bc7b-0c027b99e900","Heartbeat",{}]
[08:35:53] [DEVICE] >> [3,"1c4047e6-636c-41ad-bc7b-0c027b99e900",{"currentTime":"2026-07-09T00:35:53Z"}]
[08:36:53] [DEVICE] << [2,"8fa24a62-d298-4a9e-873b-e48fb642db89","Heartbeat",{}]
[08:36:53] [DEVICE] >> [3,"8fa24a62-d298-4a9e-873b-e48fb642db89",{"currentTime":"2026-07-09T00:36:53Z"}]
[08:37:53] [DEVICE] << [2,"03f37233-05c8-4a39-9dd0-330f184115ac","Heartbeat",{}]
[08:37:53] [DEVICE] >> [3,"03f37233-05c8-4a39-9dd0-330f184115ac",{"currentTime":"2026-07-09T00:37:53Z"}]
[08:38:53] [DEVICE] << [2,"b06d6584-a086-4bbf-98cf-e8d1671149ed","Heartbeat",{}]
[08:38:53] [DEVICE] >> [3,"b06d6584-a086-4bbf-98cf-e8d1671149ed",{"currentTime":"2026-07-09T00:38:53Z"}]
[08:39:53] [DEVICE] << [2,"6379ba1d-6086-40d0-a31b-2d011d049eb2","Heartbeat",{}]
[08:39:53] [DEVICE] >> [3,"6379ba1d-6086-40d0-a31b-2d011d049eb2",{"currentTime":"2026-07-09T00:39:53Z"}]
[08:40:53] [DEVICE] << [2,"4402fc4f-4c66-4f36-8956-0751055c87ce","Heartbeat",{}]
[08:40:53] [DEVICE] >> [3,"4402fc4f-4c66-4f36-8956-0751055c87ce",{"currentTime":"2026-07-09T00:40:53Z"}]
[08:41:53] [DEVICE] << [2,"0379616c-5440-455c-adca-9bc582bc13a2","Heartbeat",{}]
[08:41:53] [DEVICE] >> [3,"0379616c-5440-455c-adca-9bc582bc13a2",{"currentTime":"2026-07-09T00:41:53Z"}]
[08:42:53] [DEVICE] << [2,"0dbf4fdc-ee92-4336-b8d7-f6834c51ddc3","Heartbeat",{}]
[08:42:53] [DEVICE] >> [3,"0dbf4fdc-ee92-4336-b8d7-f6834c51ddc3",{"currentTime":"2026-07-09T00:42:53Z"}]
[08:43:53] [DEVICE] << [2,"1f7129e0-62e8-4195-97d4-8a16db9ff101","Heartbeat",{}]
[08:43:53] [DEVICE] >> [3,"1f7129e0-62e8-4195-97d4-8a16db9ff101",{"currentTime":"2026-07-09T00:43:53Z"}]
[08:44:53] [DEVICE] << [2,"9060a448-4bc8-4620-a86d-4b0e409b05ad","Heartbeat",{}]
[08:44:53] [DEVICE] >> [3,"9060a448-4bc8-4620-a86d-4b0e409b05ad",{"currentTime":"2026-07-09T00:44:53Z"}]
[08:45:53] [DEVICE] << [2,"069a48a0-7551-4073-b396-df07e6a3eb10","Heartbeat",{}]
[08:45:53] [DEVICE] >> [3,"069a48a0-7551-4073-b396-df07e6a3eb10",{"currentTime":"2026-07-09T00:45:53Z"}]
[08:46:53] [DEVICE] << [2,"40c2dd72-7efc-4365-a242-a0af0e05dcd0","Heartbeat",{}]
[08:46:53] [DEVICE] >> [3,"40c2dd72-7efc-4365-a242-a0af0e05dcd0",{"currentTime":"2026-07-09T00:46:53Z"}]
[08:47:53] [DEVICE] << [2,"f1456d20-63be-481e-866b-75e8c72ac5fc","Heartbeat",{}]
[08:47:53] [DEVICE] >> [3,"f1456d20-63be-481e-866b-75e8c72ac5fc",{"currentTime":"2026-07-09T00:47:53Z"}]
[08:48:53] [DEVICE] << [2,"fd00fee6-325d-4aa6-ab8b-25055b080e06","Heartbeat",{}]
[08:48:53] [DEVICE] >> [3,"fd00fee6-325d-4aa6-ab8b-25055b080e06",{"currentTime":"2026-07-09T00:48:53Z"}]
[08:49:53] [DEVICE] << [2,"fbc2e554-c507-4fe8-92c0-4747da6dab40","Heartbeat",{}]
[08:49:53] [DEVICE] >> [3,"fbc2e554-c507-4fe8-92c0-4747da6dab40",{"currentTime":"2026-07-09T00:49:53Z"}]
[08:50:53] [DEVICE] << [2,"4ff173ed-648a-476b-ab35-b8c44f30a18a","Heartbeat",{}]
[08:50:53] [DEVICE] >> [3,"4ff173ed-648a-476b-ab35-b8c44f30a18a",{"currentTime":"2026-07-09T00:50:53Z"}]
[08:51:53] [DEVICE] << [2,"5d7ba691-0204-4fad-a103-53fbabc1be5a","Heartbeat",{}]
[08:51:53] [DEVICE] >> [3,"5d7ba691-0204-4fad-a103-53fbabc1be5a",{"currentTime":"2026-07-09T00:51:53Z"}]
[08:52:53] [DEVICE] << [2,"01af028c-a839-43a2-b2a9-714154689a4a","Heartbeat",{}]
[08:52:53] [DEVICE] >> [3,"01af028c-a839-43a2-b2a9-714154689a4a",{"currentTime":"2026-07-09T00:52:53Z"}]
[08:53:53] [DEVICE] << [2,"f9b62601-057c-4a2f-93d6-34fe3948d398","Heartbeat",{}]
[08:53:53] [DEVICE] >> [3,"f9b62601-057c-4a2f-93d6-34fe3948d398",{"currentTime":"2026-07-09T00:53:53Z"}]
[08:54:53] [DEVICE] << [2,"59435f87-d0a8-4770-bf7b-2539435268c0","Heartbeat",{}]
[08:54:53] [DEVICE] >> [3,"59435f87-d0a8-4770-bf7b-2539435268c0",{"currentTime":"2026-07-09T00:54:53Z"}]
[08:55:53] [DEVICE] << [2,"daf068bb-b1b0-4587-97bc-95d9a57264cc","Heartbeat",{}]
[08:55:53] [DEVICE] >> [3,"daf068bb-b1b0-4587-97bc-95d9a57264cc",{"currentTime":"2026-07-09T00:55:53Z"}]
[08:56:53] [DEVICE] << [2,"c6edfd32-aef4-4110-89d6-c927ecfb99f1","Heartbeat",{}]
[08:56:54] [DEVICE] >> [3,"c6edfd32-aef4-4110-89d6-c927ecfb99f1",{"currentTime":"2026-07-09T00:56:54Z"}]
[08:57:53] [DEVICE] << [2,"9bdf1c25-34fe-45ce-93f1-b9d6e83a1a8e","Heartbeat",{}]
[08:57:54] [DEVICE] >> [3,"9bdf1c25-34fe-45ce-93f1-b9d6e83a1a8e",{"currentTime":"2026-07-09T00:57:54Z"}]
[08:58:53] [DEVICE] << [2,"9b8f2731-e9aa-47c8-a4d7-4d902cbf1e69","Heartbeat",{}]
[08:58:54] [DEVICE] >> [3,"9b8f2731-e9aa-47c8-a4d7-4d902cbf1e69",{"currentTime":"2026-07-09T00:58:54Z"}]
[08:59:53] [DEVICE] << [2,"38175290-bdc0-45a0-81dd-f54cd1a2ed75","Heartbeat",{}]
[08:59:54] [DEVICE] >> [3,"38175290-bdc0-45a0-81dd-f54cd1a2ed75",{"currentTime":"2026-07-09T00:59:54Z"}]
[09:00:53] [DEVICE] << [2,"74782852-087d-4a18-b616-a96d4f0e2d88","Heartbeat",{}]
[09:00:54] [DEVICE] >> [3,"74782852-087d-4a18-b616-a96d4f0e2d88",{"currentTime":"2026-07-09T01:00:54Z"}]
[09:01:54] [DEVICE] << [2,"5b3f3b80-a2d2-4d7e-878e-f8408eb92455","Heartbeat",{}]
[09:01:54] [DEVICE] >> [3,"5b3f3b80-a2d2-4d7e-878e-f8408eb92455",{"currentTime":"2026-07-09T01:01:54Z"}]
[09:02:54] [DEVICE] << [2,"550b51a8-5265-437f-b92d-c4621f665bca","Heartbeat",{}]
[09:02:54] [DEVICE] >> [3,"550b51a8-5265-437f-b92d-c4621f665bca",{"currentTime":"2026-07-09T01:02:54Z"}]
[09:03:54] [DEVICE] << [2,"ff890dbe-a0dc-444a-afc7-a83133453c6b","Heartbeat",{}]
[09:03:54] [DEVICE] >> [3,"ff890dbe-a0dc-444a-afc7-a83133453c6b",{"currentTime":"2026-07-09T01:03:54Z"}]
[09:04:54] [DEVICE] << [2,"ddb9b6a2-ebaa-433b-b399-0f582859db75","Heartbeat",{}]
[09:04:54] [DEVICE] >> [3,"ddb9b6a2-ebaa-433b-b399-0f582859db75",{"currentTime":"2026-07-09T01:04:54Z"}]
[09:05:54] [DEVICE] << [2,"d4d34bfc-a4a3-436b-865f-c1020723120a","Heartbeat",{}]
[09:05:54] [DEVICE] >> [3,"d4d34bfc-a4a3-436b-865f-c1020723120a",{"currentTime":"2026-07-09T01:05:54Z"}]
[09:06:54] [DEVICE] << [2,"f06a90fd-3014-47b6-bfbb-a6641692942d","Heartbeat",{}]
[09:06:54] [DEVICE] >> [3,"f06a90fd-3014-47b6-bfbb-a6641692942d",{"currentTime":"2026-07-09T01:06:54Z"}]
[09:07:54] [DEVICE] << [2,"2e700ac7-73a2-4ac6-8841-bbf9c494fc6c","Heartbeat",{}]
[09:07:54] [DEVICE] >> [3,"2e700ac7-73a2-4ac6-8841-bbf9c494fc6c",{"currentTime":"2026-07-09T01:07:54Z"}]
[09:08:54] [DEVICE] << [2,"13d5526a-4276-475f-8350-68d9e50002e9","Heartbeat",{}]
[09:08:54] [DEVICE] >> [3,"13d5526a-4276-475f-8350-68d9e50002e9",{"currentTime":"2026-07-09T01:08:54Z"}]
[09:09:54] [DEVICE] << [2,"989ac613-c03d-4c88-904e-8dc3564a19e5","Heartbeat",{}]
[09:09:54] [DEVICE] >> [3,"989ac613-c03d-4c88-904e-8dc3564a19e5",{"currentTime":"2026-07-09T01:09:54Z"}]
[09:10:54] [DEVICE] << [2,"bc28c0f3-32fd-48c8-9d9a-2b6341291f9f","Heartbeat",{}]
[09:10:54] [DEVICE] >> [3,"bc28c0f3-32fd-48c8-9d9a-2b6341291f9f",{"currentTime":"2026-07-09T01:10:54Z"}]
[09:11:54] [DEVICE] << [2,"254944e3-f808-4b0f-b8f3-39901a4b76b4","Heartbeat",{}]
[09:11:54] [DEVICE] >> [3,"254944e3-f808-4b0f-b8f3-39901a4b76b4",{"currentTime":"2026-07-09T01:11:54Z"}]
[09:12:54] [DEVICE] << [2,"f8773070-ad74-4881-9917-783307fab069","Heartbeat",{}]
[09:12:54] [DEVICE] >> [3,"f8773070-ad74-4881-9917-783307fab069",{"currentTime":"2026-07-09T01:12:54Z"}]
[09:13:54] [DEVICE] << [2,"e36892a4-da44-4bb6-83f0-071a1c20cb2e","Heartbeat",{}]
[09:13:54] [DEVICE] >> [3,"e36892a4-da44-4bb6-83f0-071a1c20cb2e",{"currentTime":"2026-07-09T01:13:54Z"}]
[09:14:54] [DEVICE] << [2,"990f2ddd-b9d8-4571-8222-f5166869506a","Heartbeat",{}]
[09:14:54] [DEVICE] >> [3,"990f2ddd-b9d8-4571-8222-f5166869506a",{"currentTime":"2026-07-09T01:14:54Z"}]
[09:15:54] [DEVICE] << [2,"9d397e88-dc6d-4c9a-8ab5-22b697f47e39","Heartbeat",{}]
[09:15:54] [DEVICE] >> [3,"9d397e88-dc6d-4c9a-8ab5-22b697f47e39",{"currentTime":"2026-07-09T01:15:54Z"}]
[09:16:54] [DEVICE] << [2,"03ee9114-6c99-4a0f-9b29-e1afa704af1c","Heartbeat",{}]
[09:16:54] [DEVICE] >> [3,"03ee9114-6c99-4a0f-9b29-e1afa704af1c",{"currentTime":"2026-07-09T01:16:54Z"}]
[09:17:54] [DEVICE] << [2,"89302207-e9ee-48c4-9c0f-1ce4dda58207","Heartbeat",{}]
[09:17:54] [DEVICE] >> [3,"89302207-e9ee-48c4-9c0f-1ce4dda58207",{"currentTime":"2026-07-09T01:17:54Z"}]
[09:18:54] [DEVICE] << [2,"9577aaec-6ed5-41b7-beb6-09c58dee4836","Heartbeat",{}]
[09:18:54] [DEVICE] >> [3,"9577aaec-6ed5-41b7-beb6-09c58dee4836",{"currentTime":"2026-07-09T01:18:54Z"}]
[09:19:54] [DEVICE] << [2,"aeeaaf28-f2e4-4a60-bb28-71ff931991be","Heartbeat",{}]
[09:19:54] [DEVICE] >> [3,"aeeaaf28-f2e4-4a60-bb28-71ff931991be",{"currentTime":"2026-07-09T01:19:54Z"}]
[09:20:54] [DEVICE] << [2,"0b078614-f673-4161-80a0-58f05958cb99","Heartbeat",{}]
[09:20:54] [DEVICE] >> [3,"0b078614-f673-4161-80a0-58f05958cb99",{"currentTime":"2026-07-09T01:20:54Z"}]
[09:21:54] [DEVICE] << [2,"4c8bb205-a43f-4bb1-8ef4-3b9fc85ace4c","Heartbeat",{}]
[09:21:54] [DEVICE] >> [3,"4c8bb205-a43f-4bb1-8ef4-3b9fc85ace4c",{"currentTime":"2026-07-09T01:21:54Z"}]
[09:22:54] [DEVICE] << [2,"1c8358c9-2bde-424d-88a8-bd2bed6a7005","Heartbeat",{}]
[09:22:54] [DEVICE] >> [3,"1c8358c9-2bde-424d-88a8-bd2bed6a7005",{"currentTime":"2026-07-09T01:22:54Z"}]
[09:23:54] [DEVICE] << [2,"72ac79eb-c5a7-4cf5-a19b-62eea3179f1a","Heartbeat",{}]
[09:23:54] [DEVICE] >> [3,"72ac79eb-c5a7-4cf5-a19b-62eea3179f1a",{"currentTime":"2026-07-09T01:23:54Z"}]
[09:24:54] [DEVICE] << [2,"2bd89b6f-42cf-4342-8d21-96c6a7de059f","Heartbeat",{}]
[09:24:54] [DEVICE] >> [3,"2bd89b6f-42cf-4342-8d21-96c6a7de059f",{"currentTime":"2026-07-09T01:24:54Z"}]
[09:25:54] [DEVICE] << [2,"79e7d98d-9316-46a4-9c1e-8cec120b1e07","Heartbeat",{}]
[09:25:54] [DEVICE] >> [3,"79e7d98d-9316-46a4-9c1e-8cec120b1e07",{"currentTime":"2026-07-09T01:25:54Z"}]
[09:26:54] [DEVICE] << [2,"961bc4f5-387a-4d6d-8967-2ed93bb41af1","Heartbeat",{}]
[09:26:54] [DEVICE] >> [3,"961bc4f5-387a-4d6d-8967-2ed93bb41af1",{"currentTime":"2026-07-09T01:26:54Z"}]
[09:27:54] [DEVICE] << [2,"a7b97e47-fe3d-4156-86e6-12332cc2d2fc","Heartbeat",{}]
[09:27:54] [DEVICE] >> [3,"a7b97e47-fe3d-4156-86e6-12332cc2d2fc",{"currentTime":"2026-07-09T01:27:54Z"}]
[09:28:54] [DEVICE] << [2,"9ad65851-60fe-4085-81c6-17d7d3f696f1","Heartbeat",{}]
[09:28:54] [DEVICE] >> [3,"9ad65851-60fe-4085-81c6-17d7d3f696f1",{"currentTime":"2026-07-09T01:28:54Z"}]
[09:29:54] [DEVICE] << [2,"a8ffba26-a67e-4700-8bc4-a7132af44df1","Heartbeat",{}]
[09:29:54] [DEVICE] >> [3,"a8ffba26-a67e-4700-8bc4-a7132af44df1",{"currentTime":"2026-07-09T01:29:54Z"}]
[09:30:54] [DEVICE] << [2,"3fdc3996-6ea9-4ba2-b4f2-de775aad6f5a","Heartbeat",{}]
[09:30:54] [DEVICE] >> [3,"3fdc3996-6ea9-4ba2-b4f2-de775aad6f5a",{"currentTime":"2026-07-09T01:30:54Z"}]
[09:31:54] [DEVICE] << [2,"1ab07749-6f15-4d60-958f-5a7d06b28858","Heartbeat",{}]
[09:31:54] [DEVICE] >> [3,"1ab07749-6f15-4d60-958f-5a7d06b28858",{"currentTime":"2026-07-09T01:31:54Z"}]
[09:32:54] [DEVICE] << [2,"28e972ea-2e97-4878-bf56-b3c42b550fa8","Heartbeat",{}]
[09:32:54] [DEVICE] >> [3,"28e972ea-2e97-4878-bf56-b3c42b550fa8",{"currentTime":"2026-07-09T01:32:54Z"}]
[09:33:54] [DEVICE] << [2,"1b66fe4e-2197-4750-9916-0e566066504a","Heartbeat",{}]
[09:33:54] [DEVICE] >> [3,"1b66fe4e-2197-4750-9916-0e566066504a",{"currentTime":"2026-07-09T01:33:54Z"}]
[09:34:54] [DEVICE] << [2,"86cfe15c-5fa2-4e7c-8303-18eae1871362","Heartbeat",{}]
[09:34:54] [DEVICE] >> [3,"86cfe15c-5fa2-4e7c-8303-18eae1871362",{"currentTime":"2026-07-09T01:34:54Z"}]
[09:35:54] [DEVICE] << [2,"e08aec0c-b28b-48b0-9a7d-0ab91d3d3982","Heartbeat",{}]
[09:35:54] [DEVICE] >> [3,"e08aec0c-b28b-48b0-9a7d-0ab91d3d3982",{"currentTime":"2026-07-09T01:35:54Z"}]
[09:36:54] [DEVICE] << [2,"7efcec22-d8fa-40a1-9400-b9af002a34ba","Heartbeat",{}]
[09:36:54] [DEVICE] >> [3,"7efcec22-d8fa-40a1-9400-b9af002a34ba",{"currentTime":"2026-07-09T01:36:54Z"}]
[09:37:54] [DEVICE] << [2,"7c35b40c-ed4e-4e15-93f9-f5f831193c14","Heartbeat",{}]
[09:37:54] [DEVICE] >> [3,"7c35b40c-ed4e-4e15-93f9-f5f831193c14",{"currentTime":"2026-07-09T01:37:54Z"}]
[09:38:54] [DEVICE] << [2,"79b9a7e8-70c7-4382-8247-dcc1133dfc81","Heartbeat",{}]
[09:38:54] [DEVICE] >> [3,"79b9a7e8-70c7-4382-8247-dcc1133dfc81",{"currentTime":"2026-07-09T01:38:54Z"}]
[09:39:54] [DEVICE] << [2,"4a44ae16-5d8a-43b9-acca-810f7ccf16bb","Heartbeat",{}]
[09:39:54] [DEVICE] >> [3,"4a44ae16-5d8a-43b9-acca-810f7ccf16bb",{"currentTime":"2026-07-09T01:39:54Z"}]
[09:40:54] [DEVICE] << [2,"0d48d23a-740e-49a1-aca8-13abc20dbd06","Heartbeat",{}]
[09:40:54] [DEVICE] >> [3,"0d48d23a-740e-49a1-aca8-13abc20dbd06",{"currentTime":"2026-07-09T01:40:54Z"}]
[09:41:54] [DEVICE] << [2,"eedbaa53-5a43-4254-a8f0-c18636295852","Heartbeat",{}]
[09:41:54] [DEVICE] >> [3,"eedbaa53-5a43-4254-a8f0-c18636295852",{"currentTime":"2026-07-09T01:41:54Z"}]
[09:42:54] [DEVICE] << [2,"dffbc4f1-a8dc-4ed1-b287-e26b82d61668","Heartbeat",{}]
[09:42:54] [DEVICE] >> [3,"dffbc4f1-a8dc-4ed1-b287-e26b82d61668",{"currentTime":"2026-07-09T01:42:54Z"}]
[09:43:54] [DEVICE] << [2,"9f490ac3-ed41-4a0d-a5e7-ed39ca87c36f","Heartbeat",{}]
[09:43:54] [DEVICE] >> [3,"9f490ac3-ed41-4a0d-a5e7-ed39ca87c36f",{"currentTime":"2026-07-09T01:43:54Z"}]
[09:44:54] [DEVICE] << [2,"d4de2fbd-7ded-4116-a6f1-7280a2034625","Heartbeat",{}]
[09:44:54] [DEVICE] >> [3,"d4de2fbd-7ded-4116-a6f1-7280a2034625",{"currentTime":"2026-07-09T01:44:54Z"}]
[09:45:54] [DEVICE] << [2,"d5c8f52c-cc4f-47c1-ae5b-6bcaf27b9403","Heartbeat",{}]
[09:45:54] [DEVICE] >> [3,"d5c8f52c-cc4f-47c1-ae5b-6bcaf27b9403",{"currentTime":"2026-07-09T01:45:54Z"}]
[09:46:54] [DEVICE] << [2,"59863af1-041b-415b-8932-754fbb43453a","Heartbeat",{}]
[09:46:54] [DEVICE] >> [3,"59863af1-041b-415b-8932-754fbb43453a",{"currentTime":"2026-07-09T01:46:54Z"}]
[09:47:54] [DEVICE] << [2,"bf0d5c17-aeac-408b-92ef-56f0c507b899","Heartbeat",{}]
[09:47:55] [DEVICE] >> [3,"bf0d5c17-aeac-408b-92ef-56f0c507b899",{"currentTime":"2026-07-09T01:47:55Z"}]
[09:48:54] [DEVICE] << [2,"53586cad-0f94-4123-89d5-3ab775c327d7","Heartbeat",{}]
[09:48:55] [DEVICE] >> [3,"53586cad-0f94-4123-89d5-3ab775c327d7",{"currentTime":"2026-07-09T01:48:55Z"}]
[09:49:54] [DEVICE] << [2,"8760128f-def2-4d18-9c8a-47c2fb131d3b","Heartbeat",{}]
[09:49:55] [DEVICE] >> [3,"8760128f-def2-4d18-9c8a-47c2fb131d3b",{"currentTime":"2026-07-09T01:49:55Z"}]
[09:50:55] [DEVICE] << [2,"2da0fbc3-fcc5-458b-9a0d-d461cb0c83b2","Heartbeat",{}]
[09:50:55] [DEVICE] >> [3,"2da0fbc3-fcc5-458b-9a0d-d461cb0c83b2",{"currentTime":"2026-07-09T01:50:55Z"}]
[09:51:55] [DEVICE] << [2,"14ff2fa0-0611-4ebf-8fb4-9d6f54e1f34b","Heartbeat",{}]
[09:51:55] [DEVICE] >> [3,"14ff2fa0-0611-4ebf-8fb4-9d6f54e1f34b",{"currentTime":"2026-07-09T01:51:55Z"}]
[09:52:55] [DEVICE] << [2,"161bc4e6-b297-403e-927a-ac786218ba57","Heartbeat",{}]
[09:52:55] [DEVICE] >> [3,"161bc4e6-b297-403e-927a-ac786218ba57",{"currentTime":"2026-07-09T01:52:55Z"}]
[09:53:55] [DEVICE] << [2,"86f6e1b8-216a-4d3f-b31b-1bdecd118f82","Heartbeat",{}]
[09:53:55] [DEVICE] >> [3,"86f6e1b8-216a-4d3f-b31b-1bdecd118f82",{"currentTime":"2026-07-09T01:53:55Z"}]
[09:54:55] [DEVICE] << [2,"60cda4dd-cff1-4816-b333-fbab8bfd33cb","Heartbeat",{}]
[09:54:55] [DEVICE] >> [3,"60cda4dd-cff1-4816-b333-fbab8bfd33cb",{"currentTime":"2026-07-09T01:54:55Z"}]
[09:55:55] [DEVICE] << [2,"87248f48-3ad1-4cf7-9822-a4f70bd7fb4a","Heartbeat",{}]
[09:55:55] [DEVICE] >> [3,"87248f48-3ad1-4cf7-9822-a4f70bd7fb4a",{"currentTime":"2026-07-09T01:55:55Z"}]
[09:56:55] [DEVICE] << [2,"8a95736b-81b5-4e4a-a37c-59b795945dd1","Heartbeat",{}]
[09:56:55] [DEVICE] >> [3,"8a95736b-81b5-4e4a-a37c-59b795945dd1",{"currentTime":"2026-07-09T01:56:55Z"}]
[09:57:55] [DEVICE] << [2,"7cb4e18f-ed8b-4a65-85ff-ada0ff0494fe","Heartbeat",{}]
[09:57:55] [DEVICE] >> [3,"7cb4e18f-ed8b-4a65-85ff-ada0ff0494fe",{"currentTime":"2026-07-09T01:57:55Z"}]
[09:58:55] [DEVICE] << [2,"acda73b8-1d0c-4656-8d31-45560bf7fab4","Heartbeat",{}]
[09:58:55] [DEVICE] >> [3,"acda73b8-1d0c-4656-8d31-45560bf7fab4",{"currentTime":"2026-07-09T01:58:55Z"}]
[09:59:55] [DEVICE] << [2,"3880e4f4-dac9-4e9e-877b-cb8d60795d4f","Heartbeat",{}]
[09:59:55] [DEVICE] >> [3,"3880e4f4-dac9-4e9e-877b-cb8d60795d4f",{"currentTime":"2026-07-09T01:59:55Z"}]
[10:00:55] [DEVICE] << [2,"67c9cd0d-9c1f-45da-b337-6fb9cabef9a2","Heartbeat",{}]
[10:00:55] [DEVICE] >> [3,"67c9cd0d-9c1f-45da-b337-6fb9cabef9a2",{"currentTime":"2026-07-09T02:00:55Z"}]
[10:01:55] [DEVICE] << [2,"5a1cfa74-7113-44dd-b5b5-5953f22f33d4","Heartbeat",{}]
[10:01:55] [DEVICE] >> [3,"5a1cfa74-7113-44dd-b5b5-5953f22f33d4",{"currentTime":"2026-07-09T02:01:55Z"}]
[10:02:55] [DEVICE] << [2,"65a9aa06-af40-4a59-883a-1940be9465b2","Heartbeat",{}]
[10:02:55] [DEVICE] >> [3,"65a9aa06-af40-4a59-883a-1940be9465b2",{"currentTime":"2026-07-09T02:02:55Z"}]
[10:03:55] [DEVICE] << [2,"924f1032-f60a-4a86-8a1d-541d499e78a6","Heartbeat",{}]
[10:03:55] [DEVICE] >> [3,"924f1032-f60a-4a86-8a1d-541d499e78a6",{"currentTime":"2026-07-09T02:03:55Z"}]
[10:04:55] [DEVICE] << [2,"71cd81b5-8cb2-4697-b4af-eb4492a15ef3","Heartbeat",{}]
[10:04:55] [DEVICE] >> [3,"71cd81b5-8cb2-4697-b4af-eb4492a15ef3",{"currentTime":"2026-07-09T02:04:55Z"}]
[10:05:55] [DEVICE] << [2,"042a223b-a92f-4d66-9a91-d5b6d3ee7f73","Heartbeat",{}]
[10:05:55] [DEVICE] >> [3,"042a223b-a92f-4d66-9a91-d5b6d3ee7f73",{"currentTime":"2026-07-09T02:05:55Z"}]
[10:06:55] [DEVICE] << [2,"efe9ae9a-060b-4cde-b118-38ce99249cbb","Heartbeat",{}]
[10:06:55] [DEVICE] >> [3,"efe9ae9a-060b-4cde-b118-38ce99249cbb",{"currentTime":"2026-07-09T02:06:55Z"}]
[10:07:55] [DEVICE] << [2,"0ff417e2-cfeb-4a50-8864-2362aaa6e0a6","Heartbeat",{}]
[10:07:55] [DEVICE] >> [3,"0ff417e2-cfeb-4a50-8864-2362aaa6e0a6",{"currentTime":"2026-07-09T02:07:55Z"}]
[10:08:55] [DEVICE] << [2,"80d05d8e-7154-4cf1-a32f-379ac6d478d7","Heartbeat",{}]
[10:08:55] [DEVICE] >> [3,"80d05d8e-7154-4cf1-a32f-379ac6d478d7",{"currentTime":"2026-07-09T02:08:55Z"}]
[10:09:55] [DEVICE] << [2,"31030d46-c256-4cb9-9a3d-41b4904031cc","Heartbeat",{}]
[10:09:55] [DEVICE] >> [3,"31030d46-c256-4cb9-9a3d-41b4904031cc",{"currentTime":"2026-07-09T02:09:55Z"}]
[10:10:55] [DEVICE] << [2,"9730ccb0-6e9d-4189-a7a7-e2f7c50bc713","Heartbeat",{}]
[10:10:55] [DEVICE] >> [3,"9730ccb0-6e9d-4189-a7a7-e2f7c50bc713",{"currentTime":"2026-07-09T02:10:55Z"}]
[10:11:55] [DEVICE] << [2,"566f5e9c-6062-4886-923f-9c350bb8036f","Heartbeat",{}]
[10:11:55] [DEVICE] >> [3,"566f5e9c-6062-4886-923f-9c350bb8036f",{"currentTime":"2026-07-09T02:11:55Z"}]
[10:12:55] [DEVICE] << [2,"24883ac5-3bc2-4d9f-9d90-7695ed74a193","Heartbeat",{}]
[10:12:55] [DEVICE] >> [3,"24883ac5-3bc2-4d9f-9d90-7695ed74a193",{"currentTime":"2026-07-09T02:12:55Z"}]
[10:13:55] [DEVICE] << [2,"5131182f-900e-4626-bd65-903e5105105f","Heartbeat",{}]
[10:13:55] [DEVICE] >> [3,"5131182f-900e-4626-bd65-903e5105105f",{"currentTime":"2026-07-09T02:13:55Z"}]
[10:14:55] [DEVICE] << [2,"1731feb6-c4b7-4c3c-ba1d-fc55c94f5a62","Heartbeat",{}]
[10:14:55] [DEVICE] >> [3,"1731feb6-c4b7-4c3c-ba1d-fc55c94f5a62",{"currentTime":"2026-07-09T02:14:55Z"}]
[10:15:55] [DEVICE] << [2,"7d95ad91-f945-417a-8501-d3c56892501c","Heartbeat",{}]
[10:15:55] [DEVICE] >> [3,"7d95ad91-f945-417a-8501-d3c56892501c",{"currentTime":"2026-07-09T02:15:55Z"}]
[10:16:55] [DEVICE] << [2,"64b9983d-34d1-40c2-bfe5-278b4aebe3bf","Heartbeat",{}]
[10:16:55] [DEVICE] >> [3,"64b9983d-34d1-40c2-bfe5-278b4aebe3bf",{"currentTime":"2026-07-09T02:16:55Z"}]
[10:17:55] [DEVICE] << [2,"bb541e09-c675-4906-afa9-e431dda4ce66","Heartbeat",{}]
[10:17:55] [DEVICE] >> [3,"bb541e09-c675-4906-afa9-e431dda4ce66",{"currentTime":"2026-07-09T02:17:55Z"}]
[10:18:55] [DEVICE] << [2,"76cd63df-c5cc-4d35-b2e4-3f890e406e21","Heartbeat",{}]
[10:18:55] [DEVICE] >> [3,"76cd63df-c5cc-4d35-b2e4-3f890e406e21",{"currentTime":"2026-07-09T02:18:55Z"}]
[10:19:55] [DEVICE] << [2,"7e9bfd33-21b0-482e-a74b-943e60ebeafe","Heartbeat",{}]
[10:19:55] [DEVICE] >> [3,"7e9bfd33-21b0-482e-a74b-943e60ebeafe",{"currentTime":"2026-07-09T02:19:55Z"}]
[10:20:55] [DEVICE] << [2,"afe298f7-8bbe-4dab-b60b-ea582744aa23","Heartbeat",{}]
[10:20:55] [DEVICE] >> [3,"afe298f7-8bbe-4dab-b60b-ea582744aa23",{"currentTime":"2026-07-09T02:20:55Z"}]
[10:21:55] [DEVICE] << [2,"2952dcea-a462-4b71-bfbd-ee07bf805d70","Heartbeat",{}]
[10:21:55] [DEVICE] >> [3,"2952dcea-a462-4b71-bfbd-ee07bf805d70",{"currentTime":"2026-07-09T02:21:55Z"}]
[10:22:55] [DEVICE] << [2,"ba232429-c970-483a-9328-6852b53abb68","Heartbeat",{}]
[10:22:55] [DEVICE] >> [3,"ba232429-c970-483a-9328-6852b53abb68",{"currentTime":"2026-07-09T02:22:55Z"}]
[10:23:55] [DEVICE] << [2,"692becac-f56c-420a-8471-0a9f5067a8c2","Heartbeat",{}]
[10:23:55] [DEVICE] >> [3,"692becac-f56c-420a-8471-0a9f5067a8c2",{"currentTime":"2026-07-09T02:23:55Z"}]
[10:24:55] [DEVICE] << [2,"6805fa94-0d99-4e64-a776-0784dc721633","Heartbeat",{}]
[10:24:55] [DEVICE] >> [3,"6805fa94-0d99-4e64-a776-0784dc721633",{"currentTime":"2026-07-09T02:24:55Z"}]
[10:25:55] [DEVICE] << [2,"98dd927d-c641-4c83-adcc-ea3695afa162","Heartbeat",{}]
[10:25:55] [DEVICE] >> [3,"98dd927d-c641-4c83-adcc-ea3695afa162",{"currentTime":"2026-07-09T02:25:55Z"}]
[10:26:55] [DEVICE] << [2,"b2c4cbc1-92b0-42c1-a6a5-bd4a597908e1","Heartbeat",{}]
[10:26:55] [DEVICE] >> [3,"b2c4cbc1-92b0-42c1-a6a5-bd4a597908e1",{"currentTime":"2026-07-09T02:26:55Z"}]
[10:27:55] [DEVICE] << [2,"332ffeae-4e07-4545-9390-29e5fb5760d0","Heartbeat",{}]
[10:27:55] [DEVICE] >> [3,"332ffeae-4e07-4545-9390-29e5fb5760d0",{"currentTime":"2026-07-09T02:27:55Z"}]
[10:28:55] [DEVICE] << [2,"c6cd988e-5570-4d5d-aa3b-ded42eb60fe6","Heartbeat",{}]
[10:28:55] [DEVICE] >> [3,"c6cd988e-5570-4d5d-aa3b-ded42eb60fe6",{"currentTime":"2026-07-09T02:28:55Z"}]
[10:29:55] [DEVICE] << [2,"723b72f6-3cb4-4d98-b8d2-807eba995f7e","Heartbeat",{}]
[10:29:55] [DEVICE] >> [3,"723b72f6-3cb4-4d98-b8d2-807eba995f7e",{"currentTime":"2026-07-09T02:29:55Z"}]
[10:30:55] [DEVICE] << [2,"ca8b6dd6-f204-4fcc-8f71-7d6cd5047243","Heartbeat",{}]
[10:30:55] [DEVICE] >> [3,"ca8b6dd6-f204-4fcc-8f71-7d6cd5047243",{"currentTime":"2026-07-09T02:30:55Z"}]
[10:31:55] [DEVICE] << [2,"31deb5c6-644f-4d27-a062-7fa8d16e5e8c","Heartbeat",{}]
[10:31:55] [DEVICE] >> [3,"31deb5c6-644f-4d27-a062-7fa8d16e5e8c",{"currentTime":"2026-07-09T02:31:55Z"}]
[10:32:55] [DEVICE] << [2,"0e44816a-cdde-4490-83de-3ca2928a059f","Heartbeat",{}]
[10:32:55] [DEVICE] >> [3,"0e44816a-cdde-4490-83de-3ca2928a059f",{"currentTime":"2026-07-09T02:32:55Z"}]
[10:33:39] [DEVICE] << [2,"139eff59-f8ce-4c84-a24a-383c6d77c426","StatusNotification",{"connectorId":1, "errorCode":"NoError", "status":"Available","info":"","timestamp":"2026-07-09T02:33:38.947Z","vendorId":"NA","vendorErrorCode":""}]
[10:33:39] [DEVICE] >> [3,"139eff59-f8ce-4c84-a24a-383c6d77c426",{}]
[10:33:55] [DEVICE] << [2,"120df960-5147-40b7-a9ac-b181576dcab4","Heartbeat",{}]
[10:33:55] [DEVICE] >> [3,"120df960-5147-40b7-a9ac-b181576dcab4",{"currentTime":"2026-07-09T02:33:55Z"}]
[10:34:55] [DEVICE] << [2,"238eb8ce-9000-4db8-918d-ebdecd8c88a3","Heartbeat",{}]
[10:34:55] [DEVICE] >> [3,"238eb8ce-9000-4db8-918d-ebdecd8c88a3",{"currentTime":"2026-07-09T02:34:55Z"}]
[10:35:55] [DEVICE] << [2,"e68ac2ea-afd7-4642-9c1f-d8d6f3fa0bd6","Heartbeat",{}]
[10:35:55] [DEVICE] >> [3,"e68ac2ea-afd7-4642-9c1f-d8d6f3fa0bd6",{"currentTime":"2026-07-09T02:35:55Z"}]
[10:36:55] [DEVICE] << [2,"f306fdcf-6cdb-472c-bfd3-f5f47321ecd2","Heartbeat",{}]
[10:36:55] [DEVICE] >> [3,"f306fdcf-6cdb-472c-bfd3-f5f47321ecd2",{"currentTime":"2026-07-09T02:36:55Z"}]
[10:37:55] [DEVICE] << [2,"a6aba476-6b31-461a-ba24-bb0dae16e5a9","Heartbeat",{}]
[10:37:55] [DEVICE] >> [3,"a6aba476-6b31-461a-ba24-bb0dae16e5a9",{"currentTime":"2026-07-09T02:37:55Z"}]
[10:38:03] [DEVICE] << [2,"df5d0dde-f855-48d8-8e66-1f9918fe4be8","StatusNotification",{"connectorId":1, "errorCode":"NoError", "status":"Preparing","info":"","timestamp":"2026-07-09T02:38:03.519Z","vendorId":"NA","vendorErrorCode":""}]
[10:38:03] [DEVICE] >> [3,"df5d0dde-f855-48d8-8e66-1f9918fe4be8",{}]
[10:38:12] [DEVICE] << [2,"6d1a14ef-275d-42b0-b998-953dbf460faf","StatusNotification",{"connectorId":1, "errorCode":"NoError", "status":"Preparing","info":"","timestamp":"2026-07-09T02:38:12.545Z","vendorId":"NA","vendorErrorCode":"5b0a"}]
[10:38:12] [DEVICE] >> [3,"6d1a14ef-275d-42b0-b998-953dbf460faf",{}]
[10:38:19] [DEVICE] << [2,"fd8af1d4-fc03-4e54-b58a-63961a914abd","StatusNotification",{"connectorId":1, "errorCode":"NoError", "status":"Finishing","info":"","timestamp":"2026-07-09T02:38:19.158Z","vendorId":"NA","vendorErrorCode":"5b0a"}]
[10:38:19] [DEVICE] >> [3,"fd8af1d4-fc03-4e54-b58a-63961a914abd",{}]
[10:38:55] [DEVICE] << [2,"81c7ba1f-c81e-4b4b-93ec-a439d3d0fb39","Heartbeat",{}]
[10:38:56] [DEVICE] >> [3,"81c7ba1f-c81e-4b4b-93ec-a439d3d0fb39",{"currentTime":"2026-07-09T02:38:56Z"}]
[10:39:08] [DEVICE] << [2,"af28bded-aa03-423a-8e4e-adea4917534d","StatusNotification",{"connectorId":1, "errorCode":"NoError", "status":"Finishing","info":"","timestamp":"2026-07-09T02:39:08.271Z","vendorId":"NA","vendorErrorCode":""}]
[10:39:08] [DEVICE] >> [3,"af28bded-aa03-423a-8e4e-adea4917534d",{}]
[10:39:09] [DEVICE] << [2,"5222f481-468c-4ad8-b6db-9a898ee7dc20","StatusNotification",{"connectorId":1, "errorCode":"NoError", "status":"Available","info":"","timestamp":"2026-07-09T02:39:09.474Z","vendorId":"NA","vendorErrorCode":""}]
[10:39:09] [DEVICE] >> [3,"5222f481-468c-4ad8-b6db-9a898ee7dc20",{}]
[10:39:56] [DEVICE] << [2,"afbe224b-1393-4e75-b635-1c640838c13c","Heartbeat",{}]
[10:39:56] [DEVICE] >> [3,"afbe224b-1393-4e75-b635-1c640838c13c",{"currentTime":"2026-07-09T02:39:56Z"}]
[10:40:07] [DEVICE] << [2,"cecb467c-af5e-4f59-9f6d-0656fc40176a","StatusNotification",{"connectorId":1, "errorCode":"NoError", "status":"Preparing","info":"","timestamp":"2026-07-09T02:40:07.207Z","vendorId":"NA","vendorErrorCode":""}]
[10:40:07] [DEVICE] >> [3,"cecb467c-af5e-4f59-9f6d-0656fc40176a",{}]
[10:40:17] [DEVICE] << [2,"35e1d8cc-3402-4b6f-b659-e27acde37680","StatusNotification",{"connectorId":1, "errorCode":"NoError", "status":"Preparing","info":"","timestamp":"2026-07-09T02:40:16.826Z","vendorId":"NA","vendorErrorCode":"5b0a"}]
[10:40:17] [DEVICE] >> [3,"35e1d8cc-3402-4b6f-b659-e27acde37680",{}]
[10:40:23] [DEVICE] << [2,"9f541321-f496-48d2-bff2-da5a8ee7929f","StatusNotification",{"connectorId":1, "errorCode":"NoError", "status":"Finishing","info":"","timestamp":"2026-07-09T02:40:23.442Z","vendorId":"NA","vendorErrorCode":"5b0a"}]
[10:40:23] [DEVICE] >> [3,"9f541321-f496-48d2-bff2-da5a8ee7929f",{}]
[10:40:55] [DEVICE] << [2,"dea1db11-8c03-43da-9eae-f437a262e64f","Heartbeat",{}]
[10:40:56] [DEVICE] >> [3,"dea1db11-8c03-43da-9eae-f437a262e64f",{"currentTime":"2026-07-09T02:40:56Z"}]
[10:41:56] [DEVICE] << [2,"d28809c2-2ffb-4408-ae12-da987c80d87a","Heartbeat",{}]
[10:41:56] [DEVICE] >> [3,"d28809c2-2ffb-4408-ae12-da987c80d87a",{"currentTime":"2026-07-09T02:41:56Z"}]
[10:42:56] [DEVICE] << [2,"0a2f872b-6a78-4d16-a4ab-a5834696ce4f","Heartbeat",{}]
[10:42:56] [DEVICE] >> [3,"0a2f872b-6a78-4d16-a4ab-a5834696ce4f",{"currentTime":"2026-07-09T02:42:56Z"}]
[10:43:56] [DEVICE] << [2,"4ec4a9be-5479-43e4-b8fa-ad3ca0ddb883","Heartbeat",{}]
[10:43:56] [DEVICE] >> [3,"4ec4a9be-5479-43e4-b8fa-ad3ca0ddb883",{"currentTime":"2026-07-09T02:43:56Z"}]
[10:44:56] [DEVICE] << [2,"7e218679-7591-457d-b9ef-d92e3c93e649","Heartbeat",{}]
[10:44:56] [DEVICE] >> [3,"7e218679-7591-457d-b9ef-d92e3c93e649",{"currentTime":"2026-07-09T02:44:56Z"}]
[10:45:56] [DEVICE] << [2,"d47478aa-74cd-4a0a-a7a4-4b871ad045e9","Heartbeat",{}]
[10:45:56] [DEVICE] >> [3,"d47478aa-74cd-4a0a-a7a4-4b871ad045e9",{"currentTime":"2026-07-09T02:45:56Z"}]
[10:46:56] [DEVICE] << [2,"cdb750a8-a756-40ee-9426-8fbdb08ba25c","Heartbeat",{}]
[10:46:56] [DEVICE] >> [3,"cdb750a8-a756-40ee-9426-8fbdb08ba25c",{"currentTime":"2026-07-09T02:46:56Z"}]
[10:47:56] [DEVICE] << [2,"803186d3-91c5-465b-9fa5-5cdf4554255e","Heartbeat",{}]
[10:47:56] [DEVICE] >> [3,"803186d3-91c5-465b-9fa5-5cdf4554255e",{"currentTime":"2026-07-09T02:47:56Z"}]
[10:48:56] [DEVICE] << [2,"604ca1bb-909e-4dc7-ae80-53e1ff708562","Heartbeat",{}]
[10:48:56] [DEVICE] >> [3,"604ca1bb-909e-4dc7-ae80-53e1ff708562",{"currentTime":"2026-07-09T02:48:56Z"}]
[10:49:56] [DEVICE] << [2,"d8fd9106-5eb2-4c92-92ae-89172fde1283","Heartbeat",{}]
[10:49:56] [DEVICE] >> [3,"d8fd9106-5eb2-4c92-92ae-89172fde1283",{"currentTime":"2026-07-09T02:49:56Z"}]
[10:50:56] [DEVICE] << [2,"c482815b-9b7d-4fa0-ba87-019e83b1cbd1","Heartbeat",{}]
[10:50:56] [DEVICE] >> [3,"c482815b-9b7d-4fa0-ba87-019e83b1cbd1",{"currentTime":"2026-07-09T02:50:56Z"}]
[10:51:56] [DEVICE] << [2,"7feedd65-6f85-4b71-9727-2d418f65bda4","Heartbeat",{}]
[10:51:56] [DEVICE] >> [3,"7feedd65-6f85-4b71-9727-2d418f65bda4",{"currentTime":"2026-07-09T02:51:56Z"}]
[10:52:56] [DEVICE] << [2,"3b796a33-c7b5-4199-84a2-2163c15046de","Heartbeat",{}]
[10:52:56] [DEVICE] >> [3,"3b796a33-c7b5-4199-84a2-2163c15046de",{"currentTime":"2026-07-09T02:52:56Z"}]
[10:53:56] [DEVICE] << [2,"25f55f4f-206d-4fc8-995b-e0545b95d5ae","Heartbeat",{}]
[10:53:56] [DEVICE] >> [3,"25f55f4f-206d-4fc8-995b-e0545b95d5ae",{"currentTime":"2026-07-09T02:53:56Z"}]
[10:54:56] [DEVICE] << [2,"bc6085a8-c116-4e34-bb85-ad2dbaa27d48","Heartbeat",{}]
[10:54:56] [DEVICE] >> [3,"bc6085a8-c116-4e34-bb85-ad2dbaa27d48",{"currentTime":"2026-07-09T02:54:56Z"}]
[10:55:56] [DEVICE] << [2,"32df8db9-1107-417b-9050-f1cde74944fc","Heartbeat",{}]
[10:55:56] [DEVICE] >> [3,"32df8db9-1107-417b-9050-f1cde74944fc",{"currentTime":"2026-07-09T02:55:56Z"}]
[10:56:56] [DEVICE] << [2,"9b430f2a-a7e2-4a46-ac4f-f1b00f4aacf4","Heartbeat",{}]
[10:56:56] [DEVICE] >> [3,"9b430f2a-a7e2-4a46-ac4f-f1b00f4aacf4",{"currentTime":"2026-07-09T02:56:56Z"}]
[10:57:56] [DEVICE] << [2,"5edb6350-be65-4c1a-98f6-b3f52b863bb5","Heartbeat",{}]
[10:57:56] [DEVICE] >> [3,"5edb6350-be65-4c1a-98f6-b3f52b863bb5",{"currentTime":"2026-07-09T02:57:56Z"}]
[10:58:56] [DEVICE] << [2,"15f47a5b-c524-42ec-8ecf-4e7835a5bbcd","Heartbeat",{}]
[10:58:56] [DEVICE] >> [3,"15f47a5b-c524-42ec-8ecf-4e7835a5bbcd",{"currentTime":"2026-07-09T02:58:56Z"}]
[10:59:56] [DEVICE] << [2,"a6c92b8a-af32-4790-a7ac-65c6f2da4945","Heartbeat",{}]
[10:59:56] [DEVICE] >> [3,"a6c92b8a-af32-4790-a7ac-65c6f2da4945",{"currentTime":"2026-07-09T02:59:56Z"}]
[11:00:56] [DEVICE] << [2,"1573ead0-0f8b-4508-82b8-b9801e5e8b04","Heartbeat",{}]
[11:00:56] [DEVICE] >> [3,"1573ead0-0f8b-4508-82b8-b9801e5e8b04",{"currentTime":"2026-07-09T03:00:56Z"}]
[11:01:56] [DEVICE] << [2,"ff9a40ef-53e4-483f-9847-172ba5270e47","Heartbeat",{}]
[11:01:56] [DEVICE] >> [3,"ff9a40ef-53e4-483f-9847-172ba5270e47",{"currentTime":"2026-07-09T03:01:56Z"}]
[11:02:56] [DEVICE] << [2,"03d4b571-b567-4e24-80fe-e6ee86ca5da2","Heartbeat",{}]
[11:02:56] [DEVICE] >> [3,"03d4b571-b567-4e24-80fe-e6ee86ca5da2",{"currentTime":"2026-07-09T03:02:56Z"}]
[11:03:56] [DEVICE] << [2,"c30a67be-9f0b-428e-ab5f-7881950142ca","Heartbeat",{}]
[11:03:56] [DEVICE] >> [3,"c30a67be-9f0b-428e-ab5f-7881950142ca",{"currentTime":"2026-07-09T03:03:56Z"}]
[11:04:56] [DEVICE] << [2,"e3d46350-3519-43fc-a025-068bff091362","Heartbeat",{}]
[11:04:56] [DEVICE] >> [3,"e3d46350-3519-43fc-a025-068bff091362",{"currentTime":"2026-07-09T03:04:56Z"}]
[11:05:56] [DEVICE] << [2,"b9b227e4-e056-4389-b71c-e5d8c5098ee4","Heartbeat",{}]
[11:05:56] [DEVICE] >> [3,"b9b227e4-e056-4389-b71c-e5d8c5098ee4",{"currentTime":"2026-07-09T03:05:56Z"}]
[11:06:56] [DEVICE] << [2,"dea20907-6ba4-4abe-8dae-826aeab93ce3","Heartbeat",{}]
[11:06:56] [DEVICE] >> [3,"dea20907-6ba4-4abe-8dae-826aeab93ce3",{"currentTime":"2026-07-09T03:06:56Z"}]
[11:07:56] [DEVICE] << [2,"eea114fe-4d2f-49b4-90d2-0bb5e42ca6b0","Heartbeat",{}]
[11:07:56] [DEVICE] >> [3,"eea114fe-4d2f-49b4-90d2-0bb5e42ca6b0",{"currentTime":"2026-07-09T03:07:56Z"}]
[11:08:56] [DEVICE] << [2,"0b8decb0-ba15-46de-a9e1-62ea4428ff8f","Heartbeat",{}]
[11:08:56] [DEVICE] >> [3,"0b8decb0-ba15-46de-a9e1-62ea4428ff8f",{"currentTime":"2026-07-09T03:08:56Z"}]
[11:09:56] [DEVICE] << [2,"8d9667fa-1b70-4f3c-90ae-8b306d5a4683","Heartbeat",{}]
[11:09:56] [DEVICE] >> [3,"8d9667fa-1b70-4f3c-90ae-8b306d5a4683",{"currentTime":"2026-07-09T03:09:56Z"}]
[11:10:56] [DEVICE] << [2,"1ac694b4-b1db-4d31-80a1-8d74cd721ed9","Heartbeat",{}]
[11:10:56] [DEVICE] >> [3,"1ac694b4-b1db-4d31-80a1-8d74cd721ed9",{"currentTime":"2026-07-09T03:10:56Z"}]
[11:11:56] [DEVICE] << [2,"833615bc-e3db-4902-9c94-d7b7166223de","Heartbeat",{}]
[11:11:56] [DEVICE] >> [3,"833615bc-e3db-4902-9c94-d7b7166223de",{"currentTime":"2026-07-09T03:11:56Z"}]
[11:12:56] [DEVICE] << [2,"d5934cc7-12fd-4103-b31d-0ed026b1d6e2","Heartbeat",{}]
[11:12:56] [DEVICE] >> [3,"d5934cc7-12fd-4103-b31d-0ed026b1d6e2",{"currentTime":"2026-07-09T03:12:56Z"}]
[11:13:56] [DEVICE] << [2,"8766bbf6-7e47-4b6f-b205-3cd82b215ae1","Heartbeat",{}]
[11:13:56] [DEVICE] >> [3,"8766bbf6-7e47-4b6f-b205-3cd82b215ae1",{"currentTime":"2026-07-09T03:13:56Z"}]
[11:14:56] [DEVICE] << [2,"f94d1208-a315-4e81-b5a9-d8c0251dd507","Heartbeat",{}]
[11:14:56] [DEVICE] >> [3,"f94d1208-a315-4e81-b5a9-d8c0251dd507",{"currentTime":"2026-07-09T03:14:56Z"}]
[11:15:56] [DEVICE] << [2,"0dfc4055-0ecc-4a29-a444-e233eb08251b","Heartbeat",{}]
[11:15:56] [DEVICE] >> [3,"0dfc4055-0ecc-4a29-a444-e233eb08251b",{"currentTime":"2026-07-09T03:15:56Z"}]
[11:16:56] [DEVICE] << [2,"cf6b0bf5-08df-41e6-b436-afab1dfafcc3","Heartbeat",{}]
[11:16:56] [DEVICE] >> [3,"cf6b0bf5-08df-41e6-b436-afab1dfafcc3",{"currentTime":"2026-07-09T03:16:56Z"}]
[11:17:56] [DEVICE] << [2,"dd24977b-21f2-4024-bdd2-858bfaa93832","Heartbeat",{}]
[11:17:56] [DEVICE] >> [3,"dd24977b-21f2-4024-bdd2-858bfaa93832",{"currentTime":"2026-07-09T03:17:56Z"}]
[11:18:56] [DEVICE] << [2,"16eab931-0c0b-47d6-b7e5-f2a981ac3d87","Heartbeat",{}]
[11:18:56] [DEVICE] >> [3,"16eab931-0c0b-47d6-b7e5-f2a981ac3d87",{"currentTime":"2026-07-09T03:18:56Z"}]
[11:19:56] [DEVICE] << [2,"a4a80ade-3f8f-4d31-8b93-6ea3aa843397","Heartbeat",{}]
[11:19:56] [DEVICE] >> [3,"a4a80ade-3f8f-4d31-8b93-6ea3aa843397",{"currentTime":"2026-07-09T03:19:56Z"}]
[11:20:56] [DEVICE] << [2,"cbe947a7-ab91-4b66-bc4c-c7df48e1b1a6","Heartbeat",{}]
[11:20:56] [DEVICE] >> [3,"cbe947a7-ab91-4b66-bc4c-c7df48e1b1a6",{"currentTime":"2026-07-09T03:20:56Z"}]
[11:21:56] [DEVICE] << [2,"c9b68d8a-bd94-4126-a658-297403153a7f","Heartbeat",{}]
[11:21:56] [DEVICE] >> [3,"c9b68d8a-bd94-4126-a658-297403153a7f",{"currentTime":"2026-07-09T03:21:56Z"}]
[11:22:56] [DEVICE] << [2,"a0f6c888-61d6-4c50-8e00-71cc1c5e9451","Heartbeat",{}]
[11:22:56] [DEVICE] >> [3,"a0f6c888-61d6-4c50-8e00-71cc1c5e9451",{"currentTime":"2026-07-09T03:22:56Z"}]
[11:23:56] [DEVICE] << [2,"5f0613c3-2ac1-4f09-a8a1-1d5325e5c8e5","Heartbeat",{}]
[11:23:56] [DEVICE] >> [3,"5f0613c3-2ac1-4f09-a8a1-1d5325e5c8e5",{"currentTime":"2026-07-09T03:23:56Z"}]
[11:24:56] [DEVICE] << [2,"a4f1b5a5-a578-46a1-a525-2f85cac1463a","Heartbeat",{}]
[11:24:56] [DEVICE] >> [3,"a4f1b5a5-a578-46a1-a525-2f85cac1463a",{"currentTime":"2026-07-09T03:24:56Z"}]
[11:25:56] [DEVICE] << [2,"a642f2b2-72d0-4002-841c-d94fd0e40be5","Heartbeat",{}]
[11:25:56] [DEVICE] >> [3,"a642f2b2-72d0-4002-841c-d94fd0e40be5",{"currentTime":"2026-07-09T03:25:56Z"}]
[11:26:00] [DEVICE] << [2,"2050d60c-3e90-47ad-914a-380188a4bec6","StatusNotification",{"connectorId":1, "errorCode":"NoError", "status":"Finishing","info":"","timestamp":"2026-07-09T03:26:00.065Z","vendorId":"NA","vendorErrorCode":""}]
[11:26:00] [DEVICE] >> [3,"2050d60c-3e90-47ad-914a-380188a4bec6",{}]
[11:26:01] [DEVICE] << [2,"f134cd1a-8a8f-4f3d-b755-81de35143161","StatusNotification",{"connectorId":1, "errorCode":"NoError", "status":"Available","info":"","timestamp":"2026-07-09T03:26:01.269Z","vendorId":"NA","vendorErrorCode":""}]
[11:26:01] [DEVICE] >> [3,"f134cd1a-8a8f-4f3d-b755-81de35143161",{}]
[11:26:56] [DEVICE] << [2,"f5c88e05-0551-4f40-86cf-907097cd13fd","Heartbeat",{}]
[11:26:56] [DEVICE] >> [3,"f5c88e05-0551-4f40-86cf-907097cd13fd",{"currentTime":"2026-07-09T03:26:56Z"}]
[11:27:19] [DEVICE] << [2,"7b33dded-a3ec-4e73-a9a8-94659387b2ac","StatusNotification",{"connectorId":1, "errorCode":"NoError", "status":"Faulted","info":"","timestamp":"2026-07-09T03:27:19.438Z","vendorId":"NA","vendorErrorCode":"333c"}]
[11:27:19] [DEVICE] >> [3,"7b33dded-a3ec-4e73-a9a8-94659387b2ac",{}]
[11:27:56] [DEVICE] << [2,"37e7af09-1c21-4804-9be2-179baa9dcb7b","Heartbeat",{}]
[11:27:56] [DEVICE] >> [3,"37e7af09-1c21-4804-9be2-179baa9dcb7b",{"currentTime":"2026-07-09T03:27:56Z"}]
[11:28:25] [DEVICE] << [2,"76c96d4d-96f3-420d-9f01-1f450d958c76","StatusNotification",{"connectorId":1, "errorCode":"NoError", "status":"Available","info":"","timestamp":"2026-07-09T03:28:25.587Z","vendorId":"NA","vendorErrorCode":""}]
[11:28:25] [DEVICE] >> [3,"76c96d4d-96f3-420d-9f01-1f450d958c76",{}]
[11:28:31] [DEVICE] << [2,"dfbfa058-0347-47ee-8e98-1f6986204e17","StatusNotification",{"connectorId":1, "errorCode":"NoError", "status":"Preparing","info":"","timestamp":"2026-07-09T03:28:30.998Z","vendorId":"NA","vendorErrorCode":""}]
[11:28:31] [DEVICE] >> [3,"dfbfa058-0347-47ee-8e98-1f6986204e17",{}]
[11:28:51] [DEVICE] << [2,"676e5d0c-ab4c-455e-9eae-37a0a1df4525","StatusNotification",{"connectorId":1, "errorCode":"NoError", "status":"Preparing","info":"","timestamp":"2026-07-09T03:28:50.837Z","vendorId":"NA","vendorErrorCode":"5b0a"}]
[11:28:51] [DEVICE] >> [3,"676e5d0c-ab4c-455e-9eae-37a0a1df4525",{}]
[11:28:56] [DEVICE] << [2,"6cc6f4f9-a985-49a0-9e04-dde32e02942b","StatusNotification",{"connectorId":1, "errorCode":"NoError", "status":"Finishing","info":"","timestamp":"2026-07-09T03:28:56.248Z","vendorId":"NA","vendorErrorCode":"5b0a"}]
[11:28:56] [DEVICE] >> [3,"6cc6f4f9-a985-49a0-9e04-dde32e02942b",{}]
[11:28:56] [DEVICE] << [2,"41bbb5ca-8d3b-4fee-86b0-bede2aa4ad99","Heartbeat",{}]
[11:28:56] [DEVICE] >> [3,"41bbb5ca-8d3b-4fee-86b0-bede2aa4ad99",{"currentTime":"2026-07-09T03:28:56Z"}]
[11:29:56] [DEVICE] << [2,"6b783b98-b6fb-435c-a9d8-aee0d0b606b9","Heartbeat",{}]
[11:29:56] [DEVICE] >> [3,"6b783b98-b6fb-435c-a9d8-aee0d0b606b9",{"currentTime":"2026-07-09T03:29:56Z"}]
[11:30:18] [DEVICE] << [2,"27726018-16b0-4c79-bceb-01d4c498cb43","StatusNotification",{"connectorId":1, "errorCode":"NoError", "status":"Finishing","info":"","timestamp":"2026-07-09T03:30:18.630Z","vendorId":"NA","vendorErrorCode":""}]
[11:30:18] [DEVICE] >> [3,"27726018-16b0-4c79-bceb-01d4c498cb43",{}]
[11:30:25] [DEVICE] << [2,"a5b563c9-ba5e-411b-a8ad-f44673ecf2c8","StatusNotification",{"connectorId":1, "errorCode":"NoError", "status":"Preparing","info":"","timestamp":"2026-07-09T03:30:25.248Z","vendorId":"NA","vendorErrorCode":""}]
[11:30:25] [DEVICE] >> [3,"a5b563c9-ba5e-411b-a8ad-f44673ecf2c8",{}]
[11:30:39] [DEVICE] << [2,"78f2b97f-007c-464a-b4f9-2b6f578f7080","StatusNotification",{"connectorId":1, "errorCode":"NoError", "status":"Preparing","info":"","timestamp":"2026-07-09T03:30:39.081Z","vendorId":"NA","vendorErrorCode":"5b0a"}]
[11:30:39] [DEVICE] >> [3,"78f2b97f-007c-464a-b4f9-2b6f578f7080",{}]
[11:30:45] [DEVICE] << [2,"d2a20e3c-7c35-4a5e-afae-d7a48740fb44","StatusNotification",{"connectorId":1, "errorCode":"NoError", "status":"Finishing","info":"","timestamp":"2026-07-09T03:30:45.701Z","vendorId":"NA","vendorErrorCode":"5b0a"}]
[11:30:46] [DEVICE] >> [3,"d2a20e3c-7c35-4a5e-afae-d7a48740fb44",{}]
[11:30:56] [DEVICE] << [2,"81c6e52d-5d6b-47ef-97d3-c3cb296c529d","Heartbeat",{}]
[11:30:56] [DEVICE] >> [3,"81c6e52d-5d6b-47ef-97d3-c3cb296c529d",{"currentTime":"2026-07-09T03:30:56Z"}]
[11:31:57] [DEVICE] << [2,"93a8d656-2e4b-4656-bf9a-86499fea8b73","Heartbeat",{}]
[11:31:57] [DEVICE] >> [3,"93a8d656-2e4b-4656-bf9a-86499fea8b73",{"currentTime":"2026-07-09T03:31:57Z"}]
[11:32:57] [DEVICE] << [2,"9788626f-a91c-407b-9395-29f337de39a4","Heartbeat",{}]
[11:32:57] [DEVICE] >> [3,"9788626f-a91c-407b-9395-29f337de39a4",{"currentTime":"2026-07-09T03:32:57Z"}]
[11:33:57] [DEVICE] << [2,"ad3f6503-31f1-455f-ae3c-0b338535d5a2","Heartbeat",{}]
[11:33:57] [DEVICE] >> [3,"ad3f6503-31f1-455f-ae3c-0b338535d5a2",{"currentTime":"2026-07-09T03:33:57Z"}]
[11:34:57] [DEVICE] << [2,"452cbd18-3ad3-422d-8788-b6000c4edb61","Heartbeat",{}]
[11:34:57] [DEVICE] >> [3,"452cbd18-3ad3-422d-8788-b6000c4edb61",{"currentTime":"2026-07-09T03:34:57Z"}]
[11:35:57] [DEVICE] << [2,"46bf0a96-707e-4228-a7d1-a961d8951fc5","Heartbeat",{}]
[11:35:57] [DEVICE] >> [3,"46bf0a96-707e-4228-a7d1-a961d8951fc5",{"currentTime":"2026-07-09T03:35:57Z"}]
[11:35:57] [DEVICE] << [2,"838ae267-ac4c-452e-9ac1-1894af24727b","StatusNotification",{"connectorId":1, "errorCode":"NoError", "status":"Finishing","info":"","timestamp":"2026-07-09T03:35:57.587Z","vendorId":"NA","vendorErrorCode":""}]
[11:35:57] [DEVICE] >> [3,"838ae267-ac4c-452e-9ac1-1894af24727b",{}]
[11:35:58] [DEVICE] << [2,"2fc1c58c-3e45-4f3a-98a0-6ae7e3c8813c","StatusNotification",{"connectorId":1, "errorCode":"NoError", "status":"Available","info":"","timestamp":"2026-07-09T03:35:58.790Z","vendorId":"NA","vendorErrorCode":""}]
[11:35:59] [DEVICE] >> [3,"2fc1c58c-3e45-4f3a-98a0-6ae7e3c8813c",{}]
[11:36:02] [DEVICE] << [2,"7d4fee04-3328-4798-91a4-ab45a0babb28","StatusNotification",{"connectorId":1, "errorCode":"NoError", "status":"Preparing","info":"","timestamp":"2026-07-09T03:36:02.404Z","vendorId":"NA","vendorErrorCode":""}]
[11:36:02] [DEVICE] >> [3,"7d4fee04-3328-4798-91a4-ab45a0babb28",{}]
[11:36:14] [DEVICE] << [2,"8cb94b68-0b6c-4592-bf62-d1cce384bdda","StatusNotification",{"connectorId":1, "errorCode":"NoError", "status":"Preparing","info":"","timestamp":"2026-07-09T03:36:13.827Z","vendorId":"NA","vendorErrorCode":"5b0a"}]
[11:36:14] [DEVICE] >> [3,"8cb94b68-0b6c-4592-bf62-d1cce384bdda",{}]
[11:36:20] [DEVICE] << [2,"bc20d6b4-c723-4a3d-84f9-4cba51cf3d3b","StatusNotification",{"connectorId":1, "errorCode":"NoError", "status":"Finishing","info":"","timestamp":"2026-07-09T03:36:19.842Z","vendorId":"NA","vendorErrorCode":"5b0a"}]
[11:36:20] [DEVICE] >> [3,"bc20d6b4-c723-4a3d-84f9-4cba51cf3d3b",{}]
[11:36:57] [DEVICE] << [2,"430fde84-6bc0-432e-a51d-82ce103dc14b","Heartbeat",{}]
[11:36:57] [DEVICE] >> [3,"430fde84-6bc0-432e-a51d-82ce103dc14b",{"currentTime":"2026-07-09T03:36:57Z"}]
[11:37:57] [DEVICE] << [2,"f8719ac7-8db4-43f6-9f92-89fc404a6170","Heartbeat",{}]
[11:37:57] [DEVICE] >> [3,"f8719ac7-8db4-43f6-9f92-89fc404a6170",{"currentTime":"2026-07-09T03:37:57Z"}]
[11:38:57] [DEVICE] << [2,"11abc9a2-6ac6-4859-894f-e07354d1fd1f","Heartbeat",{}]
[11:38:57] [DEVICE] >> [3,"11abc9a2-6ac6-4859-894f-e07354d1fd1f",{"currentTime":"2026-07-09T03:38:57Z"}]
[11:39:57] [DEVICE] << [2,"d3b68255-406c-45c3-aaf4-08dd537608b5","Heartbeat",{}]
[11:39:57] [DEVICE] >> [3,"d3b68255-406c-45c3-aaf4-08dd537608b5",{"currentTime":"2026-07-09T03:39:57Z"}]
[11:40:57] [DEVICE] << [2,"d3c7d684-3863-46c2-b7ff-ac8983258329","Heartbeat",{}]
[11:40:57] [DEVICE] >> [3,"d3c7d684-3863-46c2-b7ff-ac8983258329",{"currentTime":"2026-07-09T03:40:57Z"}]
[11:41:57] [DEVICE] << [2,"45064760-f1b8-46a0-aa20-dce32f5142f8","Heartbeat",{}]
[11:41:57] [DEVICE] >> [3,"45064760-f1b8-46a0-aa20-dce32f5142f8",{"currentTime":"2026-07-09T03:41:57Z"}]
[11:42:57] [DEVICE] << [2,"bf89d568-2ce2-4243-8c74-2fd80514d242","Heartbeat",{}]
[11:42:57] [DEVICE] >> [3,"bf89d568-2ce2-4243-8c74-2fd80514d242",{"currentTime":"2026-07-09T03:42:57Z"}]
[11:43:57] [DEVICE] << [2,"0b312da6-9047-4913-95c2-d90f5d26cad4","Heartbeat",{}]
[11:43:57] [DEVICE] >> [3,"0b312da6-9047-4913-95c2-d90f5d26cad4",{"currentTime":"2026-07-09T03:43:57Z"}]
[11:44:57] [DEVICE] << [2,"30c0fe48-cab3-4afa-a0a9-6289fa85ebc5","Heartbeat",{}]
[11:44:57] [DEVICE] >> [3,"30c0fe48-cab3-4afa-a0a9-6289fa85ebc5",{"currentTime":"2026-07-09T03:44:57Z"}]
[11:45:01] [DEVICE] << [2,"be9b0f66-551d-4f8a-b6d5-a53a7b7f9a2c","StatusNotification",{"connectorId":1, "errorCode":"NoError", "status":"Finishing","info":"","timestamp":"2026-07-09T03:45:01.581Z","vendorId":"NA","vendorErrorCode":""}]
[11:45:01] [DEVICE] >> [3,"be9b0f66-551d-4f8a-b6d5-a53a7b7f9a2c",{}]
[11:45:02] [DEVICE] << [2,"28f06a5f-f2f9-4448-8436-9851da7f423d","StatusNotification",{"connectorId":1, "errorCode":"NoError", "status":"Available","info":"","timestamp":"2026-07-09T03:45:02.182Z","vendorId":"NA","vendorErrorCode":""}]
[11:45:02] [DEVICE] >> [3,"28f06a5f-f2f9-4448-8436-9851da7f423d",{}]
[11:45:11] [DEVICE] << [2,"ca49630d-6c58-4920-a46c-a9ef125cbeda","StatusNotification",{"connectorId":1, "errorCode":"NoError", "status":"Preparing","info":"","timestamp":"2026-07-09T03:45:11.204Z","vendorId":"NA","vendorErrorCode":""}]
[11:45:11] [DEVICE] >> [3,"ca49630d-6c58-4920-a46c-a9ef125cbeda",{}]
[11:45:28] [DEVICE] << [2,"df4c4919-1021-49e1-becb-c1f2f14c9dc8","DataTransfer",{"vendorId":"org.openchargealliance.iso15118pnc","messageId":"Authorize","data":"{\"certificate\":\"-----BEGIN CERTIFICATE-----\nMIIB2DCCAX2gAwIBAgIBDzAKBggqhkjOPQQDAjBPMSAwHgYDVQQDDBdQS0ktMV9D\nUlRfTU9fU1VCMl9WQUxJRDEeMBwGA1UECgwVS2V5c2lnaHQgVGVjaG5vbG9naWVz\nMQswCQYDVQQGEwJERTAeFw0yNTEwMjEwODM3NTNaFw0yNzEwMTYwODM3NTNaMDkx\nFzAVBgNVBAMMDkRFMUFCQ0QyRUYzNTdBMR4wHAYDVQQKDBVLZXlzaWdodCBUZWNo\nbm9sb2dpZXMwWTATBgcqhkjOPQIBBggqhkjOPQMBBwNCAAR7H5...
[11:45:28] [DEVICE] >> [3,"df4c4919-1021-49e1-becb-c1f2f14c9dc8",{"status":"Rejected"}]
[11:45:31] [DEVICE] << [2,"a851668f-82d1-415a-96d8-69a59eb7931d","StatusNotification",{"connectorId":1, "errorCode":"NoError", "status":"Charging","info":"","timestamp":"2026-07-09T03:45:31.046Z","vendorId":"NA","vendorErrorCode":""}]
[11:45:31] [DEVICE] >> [3,"a851668f-82d1-415a-96d8-69a59eb7931d",{}]
[11:45:57] [DEVICE] << [2,"5e297503-1c9d-483b-8d99-c8520da95d95","Heartbeat",{}]
[11:45:57] [DEVICE] >> [3,"5e297503-1c9d-483b-8d99-c8520da95d95",{"currentTime":"2026-07-09T03:45:57Z"}]
[11:46:31] [DEVICE] << [2,"e164d2b4-d365-462b-869b-857ae96584d1","StartTransaction",{"connectorId":1, "idTag":"", "meterStart":0, "timestamp":""}]
[11:46:31] [DEVICE] >> [3,"e164d2b4-d365-462b-869b-857ae96584d1",{"idTagInfo":{"status":"Accepted"},"transactionId":1}]
[11:46:31] [DEVICE] << [2,"2b72c36b-3b88-4334-88ba-cd171f7b3c69","MeterValues",{"connectorId":1,"transactionId":1,"meterValue":[{"timestamp":"2026-07-09T03:46:31.789Z", "sampledValue":[{"format":"Raw", "value":"0.00", "location":"Outlet", "context":"Transaction.Begin", "measurand":"Voltage", "unit":"V"}, {"format":"Raw", "value":"0", "location":"Outlet", "context":"Transaction.Begin", "measurand":"Temperature", "unit":"Celsius"}, {"format":"Raw", "value":"0.00", "location":"Outlet", "context":"Transaction.Begin", "mea...
[11:46:32] [DEVICE] >> [3,"2b72c36b-3b88-4334-88ba-cd171f7b3c69",{}]
[11:46:47] [DEVICE] << [2,"fb21a74b-592a-4875-adaf-f7ed1fa2c2a3","MeterValues",{"connectorId":1,"transactionId":1,"meterValue":[{"timestamp":"2026-07-09T03:46:46.824Z", "sampledValue":[{"format":"Raw", "value":"0.00", "location":"Outlet", "context":"Sample.Periodic", "measurand":"Voltage", "unit":"V"}, {"format":"Raw", "value":"0", "location":"Outlet", "context":"Sample.Periodic", "measurand":"Temperature", "unit":"Celsius"}, {"format":"Raw", "value":"0.00", "location":"Outlet", "context":"Sample.Periodic", "measurand...
[11:46:47] [DEVICE] >> [3,"fb21a74b-592a-4875-adaf-f7ed1fa2c2a3",{}]
[11:46:57] [DEVICE] << [2,"ec265357-6806-4352-bb51-8820b48b0df3","Heartbeat",{}]
[11:46:57] [DEVICE] >> [3,"ec265357-6806-4352-bb51-8820b48b0df3",{"currentTime":"2026-07-09T03:46:57Z"}]
[11:47:02] [DEVICE] << [2,"b275b7af-7c2a-4605-aa3c-32676636a9aa","MeterValues",{"connectorId":1,"transactionId":1,"meterValue":[{"timestamp":"2026-07-09T03:47:02.060Z", "sampledValue":[{"format":"Raw", "value":"0.00", "location":"Outlet", "context":"Sample.Periodic", "measurand":"Voltage", "unit":"V"}, {"format":"Raw", "value":"0", "location":"Outlet", "context":"Sample.Periodic", "measurand":"Temperature", "unit":"Celsius"}, {"format":"Raw", "value":"0.00", "location":"Outlet", "context":"Sample.Periodic", "measurand...
[11:47:02] [DEVICE] >> [3,"b275b7af-7c2a-4605-aa3c-32676636a9aa",{}]
[11:47:17] [DEVICE] << [2,"26c9a0b8-0037-4019-8f5c-1631517b5a49","MeterValues",{"connectorId":1,"transactionId":1,"meterValue":[{"timestamp":"2026-07-09T03:47:17.293Z", "sampledValue":[{"format":"Raw", "value":"0.00", "location":"Outlet", "context":"Sample.Periodic", "measurand":"Voltage", "unit":"V"}, {"format":"Raw", "value":"0", "location":"Outlet", "context":"Sample.Periodic", "measurand":"Temperature", "unit":"Celsius"}, {"format":"Raw", "value":"0.00", "location":"Outlet", "context":"Sample.Periodic", "measurand...
[11:47:17] [DEVICE] >> [3,"26c9a0b8-0037-4019-8f5c-1631517b5a49",{}]
[11:47:25] [DEVICE] << [2,"b9e97348-eae8-44e8-83a4-5d5954c4907a","StatusNotification",{"connectorId":1, "errorCode":"NoError", "status":"Charging","info":"","timestamp":"2026-07-09T03:47:25.112Z","vendorId":"NA","vendorErrorCode":"1112"}]
[11:47:25] [DEVICE] >> [3,"b9e97348-eae8-44e8-83a4-5d5954c4907a",{}]
[11:47:31] [DEVICE] << [2,"de0d4710-fb33-403b-8b36-2502c6d5663b","StatusNotification",{"connectorId":1, "errorCode":"NoError", "status":"Finishing","info":"","timestamp":"2026-07-09T03:47:31.128Z","vendorId":"NA","vendorErrorCode":"1112"}]
[11:47:31] [DEVICE] >> [3,"de0d4710-fb33-403b-8b36-2502c6d5663b",{}]
[11:47:41] [DEVICE] << [2,"2e2acaf9-e655-4b67-aec7-a5c9803b1a2f","StatusNotification",{"connectorId":1, "errorCode":"NoError", "status":"Finishing","info":"","timestamp":"2026-07-09T03:47:40.750Z","vendorId":"NA","vendorErrorCode":""}]
[11:47:41] [DEVICE] >> [3,"2e2acaf9-e655-4b67-aec7-a5c9803b1a2f",{}]
[11:47:41] [DEVICE] << [2,"6120648c-65e1-4126-bc27-4066e5bfaea0","StatusNotification",{"connectorId":1, "errorCode":"NoError", "status":"Available","info":"","timestamp":"2026-07-09T03:47:41.352Z","vendorId":"NA","vendorErrorCode":""}]
[11:47:41] [DEVICE] >> [3,"6120648c-65e1-4126-bc27-4066e5bfaea0",{}]
[11:47:57] [DEVICE] << [2,"a293fc55-991f-4035-aa91-493329e16a3b","Heartbeat",{}]
[11:47:57] [DEVICE] >> [3,"a293fc55-991f-4035-aa91-493329e16a3b",{"currentTime":"2026-07-09T03:47:57Z"}]
[11:48:14] [DEVICE] << [2,"ff80a4a4-a757-45d2-bc5e-5d8ace3bdd58","StatusNotification",{"connectorId":1, "errorCode":"NoError", "status":"Faulted","info":"","timestamp":"2026-07-09T03:48:13.825Z","vendorId":"NA","vendorErrorCode":"333c"}]
[11:48:14] [DEVICE] >> [3,"ff80a4a4-a757-45d2-bc5e-5d8ace3bdd58",{}]
[11:48:57] [DEVICE] << [2,"d17893e3-3ecf-446e-a6e4-d958577b7079","Heartbeat",{}]
[11:48:57] [DEVICE] >> [3,"d17893e3-3ecf-446e-a6e4-d958577b7079",{"currentTime":"2026-07-09T03:48:57Z"}]
[11:49:05] [DEVICE] << [2,"770f4637-5390-4f2f-bbb6-e6dfe4d8adb7","StatusNotification",{"connectorId":1, "errorCode":"NoError", "status":"Available","info":"","timestamp":"2026-07-09T03:49:05.534Z","vendorId":"NA","vendorErrorCode":""}]
[11:49:05] [DEVICE] >> [3,"770f4637-5390-4f2f-bbb6-e6dfe4d8adb7",{}]
[11:49:21] [DEVICE] << [2,"bc3f172f-b268-4270-8ef9-60109c5079ee","StatusNotification",{"connectorId":1, "errorCode":"NoError", "status":"Preparing","info":"","timestamp":"2026-07-09T03:49:21.168Z","vendorId":"NA","vendorErrorCode":""}]
[11:49:21] [DEVICE] >> [3,"bc3f172f-b268-4270-8ef9-60109c5079ee",{}]
[11:49:40] [DEVICE] << [2,"551a5951-d350-4343-8a79-689d3a4c0f97","DataTransfer",{"vendorId":"org.openchargealliance.iso15118pnc","messageId":"Authorize","data":"{\"certificate\":\"-----BEGIN CERTIFICATE-----\nMIIB2DCCAX2gAwIBAgIBDzAKBggqhkjOPQQDAjBPMSAwHgYDVQQDDBdQS0ktMV9D\nUlRfTU9fU1VCMl9WQUxJRDEeMBwGA1UECgwVS2V5c2lnaHQgVGVjaG5vbG9naWVz\nMQswCQYDVQQGEwJERTAeFw0yNTEwMjEwODM3NTNaFw0yNzEwMTYwODM3NTNaMDkx\nFzAVBgNVBAMMDkRFMUFCQ0QyRUYzNTdBMR4wHAYDVQQKDBVLZXlzaWdodCBUZWNo\nbm9sb2dpZXMwWTATBgcqhkjOPQIBBggqhkjOPQMBBwNCAAR7H5...
[11:49:40] [DEVICE] >> [3,"551a5951-d350-4343-8a79-689d3a4c0f97",{"status":"Rejected"}]
[11:49:43] [DEVICE] << [2,"c9608867-1e8c-44ef-9dab-20d85b707e51","StatusNotification",{"connectorId":1, "errorCode":"NoError", "status":"Charging","info":"","timestamp":"2026-07-09T03:49:43.418Z","vendorId":"NA","vendorErrorCode":""}]
[11:49:43] [DEVICE] >> [3,"c9608867-1e8c-44ef-9dab-20d85b707e51",{}]
[11:49:57] [DEVICE] << [2,"39158a58-bb03-4bd7-a8a9-709070f013e0","Heartbeat",{}]
[11:49:57] [DEVICE] >> [3,"39158a58-bb03-4bd7-a8a9-709070f013e0",{"currentTime":"2026-07-09T03:49:57Z"}]
[11:49:58] [DEVICE] << [2,"e0facd6a-8f1f-46f9-bf94-b9fb11d353a4","StatusNotification",{"connectorId":1, "errorCode":"NoError", "status":"Charging","info":"","timestamp":"2026-07-09T03:49:57.851Z","vendorId":"NA","vendorErrorCode":"1112"}]
[11:49:58] [DEVICE] >> [3,"e0facd6a-8f1f-46f9-bf94-b9fb11d353a4",{}]
[11:50:04] [DEVICE] << [2,"c6392bf9-c539-4c11-b068-6446e14936c8","StatusNotification",{"connectorId":1, "errorCode":"NoError", "status":"Finishing","info":"","timestamp":"2026-07-09T03:50:04.468Z","vendorId":"NA","vendorErrorCode":"1112"}]
[11:50:04] [DEVICE] >> [3,"c6392bf9-c539-4c11-b068-6446e14936c8",{}]
[11:50:57] [DEVICE] << [2,"1d1a42d8-e72f-4e24-b9e3-25fdf5329961","Heartbeat",{}]
[11:50:57] [DEVICE] >> [3,"1d1a42d8-e72f-4e24-b9e3-25fdf5329961",{"currentTime":"2026-07-09T03:50:57Z"}]
[11:51:57] [DEVICE] << [2,"ddb13455-9b0b-4d3a-8b7f-d10a0ce44ccb","Heartbeat",{}]
[11:51:57] [DEVICE] >> [3,"ddb13455-9b0b-4d3a-8b7f-d10a0ce44ccb",{"currentTime":"2026-07-09T03:51:57Z"}]
[11:52:57] [DEVICE] << [2,"6170ddd8-7b8d-4229-be50-0b5fea932b60","Heartbeat",{}]
[11:52:57] [DEVICE] >> [3,"6170ddd8-7b8d-4229-be50-0b5fea932b60",{"currentTime":"2026-07-09T03:52:57Z"}]
[11:53:43] [DEVICE] << [2,"0f5988e4-9edd-41f5-9999-6762c9932af4","StatusNotification",{"connectorId":1, "errorCode":"NoError", "status":"Finishing","info":"","timestamp":"2026-07-09T03:53:43.759Z","vendorId":"NA","vendorErrorCode":""}]
[11:53:44] [DEVICE] >> [3,"0f5988e4-9edd-41f5-9999-6762c9932af4",{}]
[11:53:44] [DEVICE] << [2,"83f4218f-17ad-4247-a818-82a732594d19","StatusNotification",{"connectorId":1, "errorCode":"NoError", "status":"Available","info":"","timestamp":"2026-07-09T03:53:44.361Z","vendorId":"NA","vendorErrorCode":""}]
[11:53:44] [DEVICE] >> [3,"83f4218f-17ad-4247-a818-82a732594d19",{}]
[11:53:48] [DEVICE] << [2,"af6cee68-9686-4d85-8e17-f3a183c3892a","StatusNotification",{"connectorId":1, "errorCode":"NoError", "status":"Preparing","info":"","timestamp":"2026-07-09T03:53:48.569Z","vendorId":"NA","vendorErrorCode":""}]
[11:53:48] [DEVICE] >> [3,"af6cee68-9686-4d85-8e17-f3a183c3892a",{}]
[11:53:57] [DEVICE] << [2,"230f25ec-7148-47f1-bf6d-a5c30614f8bc","Heartbeat",{}]
[11:53:57] [DEVICE] >> [3,"230f25ec-7148-47f1-bf6d-a5c30614f8bc",{"currentTime":"2026-07-09T03:53:57Z"}]
[11:54:05] [DEVICE] << [2,"001a09a2-a74d-4ff6-8ce8-87bedad4e935","DataTransfer",{"vendorId":"org.openchargealliance.iso15118pnc","messageId":"Authorize","data":"{\"certificate\":\"-----BEGIN CERTIFICATE-----\nMIIB2DCCAX2gAwIBAgIBDzAKBggqhkjOPQQDAjBPMSAwHgYDVQQDDBdQS0ktMV9D\nUlRfTU9fU1VCMl9WQUxJRDEeMBwGA1UECgwVS2V5c2lnaHQgVGVjaG5vbG9naWVz\nMQswCQYDVQQGEwJERTAeFw0yNTEwMjEwODM3NTNaFw0yNzEwMTYwODM3NTNaMDkx\nFzAVBgNVBAMMDkRFMUFCQ0QyRUYzNTdBMR4wHAYDVQQKDBVLZXlzaWdodCBUZWNo\nbm9sb2dpZXMwWTATBgcqhkjOPQIBBggqhkjOPQMBBwNCAAR7H5...
[11:54:05] [DEVICE] >> [3,"001a09a2-a74d-4ff6-8ce8-87bedad4e935",{"status":"Rejected"}]
[11:54:08] [DEVICE] << [2,"eaee8a4e-ddbc-4450-9454-8b8a580dcc91","StatusNotification",{"connectorId":1, "errorCode":"NoError", "status":"Charging","info":"","timestamp":"2026-07-09T03:54:08.423Z","vendorId":"NA","vendorErrorCode":""}]
[11:54:08] [DEVICE] >> [3,"eaee8a4e-ddbc-4450-9454-8b8a580dcc91",{}]
[11:54:55] [DEVICE] << [2,"a086883c-76d5-4584-a8bd-03c764a5212d","StatusNotification",{"connectorId":1, "errorCode":"NoError", "status":"Charging","info":"","timestamp":"2026-07-09T03:54:55.338Z","vendorId":"NA","vendorErrorCode":"1112"}]
[11:54:55] [DEVICE] >> [3,"a086883c-76d5-4584-a8bd-03c764a5212d",{}]
[11:54:57] [DEVICE] << [2,"d7902e27-ee0d-4ae1-aa3a-688c6a2d6971","Heartbeat",{}]
[11:54:57] [DEVICE] >> [3,"d7902e27-ee0d-4ae1-aa3a-688c6a2d6971",{"currentTime":"2026-07-09T03:54:57Z"}]
[11:55:01] [DEVICE] << [2,"cb505ade-819e-4198-a5c1-85851942298f","StatusNotification",{"connectorId":1, "errorCode":"NoError", "status":"Finishing","info":"","timestamp":"2026-07-09T03:55:01.351Z","vendorId":"NA","vendorErrorCode":"1112"}]
[11:55:01] [DEVICE] >> [3,"cb505ade-819e-4198-a5c1-85851942298f",{}]
[11:55:26] [DEVICE] << [2,"266d850d-2927-4c4c-97f6-590c2f0a80f6","StatusNotification",{"connectorId":1, "errorCode":"NoError", "status":"Finishing","info":"","timestamp":"2026-07-09T03:55:26.608Z","vendorId":"NA","vendorErrorCode":""}]
[11:55:26] [DEVICE] >> [3,"266d850d-2927-4c4c-97f6-590c2f0a80f6",{}]
[11:55:27] [DEVICE] << [2,"14a5de38-0432-4b0b-9051-eb947901ab6f","StatusNotification",{"connectorId":1, "errorCode":"NoError", "status":"Available","info":"","timestamp":"2026-07-09T03:55:27.211Z","vendorId":"NA","vendorErrorCode":""}]
[11:55:27] [DEVICE] >> [3,"14a5de38-0432-4b0b-9051-eb947901ab6f",{}]
[11:55:32] [DEVICE] << [2,"f99628da-3e16-4a1b-9eda-b73e6390f636","StatusNotification",{"connectorId":1, "errorCode":"NoError", "status":"Preparing","info":"","timestamp":"2026-07-09T03:55:32.628Z","vendorId":"NA","vendorErrorCode":""}]
[11:55:32] [DEVICE] >> [3,"f99628da-3e16-4a1b-9eda-b73e6390f636",{}]
[11:55:50] [DEVICE] << [2,"3465a478-3074-4175-b23f-b7368d582b1f","DataTransfer",{"vendorId":"org.openchargealliance.iso15118pnc","messageId":"Get15118EVCertificate","data":"{\"iso15118SchemaVersion\":\"iso:std:iso:15118:-2:DC\",\"action\":\"Install\",\"exiRequest\":\"gJgCDAwMDAwMDAxKiVodHRwOi8vd3d3LnczLm9yZy9UUi9jYW5vbmljYWwtZXhpL0NWh0dHA6Ly93d3cudzMub3JnLzIwMDEvMDQveG1sZHNpZy1tb3JlI2VjZHNhLXNoYTI1NkQORpKIYGIErQ6OjgdF5e7u7uXO5mXN7kzl6opF7Gwtze3NLGwthayvDSXpClodHRwOi8vd3d3LnczLm9yZy8yMDAxLzA0L3htbGVuYyNzaGEyNTZCBnj6OYf...
[11:55:50] [DEVICE] >> [3,"3465a478-3074-4175-b23f-b7368d582b1f",{"data":"{\"exiResponse\":\"gJgCDAwMDAwMDAxKiVodHRwOi8vd3d3LnczLm9yZy9UUi9jYW5vbmljYWwtZXhpL0NWh0dHA6Ly93d3cudzMub3JnLzIwMDEvMDQveG1sZHNpZy1tb3JlI2VjZHNhLXNoYTI1NkQORpKIYGQErQ6OjgdF5e7u7uXO5mXN7kzl6opF7Gwtze3NLGwthayvDSXpClodHRwOi8vd3d3LnczLm9yZy8yMDAxLzA0L3htbGVuYyNzaGEyNTZCD//////////////////////////////////////////wQORpKIYGgErQ6OjgdF5e7u7uXO5mXN7kzl6opF7Gwtze3NLGwthayvDSXpClodHRwOi8vd3d3LnczLm9yZy8yMDAxLzA0L3htbGVuYyNzaGEyNTZCD////////////////////////...
[11:55:57] [DEVICE] << [2,"225a4107-4a24-4be3-9cb4-5e5d2f760ae3","Heartbeat",{}]
[11:55:57] [DEVICE] >> [3,"225a4107-4a24-4be3-9cb4-5e5d2f760ae3",{"currentTime":"2026-07-09T03:55:57Z"}]
[11:56:23] [DEVICE] << [2,"fca00640-0ba7-422f-b7be-777273582ae8","DataTransfer",{"vendorId":"org.openchargealliance.iso15118pnc","messageId":"Get15118EVCertificate","data":"{\"iso15118SchemaVersion\":\"iso:std:iso:15118:-2:DC\",\"action\":\"Install\",\"exiRequest\":\"gJgCDAwMDAwMDAxKiVodHRwOi8vd3d3LnczLm9yZy9UUi9jYW5vbmljYWwtZXhpL0NWh0dHA6Ly93d3cudzMub3JnLzIwMDEvMDQveG1sZHNpZy1tb3JlI2VjZHNhLXNoYTI1NkQORpKIYGIErQ6OjgdF5e7u7uXO5mXN7kzl6opF7Gwtze3NLGwthayvDSXpClodHRwOi8vd3d3LnczLm9yZy8yMDAxLzA0L3htbGVuYyNzaGEyNTZCBnj6OYf...
[11:56:24] [DEVICE] >> [3,"fca00640-0ba7-422f-b7be-777273582ae8",{"data":"{\"exiResponse\":\"gJgCDAwMDAwMDAxKiVodHRwOi8vd3d3LnczLm9yZy9UUi9jYW5vbmljYWwtZXhpL0NWh0dHA6Ly93d3cudzMub3JnLzIwMDEvMDQveG1sZHNpZy1tb3JlI2VjZHNhLXNoYTI1NkQORpKIYGQErQ6OjgdF5e7u7uXO5mXN7kzl6opF7Gwtze3NLGwthayvDSXpClodHRwOi8vd3d3LnczLm9yZy8yMDAxLzA0L3htbGVuYyNzaGEyNTZCD//////////////////////////////////////////wQORpKIYGgErQ6OjgdF5e7u7uXO5mXN7kzl6opF7Gwtze3NLGwthayvDSXpClodHRwOi8vd3d3LnczLm9yZy8yMDAxLzA0L3htbGVuYyNzaGEyNTZCD////////////////////////...
[11:56:42] [DEVICE] << [2,"94dffef8-5ee6-48b8-85fc-ea80a5361575","StatusNotification",{"connectorId":1, "errorCode":"NoError", "status":"Preparing","info":"","timestamp":"2026-07-09T03:56:42.381Z","vendorId":"NA","vendorErrorCode":"5b0a"}]
[11:56:42] [DEVICE] >> [3,"94dffef8-5ee6-48b8-85fc-ea80a5361575",{}]
[11:56:48] [DEVICE] << [2,"85d778ba-43d5-40d5-b825-693104112f64","StatusNotification",{"connectorId":1, "errorCode":"NoError", "status":"Finishing","info":"","timestamp":"2026-07-09T03:56:48.393Z","vendorId":"NA","vendorErrorCode":"5b0a"}]
[11:56:48] [DEVICE] >> [3,"85d778ba-43d5-40d5-b825-693104112f64",{}]
[11:56:55] [DEVICE] << [2,"26a4af76-0c22-4b8e-b3aa-990d062244e9","StatusNotification",{"connectorId":1, "errorCode":"NoError", "status":"Finishing","info":"","timestamp":"2026-07-09T03:56:55.013Z","vendorId":"NA","vendorErrorCode":""}]
[11:56:55] [DEVICE] >> [3,"26a4af76-0c22-4b8e-b3aa-990d062244e9",{}]
[11:56:55] [DEVICE] << [2,"972e4c43-e384-4cbc-b1e5-a698f9c68235","StatusNotification",{"connectorId":1, "errorCode":"NoError", "status":"Available","info":"","timestamp":"2026-07-09T03:56:55.615Z","vendorId":"NA","vendorErrorCode":""}]
[11:56:55] [DEVICE] >> [3,"972e4c43-e384-4cbc-b1e5-a698f9c68235",{}]
[11:56:57] [DEVICE] << [2,"b01b6f11-62d6-4c3b-bae9-1aac02b698c3","Heartbeat",{}]
[11:56:57] [DEVICE] >> [3,"b01b6f11-62d6-4c3b-bae9-1aac02b698c3",{"currentTime":"2026-07-09T03:56:57Z"}]
[11:57:57] [DEVICE] << [2,"4460f02d-68e7-42d2-800f-1155011c4346","Heartbeat",{}]
[11:57:57] [DEVICE] >> [3,"4460f02d-68e7-42d2-800f-1155011c4346",{"currentTime":"2026-07-09T03:57:57Z"}]
[11:58:57] [DEVICE] << [2,"c7e7277a-6273-4624-9194-a59324d5c76e","Heartbeat",{}]
[11:58:57] [DEVICE] >> [3,"c7e7277a-6273-4624-9194-a59324d5c76e",{"currentTime":"2026-07-09T03:58:57Z"}]
[11:59:57] [DEVICE] << [2,"ca79e835-8fc9-48d3-a35d-c13d34dc5da6","Heartbeat",{}]
[11:59:57] [DEVICE] >> [3,"ca79e835-8fc9-48d3-a35d-c13d34dc5da6",{"currentTime":"2026-07-09T03:59:57Z"}]
[12:00:57] [DEVICE] << [2,"3198ba29-f9d8-4c8b-a642-5d4e95a3f4b6","Heartbeat",{}]
[12:00:57] [DEVICE] >> [3,"3198ba29-f9d8-4c8b-a642-5d4e95a3f4b6",{"currentTime":"2026-07-09T04:00:57Z"}]
[12:01:57] [DEVICE] << [2,"16e8753c-715a-487a-9cb1-f577590a1db3","Heartbeat",{}]
[12:01:57] [DEVICE] >> [3,"16e8753c-715a-487a-9cb1-f577590a1db3",{"currentTime":"2026-07-09T04:01:57Z"}]
[12:02:57] [DEVICE] << [2,"87e26d0c-3aff-4a2a-8149-f64d0f120790","Heartbeat",{}]
[12:02:57] [DEVICE] >> [3,"87e26d0c-3aff-4a2a-8149-f64d0f120790",{"currentTime":"2026-07-09T04:02:57Z"}]
[12:03:57] [DEVICE] << [2,"5488fac3-7b86-4e8b-b806-726f20a6a869","Heartbeat",{}]
[12:03:57] [DEVICE] >> [3,"5488fac3-7b86-4e8b-b806-726f20a6a869",{"currentTime":"2026-07-09T04:03:57Z"}]
[12:04:57] [DEVICE] << [2,"d254f36e-d95d-4aa4-92fb-78667cd25099","Heartbeat",{}]
[12:04:57] [DEVICE] >> [3,"d254f36e-d95d-4aa4-92fb-78667cd25099",{"currentTime":"2026-07-09T04:04:57Z"}]
[12:05:57] [DEVICE] << [2,"a090a343-9bcf-49bc-9a1e-85ed4638fa6b","Heartbeat",{}]
[12:05:57] [DEVICE] >> [3,"a090a343-9bcf-49bc-9a1e-85ed4638fa6b",{"currentTime":"2026-07-09T04:05:57Z"}]
[12:06:57] [DEVICE] << [2,"7fabad90-3405-427d-8ba0-cc42892cd67a","Heartbeat",{}]
[12:06:57] [DEVICE] >> [3,"7fabad90-3405-427d-8ba0-cc42892cd67a",{"currentTime":"2026-07-09T04:06:57Z"}]
[12:07:57] [DEVICE] << [2,"e43dd013-29e9-427f-b9d2-8eceec9811a7","Heartbeat",{}]
[12:07:57] [DEVICE] >> [3,"e43dd013-29e9-427f-b9d2-8eceec9811a7",{"currentTime":"2026-07-09T04:07:57Z"}]
[12:08:57] [DEVICE] << [2,"65b05b77-e262-4a76-949a-cc7aa5ca4ce2","Heartbeat",{}]
[12:08:57] [DEVICE] >> [3,"65b05b77-e262-4a76-949a-cc7aa5ca4ce2",{"currentTime":"2026-07-09T04:08:57Z"}]
[12:10:57] [DEVICE] << [2,"ae7be483-a686-478c-a391-f3c6946966f2","Heartbeat",{}]
[12:10:57] [DEVICE] >> [3,"ae7be483-a686-478c-a391-f3c6946966f2",{"currentTime":"2026-07-09T04:10:57Z"}]
[12:11:57] [DEVICE] << [2,"238c3db1-d3dd-45f0-b850-00ae63470646","Heartbeat",{}]
[12:11:57] [DEVICE] >> [3,"238c3db1-d3dd-45f0-b850-00ae63470646",{"currentTime":"2026-07-09T04:11:57Z"}]
[12:12:57] [DEVICE] << [2,"eddb3f30-16fe-4b0a-a4eb-3aba93af021b","Heartbeat",{}]
[12:12:57] [DEVICE] >> [3,"eddb3f30-16fe-4b0a-a4eb-3aba93af021b",{"currentTime":"2026-07-09T04:12:57Z"}]
[12:13:57] [DEVICE] << [2,"410402fc-a931-4f2f-be99-370dfa9ce80f","Heartbeat",{}]
[12:13:57] [DEVICE] >> [3,"410402fc-a931-4f2f-be99-370dfa9ce80f",{"currentTime":"2026-07-09T04:13:57Z"}]
[12:14:57] [DEVICE] << [2,"136f75bf-056c-4e37-967f-82ef77bfc6a4","Heartbeat",{}]
[12:14:57] [DEVICE] >> [3,"136f75bf-056c-4e37-967f-82ef77bfc6a4",{"currentTime":"2026-07-09T04:14:57Z"}]
[12:15:57] [DEVICE] << [2,"b2f469b9-b1b5-4995-85d0-d3dd1a2eea11","Heartbeat",{}]
[12:15:57] [DEVICE] >> [3,"b2f469b9-b1b5-4995-85d0-d3dd1a2eea11",{"currentTime":"2026-07-09T04:15:57Z"}]
[12:16:57] [DEVICE] << [2,"36c34ead-066c-4665-8623-a7ee1e130526","Heartbeat",{}]
[12:16:57] [DEVICE] >> [3,"36c34ead-066c-4665-8623-a7ee1e130526",{"currentTime":"2026-07-09T04:16:57Z"}]
[12:17:57] [DEVICE] << [2,"ac429735-c0dc-4e40-b041-ba4f3111c72a","Heartbeat",{}]
[12:17:57] [DEVICE] >> [3,"ac429735-c0dc-4e40-b041-ba4f3111c72a",{"currentTime":"2026-07-09T04:17:57Z"}]
[12:18:57] [DEVICE] << [2,"2e9739ac-4fd7-493b-8024-1b9713da0d45","Heartbeat",{}]
[12:18:58] [DEVICE] >> [3,"2e9739ac-4fd7-493b-8024-1b9713da0d45",{"currentTime":"2026-07-09T04:18:58Z"}]
[12:19:57] [DEVICE] << [2,"153a6a13-f6c2-4781-b3ca-cbe4d183717a","Heartbeat",{}]
[12:19:58] [DEVICE] >> [3,"153a6a13-f6c2-4781-b3ca-cbe4d183717a",{"currentTime":"2026-07-09T04:19:58Z"}]
[12:20:58] [DEVICE] << [2,"d0f11c95-5adb-4159-92d5-63829287d179","Heartbeat",{}]
[12:20:58] [DEVICE] >> [3,"d0f11c95-5adb-4159-92d5-63829287d179",{"currentTime":"2026-07-09T04:20:58Z"}]
[12:21:58] [DEVICE] << [2,"59f928ac-51db-43e1-9f23-952b0adfd133","Heartbeat",{}]
[12:21:58] [DEVICE] >> [3,"59f928ac-51db-43e1-9f23-952b0adfd133",{"currentTime":"2026-07-09T04:21:58Z"}]
[12:22:58] [DEVICE] << [2,"98bdd50a-c385-455f-8524-13417927690d","Heartbeat",{}]
[12:22:58] [DEVICE] >> [3,"98bdd50a-c385-455f-8524-13417927690d",{"currentTime":"2026-07-09T04:22:58Z"}]
[12:23:58] [DEVICE] << [2,"d8433fe8-2e9e-4283-95df-6582d5d222b2","Heartbeat",{}]
[12:23:58] [DEVICE] >> [3,"d8433fe8-2e9e-4283-95df-6582d5d222b2",{"currentTime":"2026-07-09T04:23:58Z"}]
[12:24:58] [DEVICE] << [2,"ccbdc642-8b16-4fc3-973c-403584f367bc","Heartbeat",{}]
[12:24:58] [DEVICE] >> [3,"ccbdc642-8b16-4fc3-973c-403584f367bc",{"currentTime":"2026-07-09T04:24:58Z"}]
[12:25:58] [DEVICE] << [2,"6b3420a2-bc36-4e9e-ab36-938eca07101b","Heartbeat",{}]
[12:25:58] [DEVICE] >> [3,"6b3420a2-bc36-4e9e-ab36-938eca07101b",{"currentTime":"2026-07-09T04:25:58Z"}]
[12:26:58] [DEVICE] << [2,"a1876b12-db54-4aed-8fe6-848cb5a1f5ea","Heartbeat",{}]
[12:26:58] [DEVICE] >> [3,"a1876b12-db54-4aed-8fe6-848cb5a1f5ea",{"currentTime":"2026-07-09T04:26:58Z"}]
[12:27:58] [DEVICE] << [2,"a432fe85-9ee5-4153-86ab-cac81996fcff","Heartbeat",{}]
[12:27:58] [DEVICE] >> [3,"a432fe85-9ee5-4153-86ab-cac81996fcff",{"currentTime":"2026-07-09T04:27:58Z"}]
[12:28:58] [DEVICE] << [2,"b165d1ad-5952-44f9-835b-05a0a1999e92","Heartbeat",{}]
[12:28:58] [DEVICE] >> [3,"b165d1ad-5952-44f9-835b-05a0a1999e92",{"currentTime":"2026-07-09T04:28:58Z"}]
[12:29:58] [DEVICE] << [2,"cf589546-95c3-4a54-9c19-bae31d3cd31a","Heartbeat",{}]
[12:29:58] [DEVICE] >> [3,"cf589546-95c3-4a54-9c19-bae31d3cd31a",{"currentTime":"2026-07-09T04:29:58Z"}]
[12:30:58] [DEVICE] << [2,"9b1c4870-cfb0-41f8-9be3-af3fe6a2998a","Heartbeat",{}]
[12:30:58] [DEVICE] >> [3,"9b1c4870-cfb0-41f8-9be3-af3fe6a2998a",{"currentTime":"2026-07-09T04:30:58Z"}]
[12:31:58] [DEVICE] << [2,"9124bef1-a6f8-487d-9402-85bfc6fb26ec","Heartbeat",{}]
[12:31:58] [DEVICE] >> [3,"9124bef1-a6f8-487d-9402-85bfc6fb26ec",{"currentTime":"2026-07-09T04:31:58Z"}]
[12:32:58] [DEVICE] << [2,"9fb45cf5-d37d-4719-9d42-2b77d436cd11","Heartbeat",{}]
[12:32:58] [DEVICE] >> [3,"9fb45cf5-d37d-4719-9d42-2b77d436cd11",{"currentTime":"2026-07-09T04:32:58Z"}]
[12:33:58] [DEVICE] << [2,"721e871f-2779-4c3e-9295-dc05f8793d8e","Heartbeat",{}]
[12:33:58] [DEVICE] >> [3,"721e871f-2779-4c3e-9295-dc05f8793d8e",{"currentTime":"2026-07-09T04:33:58Z"}]
[12:34:58] [DEVICE] << [2,"6e6d699a-b143-43cd-b731-663db85380ef","Heartbeat",{}]
[12:34:58] [DEVICE] >> [3,"6e6d699a-b143-43cd-b731-663db85380ef",{"currentTime":"2026-07-09T04:34:58Z"}]
[12:35:58] [DEVICE] << [2,"3a6f4264-e10a-49b1-b529-f1fc776b8182","Heartbeat",{}]
[12:35:58] [DEVICE] >> [3,"3a6f4264-e10a-49b1-b529-f1fc776b8182",{"currentTime":"2026-07-09T04:35:58Z"}]
[12:36:58] [DEVICE] << [2,"5fd2f41e-f7ac-4cfb-88ba-f54f1d2035cb","Heartbeat",{}]
[12:36:58] [DEVICE] >> [3,"5fd2f41e-f7ac-4cfb-88ba-f54f1d2035cb",{"currentTime":"2026-07-09T04:36:58Z"}]
[12:37:58] [DEVICE] << [2,"028d247e-7f5e-4769-a267-3a1984d330c6","Heartbeat",{}]
[12:37:58] [DEVICE] >> [3,"028d247e-7f5e-4769-a267-3a1984d330c6",{"currentTime":"2026-07-09T04:37:58Z"}]
[12:38:58] [DEVICE] << [2,"eae37deb-a4ac-496c-8019-6e8aab4a4d22","Heartbeat",{}]
[12:38:58] [DEVICE] >> [3,"eae37deb-a4ac-496c-8019-6e8aab4a4d22",{"currentTime":"2026-07-09T04:38:58Z"}]
[12:39:58] [DEVICE] << [2,"9bc68c0f-b4e7-46bd-b74f-b7c9711e3630","Heartbeat",{}]
[12:39:58] [DEVICE] >> [3,"9bc68c0f-b4e7-46bd-b74f-b7c9711e3630",{"currentTime":"2026-07-09T04:39:58Z"}]
[12:40:58] [DEVICE] << [2,"8c2d2aa1-35ce-40f9-9fe0-a83258d67962","Heartbeat",{}]
[12:40:58] [DEVICE] >> [3,"8c2d2aa1-35ce-40f9-9fe0-a83258d67962",{"currentTime":"2026-07-09T04:40:58Z"}]
[12:41:58] [DEVICE] << [2,"e1360995-b8ab-4218-9e79-85c880cd188d","Heartbeat",{}]
[12:41:58] [DEVICE] >> [3,"e1360995-b8ab-4218-9e79-85c880cd188d",{"currentTime":"2026-07-09T04:41:58Z"}]
[12:42:58] [DEVICE] << [2,"5254ba6e-06e2-4b7d-90c7-7be7092cfffd","Heartbeat",{}]
[12:42:58] [DEVICE] >> [3,"5254ba6e-06e2-4b7d-90c7-7be7092cfffd",{"currentTime":"2026-07-09T04:42:58Z"}]
[12:43:58] [DEVICE] << [2,"f83b9830-2f7c-4334-9278-4bfb0a511960","Heartbeat",{}]
[12:43:58] [DEVICE] >> [3,"f83b9830-2f7c-4334-9278-4bfb0a511960",{"currentTime":"2026-07-09T04:43:58Z"}]
[12:44:58] [DEVICE] << [2,"fb2beca8-f2c1-4f87-8fe3-58ba89b12049","Heartbeat",{}]
[12:44:58] [DEVICE] >> [3,"fb2beca8-f2c1-4f87-8fe3-58ba89b12049",{"currentTime":"2026-07-09T04:44:58Z"}]
[12:45:58] [DEVICE] << [2,"90d6e4e6-8cf3-415b-bd04-54599d989387","Heartbeat",{}]
[12:45:58] [DEVICE] >> [3,"90d6e4e6-8cf3-415b-bd04-54599d989387",{"currentTime":"2026-07-09T04:45:58Z"}]
[12:46:58] [DEVICE] << [2,"c89db971-f85e-4ef1-9403-6184fb67483d","Heartbeat",{}]
[12:46:58] [DEVICE] >> [3,"c89db971-f85e-4ef1-9403-6184fb67483d",{"currentTime":"2026-07-09T04:46:58Z"}]
[12:47:58] [DEVICE] << [2,"963f59e4-fbae-4455-ae16-bf34fed1de37","Heartbeat",{}]
[12:47:58] [DEVICE] >> [3,"963f59e4-fbae-4455-ae16-bf34fed1de37",{"currentTime":"2026-07-09T04:47:58Z"}]
[12:48:58] [DEVICE] << [2,"5642fe05-4f45-43c1-9a4a-cab987cd7ae6","Heartbeat",{}]
[12:48:58] [DEVICE] >> [3,"5642fe05-4f45-43c1-9a4a-cab987cd7ae6",{"currentTime":"2026-07-09T04:48:58Z"}]
[12:49:58] [DEVICE] << [2,"4a6c5614-38d5-4999-974d-1b692fc36301","Heartbeat",{}]
[12:49:58] [DEVICE] >> [3,"4a6c5614-38d5-4999-974d-1b692fc36301",{"currentTime":"2026-07-09T04:49:58Z"}]
[12:50:58] [DEVICE] << [2,"5e11871e-a8e7-44e3-936f-b9f457d2d4a3","Heartbeat",{}]
[12:50:58] [DEVICE] >> [3,"5e11871e-a8e7-44e3-936f-b9f457d2d4a3",{"currentTime":"2026-07-09T04:50:58Z"}]
[12:51:58] [DEVICE] << [2,"4661d0d2-da86-4020-aa1d-e772b13ee1c5","Heartbeat",{}]
[12:51:58] [DEVICE] >> [3,"4661d0d2-da86-4020-aa1d-e772b13ee1c5",{"currentTime":"2026-07-09T04:51:58Z"}]
[12:52:58] [DEVICE] << [2,"f8c13d6b-6dda-47a1-8ad7-2e235315bcd6","Heartbeat",{}]
[12:52:58] [DEVICE] >> [3,"f8c13d6b-6dda-47a1-8ad7-2e235315bcd6",{"currentTime":"2026-07-09T04:52:58Z"}]
[12:53:58] [DEVICE] << [2,"eabbd1af-8c86-4849-a748-dc02ac149a82","Heartbeat",{}]
[12:53:58] [DEVICE] >> [3,"eabbd1af-8c86-4849-a748-dc02ac149a82",{"currentTime":"2026-07-09T04:53:58Z"}]
[12:54:58] [DEVICE] << [2,"9ac4be33-abad-4192-b5d3-3062f9441e2f","Heartbeat",{}]
[12:54:58] [DEVICE] >> [3,"9ac4be33-abad-4192-b5d3-3062f9441e2f",{"currentTime":"2026-07-09T04:54:58Z"}]
[12:55:58] [DEVICE] << [2,"8c212c61-7b9b-4c65-b16e-2d9959b0270d","Heartbeat",{}]
[12:55:58] [DEVICE] >> [3,"8c212c61-7b9b-4c65-b16e-2d9959b0270d",{"currentTime":"2026-07-09T04:55:58Z"}]
[12:56:58] [DEVICE] << [2,"729015f4-787b-43f0-ac58-0d96fcce7e36","Heartbeat",{}]
[12:56:58] [DEVICE] >> [3,"729015f4-787b-43f0-ac58-0d96fcce7e36",{"currentTime":"2026-07-09T04:56:58Z"}]
[12:57:58] [DEVICE] << [2,"d481dbc9-4a7b-4483-b97f-39c015ad28d2","Heartbeat",{}]
[12:57:58] [DEVICE] >> [3,"d481dbc9-4a7b-4483-b97f-39c015ad28d2",{"currentTime":"2026-07-09T04:57:58Z"}]
[12:58:58] [DEVICE] << [2,"2b48d1a8-76ed-4684-8d53-6ade02efe0c4","Heartbeat",{}]
[12:58:58] [DEVICE] >> [3,"2b48d1a8-76ed-4684-8d53-6ade02efe0c4",{"currentTime":"2026-07-09T04:58:58Z"}]
[12:59:58] [DEVICE] << [2,"b648c61f-ad37-4e79-b5af-e161c1c1ad75","Heartbeat",{}]
[12:59:58] [DEVICE] >> [3,"b648c61f-ad37-4e79-b5af-e161c1c1ad75",{"currentTime":"2026-07-09T04:59:58Z"}]
[13:00:58] [DEVICE] << [2,"3e8c193d-2ac5-4d0b-b362-4d938f7bbc84","Heartbeat",{}]
[13:00:58] [DEVICE] >> [3,"3e8c193d-2ac5-4d0b-b362-4d938f7bbc84",{"currentTime":"2026-07-09T05:00:58Z"}]
[13:01:58] [DEVICE] << [2,"92947c50-32cd-42c2-a101-49af56d7bb69","Heartbeat",{}]
[13:01:58] [DEVICE] >> [3,"92947c50-32cd-42c2-a101-49af56d7bb69",{"currentTime":"2026-07-09T05:01:58Z"}]
[13:02:58] [DEVICE] << [2,"69d47191-ae51-4b3a-9775-84743dc85779","Heartbeat",{}]
[13:02:58] [DEVICE] >> [3,"69d47191-ae51-4b3a-9775-84743dc85779",{"currentTime":"2026-07-09T05:02:58Z"}]
[13:03:58] [DEVICE] << [2,"cf183a68-6e74-42a8-aa1b-dfdd8d9a8bb2","Heartbeat",{}]
[13:03:58] [DEVICE] >> [3,"cf183a68-6e74-42a8-aa1b-dfdd8d9a8bb2",{"currentTime":"2026-07-09T05:03:58Z"}]
[13:04:58] [DEVICE] << [2,"04080f5f-6a68-4e24-91d0-f8302b8d13e5","Heartbeat",{}]
[13:04:58] [DEVICE] >> [3,"04080f5f-6a68-4e24-91d0-f8302b8d13e5",{"currentTime":"2026-07-09T05:04:58Z"}]
[13:05:58] [DEVICE] << [2,"083ff476-6d79-4215-8017-cc27b44b8de7","Heartbeat",{}]
[13:05:58] [DEVICE] >> [3,"083ff476-6d79-4215-8017-cc27b44b8de7",{"currentTime":"2026-07-09T05:05:58Z"}]
[13:06:58] [DEVICE] << [2,"9b7496d9-05b8-4043-96fe-5947ff37b0e0","Heartbeat",{}]
[13:06:58] [DEVICE] >> [3,"9b7496d9-05b8-4043-96fe-5947ff37b0e0",{"currentTime":"2026-07-09T05:06:58Z"}]
[13:07:58] [DEVICE] << [2,"d351da29-9e38-4c14-8e11-17d671ca0033","Heartbeat",{}]
[13:07:58] [DEVICE] >> [3,"d351da29-9e38-4c14-8e11-17d671ca0033",{"currentTime":"2026-07-09T05:07:58Z"}]
[13:08:58] [DEVICE] << [2,"56d52867-855e-4a9e-835e-8b46aecb986c","Heartbeat",{}]
[13:08:58] [DEVICE] >> [3,"56d52867-855e-4a9e-835e-8b46aecb986c",{"currentTime":"2026-07-09T05:08:58Z"}]
[13:09:58] [DEVICE] << [2,"ee97b00e-eb67-4a00-ae11-04c2347d7ce5","Heartbeat",{}]
[13:09:58] [DEVICE] >> [3,"ee97b00e-eb67-4a00-ae11-04c2347d7ce5",{"currentTime":"2026-07-09T05:09:58Z"}]
[13:10:58] [DEVICE] << [2,"eb43f804-79da-46e3-8f70-b4ebf3a8ab89","Heartbeat",{}]
[13:10:59] [DEVICE] >> [3,"eb43f804-79da-46e3-8f70-b4ebf3a8ab89",{"currentTime":"2026-07-09T05:10:59Z"}]
[13:11:58] [DEVICE] << [2,"9bbe6278-8077-4145-aa45-f7ef3fb5d2e6","Heartbeat",{}]
[13:11:59] [DEVICE] >> [3,"9bbe6278-8077-4145-aa45-f7ef3fb5d2e6",{"currentTime":"2026-07-09T05:11:59Z"}]
[13:12:59] [DEVICE] << [2,"10352854-2e7e-4c48-9f4a-b8efa9598795","Heartbeat",{}]
[13:12:59] [DEVICE] >> [3,"10352854-2e7e-4c48-9f4a-b8efa9598795",{"currentTime":"2026-07-09T05:12:59Z"}]
[13:13:59] [DEVICE] << [2,"ca112049-2cb3-464d-b533-2fd18d9bcc99","Heartbeat",{}]
[13:13:59] [DEVICE] >> [3,"ca112049-2cb3-464d-b533-2fd18d9bcc99",{"currentTime":"2026-07-09T05:13:59Z"}]
[13:14:59] [DEVICE] << [2,"a166fbeb-b773-448c-996c-67ca6303c92a","Heartbeat",{}]
[13:14:59] [DEVICE] >> [3,"a166fbeb-b773-448c-996c-67ca6303c92a",{"currentTime":"2026-07-09T05:14:59Z"}]
[13:15:59] [DEVICE] << [2,"b5079e58-1067-40b2-8bf5-cab6e4832f20","Heartbeat",{}]
[13:15:59] [DEVICE] >> [3,"b5079e58-1067-40b2-8bf5-cab6e4832f20",{"currentTime":"2026-07-09T05:15:59Z"}]
[13:16:59] [DEVICE] << [2,"1d1a2fad-29b1-474a-acc1-b16ef94c3662","Heartbeat",{}]
[13:16:59] [DEVICE] >> [3,"1d1a2fad-29b1-474a-acc1-b16ef94c3662",{"currentTime":"2026-07-09T05:16:59Z"}]
[13:17:59] [DEVICE] << [2,"e40e4741-5209-4b4c-befd-9db914fa3bee","Heartbeat",{}]
[13:17:59] [DEVICE] >> [3,"e40e4741-5209-4b4c-befd-9db914fa3bee",{"currentTime":"2026-07-09T05:17:59Z"}]
[13:18:59] [DEVICE] << [2,"e2ac44b9-5097-4123-b49e-3b31b2645481","Heartbeat",{}]
[13:18:59] [DEVICE] >> [3,"e2ac44b9-5097-4123-b49e-3b31b2645481",{"currentTime":"2026-07-09T05:18:59Z"}]
[13:19:59] [DEVICE] << [2,"7b51cdb5-5c91-4bde-af9d-1211bf97b09a","Heartbeat",{}]
[13:19:59] [DEVICE] >> [3,"7b51cdb5-5c91-4bde-af9d-1211bf97b09a",{"currentTime":"2026-07-09T05:19:59Z"}]
[13:20:59] [DEVICE] << [2,"771487fd-80b8-4760-a86a-71913cf21a28","Heartbeat",{}]
[13:20:59] [DEVICE] >> [3,"771487fd-80b8-4760-a86a-71913cf21a28",{"currentTime":"2026-07-09T05:20:59Z"}]
[13:21:59] [DEVICE] << [2,"2530b02d-0dfb-40f8-918c-db6c6e9068bf","Heartbeat",{}]
[13:21:59] [DEVICE] >> [3,"2530b02d-0dfb-40f8-918c-db6c6e9068bf",{"currentTime":"2026-07-09T05:21:59Z"}]
[13:22:59] [DEVICE] << [2,"c72de482-62b4-4905-a6b9-4deb7bc8d840","Heartbeat",{}]
[13:22:59] [DEVICE] >> [3,"c72de482-62b4-4905-a6b9-4deb7bc8d840",{"currentTime":"2026-07-09T05:22:59Z"}]
[13:23:59] [DEVICE] << [2,"0fc592e8-7049-49db-87fe-306ecd8c8dd0","Heartbeat",{}]
[13:23:59] [DEVICE] >> [3,"0fc592e8-7049-49db-87fe-306ecd8c8dd0",{"currentTime":"2026-07-09T05:23:59Z"}]
[13:24:59] [DEVICE] << [2,"fdcaf56d-ca33-4456-86a2-bdb1b0ffbafe","Heartbeat",{}]
[13:24:59] [DEVICE] >> [3,"fdcaf56d-ca33-4456-86a2-bdb1b0ffbafe",{"currentTime":"2026-07-09T05:24:59Z"}]
[13:25:59] [DEVICE] << [2,"04bdcc7b-b1d3-4b94-96b3-db300bd6329a","Heartbeat",{}]
[13:25:59] [DEVICE] >> [3,"04bdcc7b-b1d3-4b94-96b3-db300bd6329a",{"currentTime":"2026-07-09T05:25:59Z"}]
[13:26:59] [DEVICE] << [2,"d5b8216c-90f9-4055-952d-13c59e8ae7b8","Heartbeat",{}]
[13:26:59] [DEVICE] >> [3,"d5b8216c-90f9-4055-952d-13c59e8ae7b8",{"currentTime":"2026-07-09T05:26:59Z"}]
[13:27:59] [DEVICE] << [2,"20cabb26-3ef1-45bf-8e79-2028a80a1dcd","Heartbeat",{}]
[13:27:59] [DEVICE] >> [3,"20cabb26-3ef1-45bf-8e79-2028a80a1dcd",{"currentTime":"2026-07-09T05:27:59Z"}]
[13:28:59] [DEVICE] << [2,"a5967f27-5a05-4a55-88f1-75efdb817e22","Heartbeat",{}]
[13:28:59] [DEVICE] >> [3,"a5967f27-5a05-4a55-88f1-75efdb817e22",{"currentTime":"2026-07-09T05:28:59Z"}]
[13:29:59] [DEVICE] << [2,"90cfa9fd-df44-4ba6-8952-4ddb381f7d05","Heartbeat",{}]
[13:29:59] [DEVICE] >> [3,"90cfa9fd-df44-4ba6-8952-4ddb381f7d05",{"currentTime":"2026-07-09T05:29:59Z"}]
[13:30:59] [DEVICE] << [2,"c4dec79c-ab16-41b2-970b-71d33bc7b6ac","Heartbeat",{}]
[13:30:59] [DEVICE] >> [3,"c4dec79c-ab16-41b2-970b-71d33bc7b6ac",{"currentTime":"2026-07-09T05:30:59Z"}]
[13:31:59] [DEVICE] << [2,"4e043562-28be-4a17-98b9-ac0ecdbb82b5","Heartbeat",{}]
[13:31:59] [DEVICE] >> [3,"4e043562-28be-4a17-98b9-ac0ecdbb82b5",{"currentTime":"2026-07-09T05:31:59Z"}]
[13:32:59] [DEVICE] << [2,"3cdb43a0-fd19-4e99-bccf-dd1e761057ad","Heartbeat",{}]
[13:32:59] [DEVICE] >> [3,"3cdb43a0-fd19-4e99-bccf-dd1e761057ad",{"currentTime":"2026-07-09T05:32:59Z"}]
[13:33:59] [DEVICE] << [2,"43a0c417-4551-4766-aff3-f8f63e503c15","Heartbeat",{}]
[13:33:59] [DEVICE] >> [3,"43a0c417-4551-4766-aff3-f8f63e503c15",{"currentTime":"2026-07-09T05:33:59Z"}]
[13:34:59] [DEVICE] << [2,"f647ab95-e90a-426e-863f-ef4363b53806","Heartbeat",{}]
[13:34:59] [DEVICE] >> [3,"f647ab95-e90a-426e-863f-ef4363b53806",{"currentTime":"2026-07-09T05:34:59Z"}]
[13:35:59] [DEVICE] << [2,"ba4bbc2d-8a2f-4b1f-b15b-433ff077cc73","Heartbeat",{}]
[13:35:59] [DEVICE] >> [3,"ba4bbc2d-8a2f-4b1f-b15b-433ff077cc73",{"currentTime":"2026-07-09T05:35:59Z"}]
[13:36:59] [DEVICE] << [2,"d614b02b-8953-4844-9f1d-10a41798944a","Heartbeat",{}]
[13:36:59] [DEVICE] >> [3,"d614b02b-8953-4844-9f1d-10a41798944a",{"currentTime":"2026-07-09T05:36:59Z"}]
[13:37:59] [DEVICE] << [2,"4074d1be-8899-42e8-a7af-8f6d1f2f0535","Heartbeat",{}]
[13:37:59] [DEVICE] >> [3,"4074d1be-8899-42e8-a7af-8f6d1f2f0535",{"currentTime":"2026-07-09T05:37:59Z"}]
[13:38:59] [DEVICE] << [2,"4355bd8e-8729-4654-a557-bd541e24f170","Heartbeat",{}]
[13:38:59] [DEVICE] >> [3,"4355bd8e-8729-4654-a557-bd541e24f170",{"currentTime":"2026-07-09T05:38:59Z"}]
[13:39:59] [DEVICE] << [2,"04a40389-70e9-418b-ba45-82a664d58156","Heartbeat",{}]
[13:39:59] [DEVICE] >> [3,"04a40389-70e9-418b-ba45-82a664d58156",{"currentTime":"2026-07-09T05:39:59Z"}]
[13:40:59] [DEVICE] << [2,"e55bc66f-9b2e-499d-82e1-4b1e97bbbc6e","Heartbeat",{}]
[13:40:59] [DEVICE] >> [3,"e55bc66f-9b2e-499d-82e1-4b1e97bbbc6e",{"currentTime":"2026-07-09T05:40:59Z"}]
[13:41:59] [DEVICE] << [2,"7bceb947-505d-445f-8928-3fe175be1f58","Heartbeat",{}]
[13:41:59] [DEVICE] >> [3,"7bceb947-505d-445f-8928-3fe175be1f58",{"currentTime":"2026-07-09T05:41:59Z"}]
[13:42:59] [DEVICE] << [2,"f6727271-6fef-4d5f-a05c-bd19c2c14b70","Heartbeat",{}]
[13:42:59] [DEVICE] >> [3,"f6727271-6fef-4d5f-a05c-bd19c2c14b70",{"currentTime":"2026-07-09T05:42:59Z"}]
[13:43:59] [DEVICE] << [2,"e537e068-cfb9-4dc0-aa0c-11afa059ee36","Heartbeat",{}]
[13:43:59] [DEVICE] >> [3,"e537e068-cfb9-4dc0-aa0c-11afa059ee36",{"currentTime":"2026-07-09T05:43:59Z"}]
[13:44:59] [DEVICE] << [2,"37d77a9d-2bbb-4105-bf13-a67281568e9a","Heartbeat",{}]
[13:44:59] [DEVICE] >> [3,"37d77a9d-2bbb-4105-bf13-a67281568e9a",{"currentTime":"2026-07-09T05:44:59Z"}]
[13:45:59] [DEVICE] << [2,"dce90000-705c-4737-9128-fc670e8dbc3d","Heartbeat",{}]
[13:45:59] [DEVICE] >> [3,"dce90000-705c-4737-9128-fc670e8dbc3d",{"currentTime":"2026-07-09T05:45:59Z"}]
[13:46:59] [DEVICE] << [2,"80bd6719-620d-416f-b967-e8f25cb7ae14","Heartbeat",{}]
[13:46:59] [DEVICE] >> [3,"80bd6719-620d-416f-b967-e8f25cb7ae14",{"currentTime":"2026-07-09T05:46:59Z"}]
[13:47:59] [DEVICE] << [2,"9f2f2aaf-7d11-4bc5-b88c-4ed9c6fe9238","Heartbeat",{}]
[13:47:59] [DEVICE] >> [3,"9f2f2aaf-7d11-4bc5-b88c-4ed9c6fe9238",{"currentTime":"2026-07-09T05:47:59Z"}]
[13:48:59] [DEVICE] << [2,"56a13f53-57b4-4e15-b64f-6fb9cf66dccc","Heartbeat",{}]
[13:48:59] [DEVICE] >> [3,"56a13f53-57b4-4e15-b64f-6fb9cf66dccc",{"currentTime":"2026-07-09T05:48:59Z"}]
[13:49:59] [DEVICE] << [2,"3e57804c-966e-49c1-855e-f080efdd1ebd","Heartbeat",{}]
[13:49:59] [DEVICE] >> [3,"3e57804c-966e-49c1-855e-f080efdd1ebd",{"currentTime":"2026-07-09T05:49:59Z"}]
[13:50:59] [DEVICE] << [2,"7498777e-79cc-4afb-bd57-2c52e14bc4f4","Heartbeat",{}]
[13:50:59] [DEVICE] >> [3,"7498777e-79cc-4afb-bd57-2c52e14bc4f4",{"currentTime":"2026-07-09T05:50:59Z"}]
[13:51:59] [DEVICE] << [2,"3ffa6c4c-fddb-4456-bc33-ae731a944615","Heartbeat",{}]
[13:51:59] [DEVICE] >> [3,"3ffa6c4c-fddb-4456-bc33-ae731a944615",{"currentTime":"2026-07-09T05:51:59Z"}]
[13:52:59] [DEVICE] << [2,"1b30587f-048d-4228-9a83-b23d530f35fe","Heartbeat",{}]
[13:52:59] [DEVICE] >> [3,"1b30587f-048d-4228-9a83-b23d530f35fe",{"currentTime":"2026-07-09T05:52:59Z"}]
[13:53:59] [DEVICE] << [2,"5b4ed655-42ee-4ffc-bf12-7c37ea3f0a95","Heartbeat",{}]
[13:53:59] [DEVICE] >> [3,"5b4ed655-42ee-4ffc-bf12-7c37ea3f0a95",{"currentTime":"2026-07-09T05:53:59Z"}]
[13:54:59] [DEVICE] << [2,"714b33b3-f90b-402c-8779-4d512d4a01f5","Heartbeat",{}]
[13:54:59] [DEVICE] >> [3,"714b33b3-f90b-402c-8779-4d512d4a01f5",{"currentTime":"2026-07-09T05:54:59Z"}]
