[00:00:13] [DEVICE] << CP-kk-01 [2,"fd166f70-13c7-4eec-b235-5440c3980cfd","Heartbeat",{}]
[00:00:13] [DEVICE] >> CP-kk-01 [3,"fd166f70-13c7-4eec-b235-5440c3980cfd",{"currentTime":"2026-06-15T16:00:13Z"}]
[00:01:13] [DEVICE] << CP-kk-01 [2,"deba0607-9266-4070-b961-2943abeea411","Heartbeat",{}]
[00:01:13] [DEVICE] >> CP-kk-01 [3,"deba0607-9266-4070-b961-2943abeea411",{"currentTime":"2026-06-15T16:01:13Z"}]
[00:02:14] [DEVICE] << CP-kk-01 [2,"ac0b86cf-eb3e-431f-ab77-bb7ba495e2ec","Heartbeat",{}]
[00:02:14] [DEVICE] >> CP-kk-01 [3,"ac0b86cf-eb3e-431f-ab77-bb7ba495e2ec",{"currentTime":"2026-06-15T16:02:14Z"}]
[00:03:14] [DEVICE] << CP-kk-01 [2,"bedb9889-6518-4e06-9766-a4a62292542e","Heartbeat",{}]
[00:03:14] [DEVICE] >> CP-kk-01 [3,"bedb9889-6518-4e06-9766-a4a62292542e",{"currentTime":"2026-06-15T16:03:14Z"}]
[00:04:14] [DEVICE] << CP-kk-01 [2,"f17e75ca-3095-492f-ba34-ebea6ab748ca","Heartbeat",{}]
[00:04:14] [DEVICE] >> CP-kk-01 [3,"f17e75ca-3095-492f-ba34-ebea6ab748ca",{"currentTime":"2026-06-15T16:04:14Z"}]
[00:05:14] [DEVICE] << CP-kk-01 [2,"0ac6ffe9-48fe-4390-be06-cefc56aa319f","Heartbeat",{}]
[00:05:14] [DEVICE] >> CP-kk-01 [3,"0ac6ffe9-48fe-4390-be06-cefc56aa319f",{"currentTime":"2026-06-15T16:05:14Z"}]
[00:06:14] [DEVICE] << CP-kk-01 [2,"068f5e6e-4195-496d-b0f7-049c0a2c6f7a","Heartbeat",{}]
[00:06:14] [DEVICE] >> CP-kk-01 [3,"068f5e6e-4195-496d-b0f7-049c0a2c6f7a",{"currentTime":"2026-06-15T16:06:14Z"}]
[00:07:14] [DEVICE] << CP-kk-01 [2,"84e62a94-a732-4ee2-a2b8-a883033c1d01","Heartbeat",{}]
[00:07:14] [DEVICE] >> CP-kk-01 [3,"84e62a94-a732-4ee2-a2b8-a883033c1d01",{"currentTime":"2026-06-15T16:07:14Z"}]
[00:08:14] [DEVICE] << CP-kk-01 [2,"fd2a2028-4c05-4d9d-93c4-615f41bf41c9","Heartbeat",{}]
[00:08:14] [DEVICE] >> CP-kk-01 [3,"fd2a2028-4c05-4d9d-93c4-615f41bf41c9",{"currentTime":"2026-06-15T16:08:14Z"}]
[00:09:14] [DEVICE] << CP-kk-01 [2,"18cd74c9-25bd-4559-8ef8-5b046acaaba9","Heartbeat",{}]
[00:09:14] [DEVICE] >> CP-kk-01 [3,"18cd74c9-25bd-4559-8ef8-5b046acaaba9",{"currentTime":"2026-06-15T16:09:14Z"}]
[00:10:14] [DEVICE] << CP-kk-01 [2,"ed37bcfb-b757-4884-8f9d-e4224bf2dd45","Heartbeat",{}]
[00:10:14] [DEVICE] >> CP-kk-01 [3,"ed37bcfb-b757-4884-8f9d-e4224bf2dd45",{"currentTime":"2026-06-15T16:10:14Z"}]
[00:11:14] [DEVICE] << CP-kk-01 [2,"42b74d64-6175-488d-a486-37d563521129","Heartbeat",{}]
[00:11:14] [DEVICE] >> CP-kk-01 [3,"42b74d64-6175-488d-a486-37d563521129",{"currentTime":"2026-06-15T16:11:14Z"}]
[00:12:14] [DEVICE] << CP-kk-01 [2,"84032212-71d7-4c76-9c77-aaa0a010e69d","Heartbeat",{}]
[00:12:14] [DEVICE] >> CP-kk-01 [3,"84032212-71d7-4c76-9c77-aaa0a010e69d",{"currentTime":"2026-06-15T16:12:14Z"}]
[00:13:14] [DEVICE] << CP-kk-01 [2,"f5e99e7d-a742-482d-841b-a153b7adfb89","Heartbeat",{}]
[00:13:14] [DEVICE] >> CP-kk-01 [3,"f5e99e7d-a742-482d-841b-a153b7adfb89",{"currentTime":"2026-06-15T16:13:14Z"}]
[00:14:14] [DEVICE] << CP-kk-01 [2,"d2825948-685b-4fad-b1f2-4c3a17d3d623","Heartbeat",{}]
[00:14:14] [DEVICE] >> CP-kk-01 [3,"d2825948-685b-4fad-b1f2-4c3a17d3d623",{"currentTime":"2026-06-15T16:14:14Z"}]
[00:15:14] [DEVICE] << CP-kk-01 [2,"395c8117-f0e9-4d50-b5f9-1abd5b840d63","Heartbeat",{}]
[00:15:14] [DEVICE] >> CP-kk-01 [3,"395c8117-f0e9-4d50-b5f9-1abd5b840d63",{"currentTime":"2026-06-15T16:15:14Z"}]
[00:16:14] [DEVICE] << CP-kk-01 [2,"832c7dae-cec3-44fa-8a8c-8ab85aad945b","Heartbeat",{}]
[00:16:14] [DEVICE] >> CP-kk-01 [3,"832c7dae-cec3-44fa-8a8c-8ab85aad945b",{"currentTime":"2026-06-15T16:16:14Z"}]
[00:17:14] [DEVICE] << CP-kk-01 [2,"16a50456-1c00-47ad-b63f-1303df38cb29","Heartbeat",{}]
[00:17:14] [DEVICE] >> CP-kk-01 [3,"16a50456-1c00-47ad-b63f-1303df38cb29",{"currentTime":"2026-06-15T16:17:14Z"}]
[00:18:14] [DEVICE] << CP-kk-01 [2,"14e273cc-4edf-43b4-8346-fc151820268c","Heartbeat",{}]
[00:18:14] [DEVICE] >> CP-kk-01 [3,"14e273cc-4edf-43b4-8346-fc151820268c",{"currentTime":"2026-06-15T16:18:14Z"}]
[00:19:14] [DEVICE] << CP-kk-01 [2,"99fd86c3-9b6d-41b7-b3d8-27e41779ce4a","Heartbeat",{}]
[00:19:14] [DEVICE] >> CP-kk-01 [3,"99fd86c3-9b6d-41b7-b3d8-27e41779ce4a",{"currentTime":"2026-06-15T16:19:14Z"}]
[00:20:14] [DEVICE] << CP-kk-01 [2,"3177e78d-f769-4409-89ff-4c7c4dc75721","Heartbeat",{}]
[00:20:14] [DEVICE] >> CP-kk-01 [3,"3177e78d-f769-4409-89ff-4c7c4dc75721",{"currentTime":"2026-06-15T16:20:14Z"}]
[00:21:14] [DEVICE] << CP-kk-01 [2,"46a93174-9a7c-4174-966f-b4df7755e46a","Heartbeat",{}]
[00:21:14] [DEVICE] >> CP-kk-01 [3,"46a93174-9a7c-4174-966f-b4df7755e46a",{"currentTime":"2026-06-15T16:21:14Z"}]
[00:22:14] [DEVICE] << CP-kk-01 [2,"d78ec1f9-fa61-4d71-b7f0-28b3bc775b08","Heartbeat",{}]
[00:22:14] [DEVICE] >> CP-kk-01 [3,"d78ec1f9-fa61-4d71-b7f0-28b3bc775b08",{"currentTime":"2026-06-15T16:22:14Z"}]
[00:23:14] [DEVICE] << CP-kk-01 [2,"a96e88b6-93a6-46f4-b545-2a9b84fab7a7","Heartbeat",{}]
[00:23:14] [DEVICE] >> CP-kk-01 [3,"a96e88b6-93a6-46f4-b545-2a9b84fab7a7",{"currentTime":"2026-06-15T16:23:14Z"}]
[00:24:14] [DEVICE] << CP-kk-01 [2,"dbe2d1b1-a407-4797-a328-987ec1f177ef","Heartbeat",{}]
[00:24:14] [DEVICE] >> CP-kk-01 [3,"dbe2d1b1-a407-4797-a328-987ec1f177ef",{"currentTime":"2026-06-15T16:24:14Z"}]
[00:25:14] [DEVICE] << CP-kk-01 [2,"6a781ee7-17f1-49cf-8698-36b6c3950492","Heartbeat",{}]
[00:25:14] [DEVICE] >> CP-kk-01 [3,"6a781ee7-17f1-49cf-8698-36b6c3950492",{"currentTime":"2026-06-15T16:25:14Z"}]
[00:26:14] [DEVICE] << CP-kk-01 [2,"3bc354d1-74e4-4f87-97c3-c1eb9b4481df","Heartbeat",{}]
[00:26:14] [DEVICE] >> CP-kk-01 [3,"3bc354d1-74e4-4f87-97c3-c1eb9b4481df",{"currentTime":"2026-06-15T16:26:14Z"}]
[00:27:14] [DEVICE] << CP-kk-01 [2,"069127ef-c8d0-45f6-b509-92fb5c17214b","Heartbeat",{}]
[00:27:14] [DEVICE] >> CP-kk-01 [3,"069127ef-c8d0-45f6-b509-92fb5c17214b",{"currentTime":"2026-06-15T16:27:14Z"}]
[00:28:14] [DEVICE] << CP-kk-01 [2,"c304e013-f18e-4e14-8e58-8b3d0f47016c","Heartbeat",{}]
[00:28:14] [DEVICE] >> CP-kk-01 [3,"c304e013-f18e-4e14-8e58-8b3d0f47016c",{"currentTime":"2026-06-15T16:28:14Z"}]
[00:29:14] [DEVICE] << CP-kk-01 [2,"251e658d-3dbc-42f8-aeb5-d1524d14f16a","Heartbeat",{}]
[00:29:14] [DEVICE] >> CP-kk-01 [3,"251e658d-3dbc-42f8-aeb5-d1524d14f16a",{"currentTime":"2026-06-15T16:29:14Z"}]
[00:30:14] [DEVICE] << CP-kk-01 [2,"48b62bdd-619a-40eb-bbcd-15a9b9a86bba","Heartbeat",{}]
[00:30:14] [DEVICE] >> CP-kk-01 [3,"48b62bdd-619a-40eb-bbcd-15a9b9a86bba",{"currentTime":"2026-06-15T16:30:14Z"}]
[00:31:14] [DEVICE] << CP-kk-01 [2,"f748ffec-0f27-4d2d-965d-d134973639ec","Heartbeat",{}]
[00:31:14] [DEVICE] >> CP-kk-01 [3,"f748ffec-0f27-4d2d-965d-d134973639ec",{"currentTime":"2026-06-15T16:31:14Z"}]
[00:32:14] [DEVICE] << CP-kk-01 [2,"8cdf8d58-5532-45e2-a6d4-1fa926b26c31","Heartbeat",{}]
[00:32:14] [DEVICE] >> CP-kk-01 [3,"8cdf8d58-5532-45e2-a6d4-1fa926b26c31",{"currentTime":"2026-06-15T16:32:14Z"}]
[00:33:14] [DEVICE] << CP-kk-01 [2,"87e60c95-b8e8-4a04-9a4f-3e8c65fe78ca","Heartbeat",{}]
[00:33:14] [DEVICE] >> CP-kk-01 [3,"87e60c95-b8e8-4a04-9a4f-3e8c65fe78ca",{"currentTime":"2026-06-15T16:33:14Z"}]
[00:34:14] [DEVICE] << CP-kk-01 [2,"ca464106-0174-47d8-a066-fd0a2440b1ce","Heartbeat",{}]
[00:34:14] [DEVICE] >> CP-kk-01 [3,"ca464106-0174-47d8-a066-fd0a2440b1ce",{"currentTime":"2026-06-15T16:34:14Z"}]
[00:35:14] [DEVICE] << CP-kk-01 [2,"3771dcd3-541a-4358-8ee3-33b91a4f23f7","Heartbeat",{}]
[00:35:14] [DEVICE] >> CP-kk-01 [3,"3771dcd3-541a-4358-8ee3-33b91a4f23f7",{"currentTime":"2026-06-15T16:35:14Z"}]
[00:36:14] [DEVICE] << CP-kk-01 [2,"e973e74f-4ff0-4d79-b7f4-5c56bc64c78c","Heartbeat",{}]
[00:36:14] [DEVICE] >> CP-kk-01 [3,"e973e74f-4ff0-4d79-b7f4-5c56bc64c78c",{"currentTime":"2026-06-15T16:36:14Z"}]
[00:37:14] [DEVICE] << CP-kk-01 [2,"386b352a-18c2-4b23-8309-d6b1da1deb69","Heartbeat",{}]
[00:37:14] [DEVICE] >> CP-kk-01 [3,"386b352a-18c2-4b23-8309-d6b1da1deb69",{"currentTime":"2026-06-15T16:37:14Z"}]
[00:38:14] [DEVICE] << CP-kk-01 [2,"7f46aad5-248b-40e5-a28a-dd440a648203","Heartbeat",{}]
[00:38:14] [DEVICE] >> CP-kk-01 [3,"7f46aad5-248b-40e5-a28a-dd440a648203",{"currentTime":"2026-06-15T16:38:14Z"}]
[00:39:14] [DEVICE] << CP-kk-01 [2,"a523add0-bab6-4554-a156-6aec23ffbf41","Heartbeat",{}]
[00:39:14] [DEVICE] >> CP-kk-01 [3,"a523add0-bab6-4554-a156-6aec23ffbf41",{"currentTime":"2026-06-15T16:39:14Z"}]
[00:40:14] [DEVICE] << CP-kk-01 [2,"7dad6bae-a9bc-408c-9d46-42d67aee5480","Heartbeat",{}]
[00:40:14] [DEVICE] >> CP-kk-01 [3,"7dad6bae-a9bc-408c-9d46-42d67aee5480",{"currentTime":"2026-06-15T16:40:14Z"}]
[00:41:14] [DEVICE] << CP-kk-01 [2,"2e381fc6-eb50-4726-8987-a9282559e9ec","Heartbeat",{}]
[00:41:14] [DEVICE] >> CP-kk-01 [3,"2e381fc6-eb50-4726-8987-a9282559e9ec",{"currentTime":"2026-06-15T16:41:14Z"}]
[00:42:14] [DEVICE] << CP-kk-01 [2,"9ebb5758-cac7-4fde-a73c-19f6f0e0e52d","Heartbeat",{}]
[00:42:14] [DEVICE] >> CP-kk-01 [3,"9ebb5758-cac7-4fde-a73c-19f6f0e0e52d",{"currentTime":"2026-06-15T16:42:14Z"}]
[00:43:14] [DEVICE] << CP-kk-01 [2,"1863a3e5-548c-41b1-9ab5-8db4e8e092b7","Heartbeat",{}]
[00:43:14] [DEVICE] >> CP-kk-01 [3,"1863a3e5-548c-41b1-9ab5-8db4e8e092b7",{"currentTime":"2026-06-15T16:43:14Z"}]
[00:44:14] [DEVICE] << CP-kk-01 [2,"5157eb4c-3bee-46e4-81ca-f01fee9969a9","Heartbeat",{}]
[00:44:14] [DEVICE] >> CP-kk-01 [3,"5157eb4c-3bee-46e4-81ca-f01fee9969a9",{"currentTime":"2026-06-15T16:44:14Z"}]
[00:45:14] [DEVICE] << CP-kk-01 [2,"0d5e8940-a080-4cf0-8793-885dfb552e14","Heartbeat",{}]
[00:45:14] [DEVICE] >> CP-kk-01 [3,"0d5e8940-a080-4cf0-8793-885dfb552e14",{"currentTime":"2026-06-15T16:45:14Z"}]
[00:46:15] [DEVICE] << CP-kk-01 [2,"322286a4-e5fb-4d8f-8d53-4dab7145e8f0","Heartbeat",{}]
[00:46:15] [DEVICE] >> CP-kk-01 [3,"322286a4-e5fb-4d8f-8d53-4dab7145e8f0",{"currentTime":"2026-06-15T16:46:15Z"}]
[00:47:15] [DEVICE] << CP-kk-01 [2,"18741c62-04e3-4d98-8d27-546308a86818","Heartbeat",{}]
[00:47:15] [DEVICE] >> CP-kk-01 [3,"18741c62-04e3-4d98-8d27-546308a86818",{"currentTime":"2026-06-15T16:47:15Z"}]
[00:48:15] [DEVICE] << CP-kk-01 [2,"35364c2e-73f9-4667-b5e4-71837abdc33f","Heartbeat",{}]
[00:48:15] [DEVICE] >> CP-kk-01 [3,"35364c2e-73f9-4667-b5e4-71837abdc33f",{"currentTime":"2026-06-15T16:48:15Z"}]
[00:49:15] [DEVICE] << CP-kk-01 [2,"21ee2075-f3b6-41dc-9f7a-076a7ef5bb96","Heartbeat",{}]
[00:49:15] [DEVICE] >> CP-kk-01 [3,"21ee2075-f3b6-41dc-9f7a-076a7ef5bb96",{"currentTime":"2026-06-15T16:49:15Z"}]
[00:50:15] [DEVICE] << CP-kk-01 [2,"db08ac62-c1f2-4cb2-9f91-a8b7e154adcd","Heartbeat",{}]
[00:50:15] [DEVICE] >> CP-kk-01 [3,"db08ac62-c1f2-4cb2-9f91-a8b7e154adcd",{"currentTime":"2026-06-15T16:50:15Z"}]
[00:51:15] [DEVICE] << CP-kk-01 [2,"8c2745e1-b48d-4f94-9e07-5d005a77518c","Heartbeat",{}]
[00:51:15] [DEVICE] >> CP-kk-01 [3,"8c2745e1-b48d-4f94-9e07-5d005a77518c",{"currentTime":"2026-06-15T16:51:15Z"}]
[00:52:15] [DEVICE] << CP-kk-01 [2,"576f6232-8941-4328-bd9c-9600bff9748b","Heartbeat",{}]
[00:52:15] [DEVICE] >> CP-kk-01 [3,"576f6232-8941-4328-bd9c-9600bff9748b",{"currentTime":"2026-06-15T16:52:15Z"}]
[00:53:15] [DEVICE] << CP-kk-01 [2,"bcd5e111-d648-4d08-8b17-c06ef95adf16","Heartbeat",{}]
[00:53:15] [DEVICE] >> CP-kk-01 [3,"bcd5e111-d648-4d08-8b17-c06ef95adf16",{"currentTime":"2026-06-15T16:53:15Z"}]
[00:54:15] [DEVICE] << CP-kk-01 [2,"80b173a0-3366-4517-a591-ff8bcbbd94f9","Heartbeat",{}]
[00:54:15] [DEVICE] >> CP-kk-01 [3,"80b173a0-3366-4517-a591-ff8bcbbd94f9",{"currentTime":"2026-06-15T16:54:15Z"}]
[00:55:15] [DEVICE] << CP-kk-01 [2,"8ccb7bd8-c134-4648-9642-7840baac0a67","Heartbeat",{}]
[00:55:15] [DEVICE] >> CP-kk-01 [3,"8ccb7bd8-c134-4648-9642-7840baac0a67",{"currentTime":"2026-06-15T16:55:15Z"}]
[00:56:15] [DEVICE] << CP-kk-01 [2,"b97cadf7-d1cf-4f38-ae4a-539a9b433033","Heartbeat",{}]
[00:56:15] [DEVICE] >> CP-kk-01 [3,"b97cadf7-d1cf-4f38-ae4a-539a9b433033",{"currentTime":"2026-06-15T16:56:15Z"}]
[00:57:15] [DEVICE] << CP-kk-01 [2,"1030d248-5529-452d-8547-045c0e8260db","Heartbeat",{}]
[00:57:15] [DEVICE] >> CP-kk-01 [3,"1030d248-5529-452d-8547-045c0e8260db",{"currentTime":"2026-06-15T16:57:15Z"}]
[00:58:15] [DEVICE] << CP-kk-01 [2,"ba6d02b6-8936-4ce6-874c-a8d1ae08b42a","Heartbeat",{}]
[00:58:15] [DEVICE] >> CP-kk-01 [3,"ba6d02b6-8936-4ce6-874c-a8d1ae08b42a",{"currentTime":"2026-06-15T16:58:15Z"}]
[00:59:15] [DEVICE] << CP-kk-01 [2,"1d8070c9-3d6c-4dd1-b15e-292823ec4ecd","Heartbeat",{}]
[00:59:15] [DEVICE] >> CP-kk-01 [3,"1d8070c9-3d6c-4dd1-b15e-292823ec4ecd",{"currentTime":"2026-06-15T16:59:15Z"}]
[01:00:15] [DEVICE] << CP-kk-01 [2,"7fea0956-8524-4a59-8d07-4938d7846aad","Heartbeat",{}]
[01:00:15] [DEVICE] >> CP-kk-01 [3,"7fea0956-8524-4a59-8d07-4938d7846aad",{"currentTime":"2026-06-15T17:00:15Z"}]
[01:01:15] [DEVICE] << CP-kk-01 [2,"9852b3ad-434c-4be7-99ac-fab518afe908","Heartbeat",{}]
[01:01:15] [DEVICE] >> CP-kk-01 [3,"9852b3ad-434c-4be7-99ac-fab518afe908",{"currentTime":"2026-06-15T17:01:15Z"}]
[01:02:15] [DEVICE] << CP-kk-01 [2,"1fe4bb74-00d8-42e0-bcd8-c7c214e28480","Heartbeat",{}]
[01:02:15] [DEVICE] >> CP-kk-01 [3,"1fe4bb74-00d8-42e0-bcd8-c7c214e28480",{"currentTime":"2026-06-15T17:02:15Z"}]
[01:03:15] [DEVICE] << CP-kk-01 [2,"a2e24edb-ce43-409e-8c4e-c2ba60e1288e","Heartbeat",{}]
[01:03:15] [DEVICE] >> CP-kk-01 [3,"a2e24edb-ce43-409e-8c4e-c2ba60e1288e",{"currentTime":"2026-06-15T17:03:15Z"}]
[01:04:15] [DEVICE] << CP-kk-01 [2,"0e8c6cc2-a99e-4f08-ad6c-8d476abda14d","Heartbeat",{}]
[01:04:15] [DEVICE] >> CP-kk-01 [3,"0e8c6cc2-a99e-4f08-ad6c-8d476abda14d",{"currentTime":"2026-06-15T17:04:15Z"}]
[01:05:15] [DEVICE] << CP-kk-01 [2,"a303a7ff-81a8-4ad9-a420-a33a725397b6","Heartbeat",{}]
[01:05:15] [DEVICE] >> CP-kk-01 [3,"a303a7ff-81a8-4ad9-a420-a33a725397b6",{"currentTime":"2026-06-15T17:05:15Z"}]
[01:06:15] [DEVICE] << CP-kk-01 [2,"63c88aeb-246d-4559-a942-e3046316e2a2","Heartbeat",{}]
[01:06:15] [DEVICE] >> CP-kk-01 [3,"63c88aeb-246d-4559-a942-e3046316e2a2",{"currentTime":"2026-06-15T17:06:15Z"}]
[01:07:15] [DEVICE] << CP-kk-01 [2,"4e48f1e5-bd30-442e-b0f5-965ef9c12f65","Heartbeat",{}]
[01:07:15] [DEVICE] >> CP-kk-01 [3,"4e48f1e5-bd30-442e-b0f5-965ef9c12f65",{"currentTime":"2026-06-15T17:07:15Z"}]
[01:08:15] [DEVICE] << CP-kk-01 [2,"4c5e77ce-8693-4716-9fe0-2e95a565cd09","Heartbeat",{}]
[01:08:15] [DEVICE] >> CP-kk-01 [3,"4c5e77ce-8693-4716-9fe0-2e95a565cd09",{"currentTime":"2026-06-15T17:08:15Z"}]
[01:09:15] [DEVICE] << CP-kk-01 [2,"5d5b9858-173b-4473-a0a4-44ede6a8dedf","Heartbeat",{}]
[01:09:15] [DEVICE] >> CP-kk-01 [3,"5d5b9858-173b-4473-a0a4-44ede6a8dedf",{"currentTime":"2026-06-15T17:09:15Z"}]
[01:10:15] [DEVICE] << CP-kk-01 [2,"6922add5-1280-4b3b-9f82-0ee6a11c54c9","Heartbeat",{}]
[01:10:15] [DEVICE] >> CP-kk-01 [3,"6922add5-1280-4b3b-9f82-0ee6a11c54c9",{"currentTime":"2026-06-15T17:10:15Z"}]
[01:11:15] [DEVICE] << CP-kk-01 [2,"d420e6bf-6c91-4955-8154-10ee790c2884","Heartbeat",{}]
[01:11:15] [DEVICE] >> CP-kk-01 [3,"d420e6bf-6c91-4955-8154-10ee790c2884",{"currentTime":"2026-06-15T17:11:15Z"}]
[01:12:15] [DEVICE] << CP-kk-01 [2,"5133323a-f627-4597-8b91-e0445fc6c989","Heartbeat",{}]
[01:12:15] [DEVICE] >> CP-kk-01 [3,"5133323a-f627-4597-8b91-e0445fc6c989",{"currentTime":"2026-06-15T17:12:15Z"}]
[01:13:15] [DEVICE] << CP-kk-01 [2,"6023c2b5-2dd4-45eb-bfb2-cc580497c3af","Heartbeat",{}]
[01:13:15] [DEVICE] >> CP-kk-01 [3,"6023c2b5-2dd4-45eb-bfb2-cc580497c3af",{"currentTime":"2026-06-15T17:13:15Z"}]
[01:14:15] [DEVICE] << CP-kk-01 [2,"c774ef3b-9ccf-4972-ad3c-d1d55617c9be","Heartbeat",{}]
[01:14:15] [DEVICE] >> CP-kk-01 [3,"c774ef3b-9ccf-4972-ad3c-d1d55617c9be",{"currentTime":"2026-06-15T17:14:15Z"}]
[01:15:15] [DEVICE] << CP-kk-01 [2,"012ac9c6-240c-4365-adb6-867a2dc39fa4","Heartbeat",{}]
[01:15:15] [DEVICE] >> CP-kk-01 [3,"012ac9c6-240c-4365-adb6-867a2dc39fa4",{"currentTime":"2026-06-15T17:15:15Z"}]
[01:16:15] [DEVICE] << CP-kk-01 [2,"b99dfff2-eb66-49b7-9099-c0600ac39c0b","Heartbeat",{}]
[01:16:15] [DEVICE] >> CP-kk-01 [3,"b99dfff2-eb66-49b7-9099-c0600ac39c0b",{"currentTime":"2026-06-15T17:16:15Z"}]
[01:17:15] [DEVICE] << CP-kk-01 [2,"fe5b2220-38e0-4b77-b259-15efe053a110","Heartbeat",{}]
[01:17:15] [DEVICE] >> CP-kk-01 [3,"fe5b2220-38e0-4b77-b259-15efe053a110",{"currentTime":"2026-06-15T17:17:15Z"}]
[01:18:15] [DEVICE] << CP-kk-01 [2,"aeb47d30-e1f5-46ac-a83b-708d003d0780","Heartbeat",{}]
[01:18:15] [DEVICE] >> CP-kk-01 [3,"aeb47d30-e1f5-46ac-a83b-708d003d0780",{"currentTime":"2026-06-15T17:18:15Z"}]
[01:19:15] [DEVICE] << CP-kk-01 [2,"65f0675a-e873-45b5-b3e6-0463a258155e","Heartbeat",{}]
[01:19:15] [DEVICE] >> CP-kk-01 [3,"65f0675a-e873-45b5-b3e6-0463a258155e",{"currentTime":"2026-06-15T17:19:15Z"}]
[01:20:15] [DEVICE] << CP-kk-01 [2,"119e6a68-512e-4ff5-9d39-4093cc632aaa","Heartbeat",{}]
[01:20:15] [DEVICE] >> CP-kk-01 [3,"119e6a68-512e-4ff5-9d39-4093cc632aaa",{"currentTime":"2026-06-15T17:20:15Z"}]
[01:21:15] [DEVICE] << CP-kk-01 [2,"e9727ce3-b7cf-472e-89b5-e7b4a187acfe","Heartbeat",{}]
[01:21:15] [DEVICE] >> CP-kk-01 [3,"e9727ce3-b7cf-472e-89b5-e7b4a187acfe",{"currentTime":"2026-06-15T17:21:15Z"}]
[01:22:15] [DEVICE] << CP-kk-01 [2,"fbfe6d96-5687-469f-9351-c779698f0dcb","Heartbeat",{}]
[01:22:15] [DEVICE] >> CP-kk-01 [3,"fbfe6d96-5687-469f-9351-c779698f0dcb",{"currentTime":"2026-06-15T17:22:15Z"}]
[01:23:15] [DEVICE] << CP-kk-01 [2,"c2f910ca-5869-4379-83e9-5fd6b25adab6","Heartbeat",{}]
[01:23:15] [DEVICE] >> CP-kk-01 [3,"c2f910ca-5869-4379-83e9-5fd6b25adab6",{"currentTime":"2026-06-15T17:23:15Z"}]
[01:24:15] [DEVICE] << CP-kk-01 [2,"e85a657b-8d79-4fc8-a26a-72f5245b26e1","Heartbeat",{}]
[01:24:15] [DEVICE] >> CP-kk-01 [3,"e85a657b-8d79-4fc8-a26a-72f5245b26e1",{"currentTime":"2026-06-15T17:24:15Z"}]
[01:25:15] [DEVICE] << CP-kk-01 [2,"2343dc7c-d91a-4466-9261-9be2df805138","Heartbeat",{}]
[01:25:15] [DEVICE] >> CP-kk-01 [3,"2343dc7c-d91a-4466-9261-9be2df805138",{"currentTime":"2026-06-15T17:25:15Z"}]
[01:26:15] [DEVICE] << CP-kk-01 [2,"4a7648b0-5e54-407f-94fe-32373b97ab37","Heartbeat",{}]
[01:26:15] [DEVICE] >> CP-kk-01 [3,"4a7648b0-5e54-407f-94fe-32373b97ab37",{"currentTime":"2026-06-15T17:26:15Z"}]
[01:27:15] [DEVICE] << CP-kk-01 [2,"3c7b6037-4f12-49ef-b0dc-2b0f01705f4a","Heartbeat",{}]
[01:27:15] [DEVICE] >> CP-kk-01 [3,"3c7b6037-4f12-49ef-b0dc-2b0f01705f4a",{"currentTime":"2026-06-15T17:27:15Z"}]
[01:28:15] [DEVICE] << CP-kk-01 [2,"59324c38-7253-4f1c-a982-055bf7aa0f7e","Heartbeat",{}]
[01:28:15] [DEVICE] >> CP-kk-01 [3,"59324c38-7253-4f1c-a982-055bf7aa0f7e",{"currentTime":"2026-06-15T17:28:15Z"}]
[01:29:15] [DEVICE] << CP-kk-01 [2,"52c2f983-c6d6-47a9-8807-231a920fa116","Heartbeat",{}]
[01:29:15] [DEVICE] >> CP-kk-01 [3,"52c2f983-c6d6-47a9-8807-231a920fa116",{"currentTime":"2026-06-15T17:29:15Z"}]
[01:30:15] [DEVICE] << CP-kk-01 [2,"23bd525d-9d62-4548-9667-1c6c0a934f80","Heartbeat",{}]
[01:30:15] [DEVICE] >> CP-kk-01 [3,"23bd525d-9d62-4548-9667-1c6c0a934f80",{"currentTime":"2026-06-15T17:30:15Z"}]
[01:31:15] [DEVICE] << CP-kk-01 [2,"8bf9c854-a64f-4099-a4ef-8f72b1844825","Heartbeat",{}]
[01:31:15] [DEVICE] >> CP-kk-01 [3,"8bf9c854-a64f-4099-a4ef-8f72b1844825",{"currentTime":"2026-06-15T17:31:15Z"}]
[01:32:15] [DEVICE] << CP-kk-01 [2,"5a785a2f-7071-41d7-bd51-1cb76cf8bb57","Heartbeat",{}]
[01:32:15] [DEVICE] >> CP-kk-01 [3,"5a785a2f-7071-41d7-bd51-1cb76cf8bb57",{"currentTime":"2026-06-15T17:32:15Z"}]
[01:33:15] [DEVICE] << CP-kk-01 [2,"34a4d782-8273-492b-b353-ad6dab85fffb","Heartbeat",{}]
[01:33:15] [DEVICE] >> CP-kk-01 [3,"34a4d782-8273-492b-b353-ad6dab85fffb",{"currentTime":"2026-06-15T17:33:15Z"}]
[01:34:16] [DEVICE] << CP-kk-01 [2,"5529e067-4f1c-4dc5-a6b9-59f58e6617d2","Heartbeat",{}]
[01:34:16] [DEVICE] >> CP-kk-01 [3,"5529e067-4f1c-4dc5-a6b9-59f58e6617d2",{"currentTime":"2026-06-15T17:34:16Z"}]
[01:35:16] [DEVICE] << CP-kk-01 [2,"df4049ba-76a1-4750-851c-f3cadaa49fbb","Heartbeat",{}]
[01:35:16] [DEVICE] >> CP-kk-01 [3,"df4049ba-76a1-4750-851c-f3cadaa49fbb",{"currentTime":"2026-06-15T17:35:16Z"}]
[01:36:16] [DEVICE] << CP-kk-01 [2,"c28ed734-136c-4ec1-89f0-a462aaf9d1e2","Heartbeat",{}]
[01:36:16] [DEVICE] >> CP-kk-01 [3,"c28ed734-136c-4ec1-89f0-a462aaf9d1e2",{"currentTime":"2026-06-15T17:36:16Z"}]
[01:37:16] [DEVICE] << CP-kk-01 [2,"e23b760a-d9a8-4b12-9b3a-5755e196dc9b","Heartbeat",{}]
[01:37:16] [DEVICE] >> CP-kk-01 [3,"e23b760a-d9a8-4b12-9b3a-5755e196dc9b",{"currentTime":"2026-06-15T17:37:16Z"}]
[01:38:16] [DEVICE] << CP-kk-01 [2,"d8f5edd1-f41f-4516-8bd0-3632cae96229","Heartbeat",{}]
[01:38:16] [DEVICE] >> CP-kk-01 [3,"d8f5edd1-f41f-4516-8bd0-3632cae96229",{"currentTime":"2026-06-15T17:38:16Z"}]
[01:39:16] [DEVICE] << CP-kk-01 [2,"63a61877-a1e2-4de1-9a3d-e30da52b93c8","Heartbeat",{}]
[01:39:16] [DEVICE] >> CP-kk-01 [3,"63a61877-a1e2-4de1-9a3d-e30da52b93c8",{"currentTime":"2026-06-15T17:39:16Z"}]
[01:40:16] [DEVICE] << CP-kk-01 [2,"a2775fe3-1b8f-4ca9-b125-083d0bc6626d","Heartbeat",{}]
[01:40:16] [DEVICE] >> CP-kk-01 [3,"a2775fe3-1b8f-4ca9-b125-083d0bc6626d",{"currentTime":"2026-06-15T17:40:16Z"}]
[01:41:16] [DEVICE] << CP-kk-01 [2,"ad0c029b-b387-4815-b767-8a731f4486db","Heartbeat",{}]
[01:41:16] [DEVICE] >> CP-kk-01 [3,"ad0c029b-b387-4815-b767-8a731f4486db",{"currentTime":"2026-06-15T17:41:16Z"}]
[01:42:16] [DEVICE] << CP-kk-01 [2,"b17eda6d-5370-4b3a-86a8-24aa5cc1dc4d","Heartbeat",{}]
[01:42:16] [DEVICE] >> CP-kk-01 [3,"b17eda6d-5370-4b3a-86a8-24aa5cc1dc4d",{"currentTime":"2026-06-15T17:42:16Z"}]
[01:43:16] [DEVICE] << CP-kk-01 [2,"234dcdcf-a59d-4f07-9ee3-2b360ff64e78","Heartbeat",{}]
[01:43:16] [DEVICE] >> CP-kk-01 [3,"234dcdcf-a59d-4f07-9ee3-2b360ff64e78",{"currentTime":"2026-06-15T17:43:16Z"}]
[01:44:16] [DEVICE] << CP-kk-01 [2,"0c046185-ca15-4b0a-bc24-8dbbaf2e63ec","Heartbeat",{}]
[01:44:16] [DEVICE] >> CP-kk-01 [3,"0c046185-ca15-4b0a-bc24-8dbbaf2e63ec",{"currentTime":"2026-06-15T17:44:16Z"}]
[01:45:16] [DEVICE] << CP-kk-01 [2,"a5bfb434-2c69-45c3-8d3a-cac1e8c32735","Heartbeat",{}]
[01:45:16] [DEVICE] >> CP-kk-01 [3,"a5bfb434-2c69-45c3-8d3a-cac1e8c32735",{"currentTime":"2026-06-15T17:45:16Z"}]
[01:46:16] [DEVICE] << CP-kk-01 [2,"197928cc-0633-4b04-97f7-b7707b63cf1c","Heartbeat",{}]
[01:46:16] [DEVICE] >> CP-kk-01 [3,"197928cc-0633-4b04-97f7-b7707b63cf1c",{"currentTime":"2026-06-15T17:46:16Z"}]
[01:47:16] [DEVICE] << CP-kk-01 [2,"4bdf764d-e356-45ea-9b01-e6667fd6d852","Heartbeat",{}]
[01:47:16] [DEVICE] >> CP-kk-01 [3,"4bdf764d-e356-45ea-9b01-e6667fd6d852",{"currentTime":"2026-06-15T17:47:16Z"}]
[01:48:16] [DEVICE] << CP-kk-01 [2,"5cbbd004-6756-48ce-819d-8cc6fbf1b474","Heartbeat",{}]
[01:48:16] [DEVICE] >> CP-kk-01 [3,"5cbbd004-6756-48ce-819d-8cc6fbf1b474",{"currentTime":"2026-06-15T17:48:16Z"}]
[01:49:16] [DEVICE] << CP-kk-01 [2,"cb70041d-bb1b-44d4-8102-3d17c1ee43a8","Heartbeat",{}]
[01:49:16] [DEVICE] >> CP-kk-01 [3,"cb70041d-bb1b-44d4-8102-3d17c1ee43a8",{"currentTime":"2026-06-15T17:49:16Z"}]
[01:50:16] [DEVICE] << CP-kk-01 [2,"d68bdee1-a021-4252-bb2d-07f8b1dade13","Heartbeat",{}]
[01:50:16] [DEVICE] >> CP-kk-01 [3,"d68bdee1-a021-4252-bb2d-07f8b1dade13",{"currentTime":"2026-06-15T17:50:16Z"}]
[01:51:16] [DEVICE] << CP-kk-01 [2,"35ef8883-101b-474f-bb22-5cfaa4a6a2b7","Heartbeat",{}]
[01:51:16] [DEVICE] >> CP-kk-01 [3,"35ef8883-101b-474f-bb22-5cfaa4a6a2b7",{"currentTime":"2026-06-15T17:51:16Z"}]
[01:52:16] [DEVICE] << CP-kk-01 [2,"1ac0bca7-e4e3-42be-8422-92113934f426","Heartbeat",{}]
[01:52:16] [DEVICE] >> CP-kk-01 [3,"1ac0bca7-e4e3-42be-8422-92113934f426",{"currentTime":"2026-06-15T17:52:16Z"}]
[01:53:16] [DEVICE] << CP-kk-01 [2,"6cd79433-3549-46d6-b5bc-7106dada8832","Heartbeat",{}]
[01:53:16] [DEVICE] >> CP-kk-01 [3,"6cd79433-3549-46d6-b5bc-7106dada8832",{"currentTime":"2026-06-15T17:53:16Z"}]
[01:54:16] [DEVICE] << CP-kk-01 [2,"ada31eca-fa33-4624-a8c9-8d5bb7a11b43","Heartbeat",{}]
[01:54:16] [DEVICE] >> CP-kk-01 [3,"ada31eca-fa33-4624-a8c9-8d5bb7a11b43",{"currentTime":"2026-06-15T17:54:16Z"}]
[01:55:16] [DEVICE] << CP-kk-01 [2,"ba245866-82a4-471f-843f-435c10d7d424","Heartbeat",{}]
[01:55:16] [DEVICE] >> CP-kk-01 [3,"ba245866-82a4-471f-843f-435c10d7d424",{"currentTime":"2026-06-15T17:55:16Z"}]
[01:56:16] [DEVICE] << CP-kk-01 [2,"4d475976-1e46-4eff-88f6-dbba165cc239","Heartbeat",{}]
[01:56:16] [DEVICE] >> CP-kk-01 [3,"4d475976-1e46-4eff-88f6-dbba165cc239",{"currentTime":"2026-06-15T17:56:16Z"}]
[01:57:16] [DEVICE] << CP-kk-01 [2,"359e5838-7940-411f-a5d1-ed78bc61eb7c","Heartbeat",{}]
[01:57:16] [DEVICE] >> CP-kk-01 [3,"359e5838-7940-411f-a5d1-ed78bc61eb7c",{"currentTime":"2026-06-15T17:57:16Z"}]
[01:58:16] [DEVICE] << CP-kk-01 [2,"eb927b51-55fa-468b-9f0e-fca566b601f6","Heartbeat",{}]
[01:58:16] [DEVICE] >> CP-kk-01 [3,"eb927b51-55fa-468b-9f0e-fca566b601f6",{"currentTime":"2026-06-15T17:58:16Z"}]
[01:59:16] [DEVICE] << CP-kk-01 [2,"2dda3918-0dba-4a47-af32-1984c44f8d29","Heartbeat",{}]
[01:59:16] [DEVICE] >> CP-kk-01 [3,"2dda3918-0dba-4a47-af32-1984c44f8d29",{"currentTime":"2026-06-15T17:59:16Z"}]
[02:00:16] [DEVICE] << CP-kk-01 [2,"fe16d231-f318-4eaf-afd8-34755a2e495a","Heartbeat",{}]
[02:00:16] [DEVICE] >> CP-kk-01 [3,"fe16d231-f318-4eaf-afd8-34755a2e495a",{"currentTime":"2026-06-15T18:00:16Z"}]
[02:01:16] [DEVICE] << CP-kk-01 [2,"4955f058-5c36-4a45-8944-94dbde44c31c","Heartbeat",{}]
[02:01:16] [DEVICE] >> CP-kk-01 [3,"4955f058-5c36-4a45-8944-94dbde44c31c",{"currentTime":"2026-06-15T18:01:16Z"}]
[02:02:16] [DEVICE] << CP-kk-01 [2,"0be1c7fb-44f1-4159-a752-f1271dccccea","Heartbeat",{}]
[02:02:16] [DEVICE] >> CP-kk-01 [3,"0be1c7fb-44f1-4159-a752-f1271dccccea",{"currentTime":"2026-06-15T18:02:16Z"}]
[02:03:16] [DEVICE] << CP-kk-01 [2,"5b10dbaf-0237-4304-b228-479f6e3b0d11","Heartbeat",{}]
[02:03:16] [DEVICE] >> CP-kk-01 [3,"5b10dbaf-0237-4304-b228-479f6e3b0d11",{"currentTime":"2026-06-15T18:03:16Z"}]
[02:04:16] [DEVICE] << CP-kk-01 [2,"1e4ea424-004a-4288-9044-bbfe473719d3","Heartbeat",{}]
[02:04:16] [DEVICE] >> CP-kk-01 [3,"1e4ea424-004a-4288-9044-bbfe473719d3",{"currentTime":"2026-06-15T18:04:16Z"}]
[02:05:16] [DEVICE] << CP-kk-01 [2,"9abc8d40-1e5a-48ed-baf9-de7a816bfec4","Heartbeat",{}]
[02:05:16] [DEVICE] >> CP-kk-01 [3,"9abc8d40-1e5a-48ed-baf9-de7a816bfec4",{"currentTime":"2026-06-15T18:05:16Z"}]
[02:06:16] [DEVICE] << CP-kk-01 [2,"d95fd63b-7b8a-4f57-a33d-af5701158a50","Heartbeat",{}]
[02:06:16] [DEVICE] >> CP-kk-01 [3,"d95fd63b-7b8a-4f57-a33d-af5701158a50",{"currentTime":"2026-06-15T18:06:16Z"}]
[02:07:16] [DEVICE] << CP-kk-01 [2,"5de52655-af17-483b-b684-d5d062331f12","Heartbeat",{}]
[02:07:16] [DEVICE] >> CP-kk-01 [3,"5de52655-af17-483b-b684-d5d062331f12",{"currentTime":"2026-06-15T18:07:16Z"}]
[02:08:16] [DEVICE] << CP-kk-01 [2,"fc5e5920-ce5b-4fa5-aae1-24d0c5d5c4e7","Heartbeat",{}]
[02:08:16] [DEVICE] >> CP-kk-01 [3,"fc5e5920-ce5b-4fa5-aae1-24d0c5d5c4e7",{"currentTime":"2026-06-15T18:08:16Z"}]
[02:09:16] [DEVICE] << CP-kk-01 [2,"091e1c89-9579-4726-a59d-e5013226d678","Heartbeat",{}]
[02:09:16] [DEVICE] >> CP-kk-01 [3,"091e1c89-9579-4726-a59d-e5013226d678",{"currentTime":"2026-06-15T18:09:16Z"}]
[02:10:16] [DEVICE] << CP-kk-01 [2,"238e3730-37b6-4d0f-a821-d9df2c6e5386","Heartbeat",{}]
[02:10:16] [DEVICE] >> CP-kk-01 [3,"238e3730-37b6-4d0f-a821-d9df2c6e5386",{"currentTime":"2026-06-15T18:10:16Z"}]
[02:11:16] [DEVICE] << CP-kk-01 [2,"f05f9cfa-bfc2-408e-bcd6-2946e1998eea","Heartbeat",{}]
[02:11:16] [DEVICE] >> CP-kk-01 [3,"f05f9cfa-bfc2-408e-bcd6-2946e1998eea",{"currentTime":"2026-06-15T18:11:16Z"}]
[02:12:16] [DEVICE] << CP-kk-01 [2,"71378669-ee62-4a08-b47d-b320f6a7e890","Heartbeat",{}]
[02:12:16] [DEVICE] >> CP-kk-01 [3,"71378669-ee62-4a08-b47d-b320f6a7e890",{"currentTime":"2026-06-15T18:12:16Z"}]
[02:13:16] [DEVICE] << CP-kk-01 [2,"3341a589-50f8-4629-b9dd-0caf705d76c9","Heartbeat",{}]
[02:13:16] [DEVICE] >> CP-kk-01 [3,"3341a589-50f8-4629-b9dd-0caf705d76c9",{"currentTime":"2026-06-15T18:13:16Z"}]
[02:14:16] [DEVICE] << CP-kk-01 [2,"8ac967a3-0f43-438f-a8d5-8af9672fd994","Heartbeat",{}]
[02:14:16] [DEVICE] >> CP-kk-01 [3,"8ac967a3-0f43-438f-a8d5-8af9672fd994",{"currentTime":"2026-06-15T18:14:16Z"}]
[02:15:16] [DEVICE] << CP-kk-01 [2,"87dcbfeb-d77e-4688-b6c7-05a940ca7056","Heartbeat",{}]
[02:15:16] [DEVICE] >> CP-kk-01 [3,"87dcbfeb-d77e-4688-b6c7-05a940ca7056",{"currentTime":"2026-06-15T18:15:16Z"}]
[02:16:16] [DEVICE] << CP-kk-01 [2,"1c1fb812-bbae-40da-a583-b944c3f90507","Heartbeat",{}]
[02:16:16] [DEVICE] >> CP-kk-01 [3,"1c1fb812-bbae-40da-a583-b944c3f90507",{"currentTime":"2026-06-15T18:16:16Z"}]
[02:17:16] [DEVICE] << CP-kk-01 [2,"9e81193c-434f-4dbb-a1d6-9b29a5f31aad","Heartbeat",{}]
[02:17:16] [DEVICE] >> CP-kk-01 [3,"9e81193c-434f-4dbb-a1d6-9b29a5f31aad",{"currentTime":"2026-06-15T18:17:16Z"}]
[02:18:16] [DEVICE] << CP-kk-01 [2,"6ed35fb1-c649-4d70-953d-435ee127294e","Heartbeat",{}]
[02:18:16] [DEVICE] >> CP-kk-01 [3,"6ed35fb1-c649-4d70-953d-435ee127294e",{"currentTime":"2026-06-15T18:18:16Z"}]
[02:19:16] [DEVICE] << CP-kk-01 [2,"69e7025c-958c-42fb-911c-43b5e410f133","Heartbeat",{}]
[02:19:16] [DEVICE] >> CP-kk-01 [3,"69e7025c-958c-42fb-911c-43b5e410f133",{"currentTime":"2026-06-15T18:19:16Z"}]
[02:20:16] [DEVICE] << CP-kk-01 [2,"10784a00-35aa-457a-807f-bb8faf77a95e","Heartbeat",{}]
[02:20:16] [DEVICE] >> CP-kk-01 [3,"10784a00-35aa-457a-807f-bb8faf77a95e",{"currentTime":"2026-06-15T18:20:16Z"}]
[02:21:17] [DEVICE] << CP-kk-01 [2,"6abf0036-1b92-441b-a5ad-dc3ab569f613","Heartbeat",{}]
[02:21:17] [DEVICE] >> CP-kk-01 [3,"6abf0036-1b92-441b-a5ad-dc3ab569f613",{"currentTime":"2026-06-15T18:21:17Z"}]
[02:22:17] [DEVICE] << CP-kk-01 [2,"36d9e6c5-0c8e-4b8b-b91e-1f9062f2532d","Heartbeat",{}]
[02:22:17] [DEVICE] >> CP-kk-01 [3,"36d9e6c5-0c8e-4b8b-b91e-1f9062f2532d",{"currentTime":"2026-06-15T18:22:17Z"}]
[02:23:17] [DEVICE] << CP-kk-01 [2,"e620768b-9d68-49d9-8ff2-433a2aadb818","Heartbeat",{}]
[02:23:17] [DEVICE] >> CP-kk-01 [3,"e620768b-9d68-49d9-8ff2-433a2aadb818",{"currentTime":"2026-06-15T18:23:17Z"}]
[02:24:17] [DEVICE] << CP-kk-01 [2,"5e37b3d4-ec70-4e3c-859b-f5cb6dfc3997","Heartbeat",{}]
[02:24:17] [DEVICE] >> CP-kk-01 [3,"5e37b3d4-ec70-4e3c-859b-f5cb6dfc3997",{"currentTime":"2026-06-15T18:24:17Z"}]
[02:25:17] [DEVICE] << CP-kk-01 [2,"56867113-4f07-4521-8a9a-63604cec6750","Heartbeat",{}]
[02:25:17] [DEVICE] >> CP-kk-01 [3,"56867113-4f07-4521-8a9a-63604cec6750",{"currentTime":"2026-06-15T18:25:17Z"}]
[02:26:17] [DEVICE] << CP-kk-01 [2,"a9437cfa-6f06-4dbf-b6dc-3bca1c4ee387","Heartbeat",{}]
[02:26:17] [DEVICE] >> CP-kk-01 [3,"a9437cfa-6f06-4dbf-b6dc-3bca1c4ee387",{"currentTime":"2026-06-15T18:26:17Z"}]
[02:27:17] [DEVICE] << CP-kk-01 [2,"b14c9328-3474-4306-8926-9090dafa364f","Heartbeat",{}]
[02:27:17] [DEVICE] >> CP-kk-01 [3,"b14c9328-3474-4306-8926-9090dafa364f",{"currentTime":"2026-06-15T18:27:17Z"}]
[02:28:17] [DEVICE] << CP-kk-01 [2,"aed175b4-67a2-4f51-a81f-faacc5d63d8d","Heartbeat",{}]
[02:28:17] [DEVICE] >> CP-kk-01 [3,"aed175b4-67a2-4f51-a81f-faacc5d63d8d",{"currentTime":"2026-06-15T18:28:17Z"}]
[02:29:17] [DEVICE] << CP-kk-01 [2,"66e78589-c934-45bf-8673-0f51bb199292","Heartbeat",{}]
[02:29:17] [DEVICE] >> CP-kk-01 [3,"66e78589-c934-45bf-8673-0f51bb199292",{"currentTime":"2026-06-15T18:29:17Z"}]
[02:30:17] [DEVICE] << CP-kk-01 [2,"69c4a5d4-34e7-4709-bc2c-4756e5ba4ef7","Heartbeat",{}]
[02:30:17] [DEVICE] >> CP-kk-01 [3,"69c4a5d4-34e7-4709-bc2c-4756e5ba4ef7",{"currentTime":"2026-06-15T18:30:17Z"}]
[02:31:17] [DEVICE] << CP-kk-01 [2,"faa84d21-a010-42ab-b05d-7f958ef977f9","Heartbeat",{}]
[02:31:17] [DEVICE] >> CP-kk-01 [3,"faa84d21-a010-42ab-b05d-7f958ef977f9",{"currentTime":"2026-06-15T18:31:17Z"}]
[02:32:17] [DEVICE] << CP-kk-01 [2,"84b0e462-715f-4843-8741-cea405aa7ddd","Heartbeat",{}]
[02:32:17] [DEVICE] >> CP-kk-01 [3,"84b0e462-715f-4843-8741-cea405aa7ddd",{"currentTime":"2026-06-15T18:32:17Z"}]
[02:33:17] [DEVICE] << CP-kk-01 [2,"fbfc1286-23cd-44fc-8715-61259f3de683","Heartbeat",{}]
[02:33:17] [DEVICE] >> CP-kk-01 [3,"fbfc1286-23cd-44fc-8715-61259f3de683",{"currentTime":"2026-06-15T18:33:17Z"}]
[02:34:17] [DEVICE] << CP-kk-01 [2,"7402f5f6-2cbf-4a3f-beb1-353081231e9b","Heartbeat",{}]
[02:34:17] [DEVICE] >> CP-kk-01 [3,"7402f5f6-2cbf-4a3f-beb1-353081231e9b",{"currentTime":"2026-06-15T18:34:17Z"}]
[02:35:17] [DEVICE] << CP-kk-01 [2,"534705dc-d81d-441d-a3f0-9fb7e27b98c8","Heartbeat",{}]
[02:35:17] [DEVICE] >> CP-kk-01 [3,"534705dc-d81d-441d-a3f0-9fb7e27b98c8",{"currentTime":"2026-06-15T18:35:17Z"}]
[02:36:17] [DEVICE] << CP-kk-01 [2,"aedfb345-3f22-4a01-970d-176789a672af","Heartbeat",{}]
[02:36:17] [DEVICE] >> CP-kk-01 [3,"aedfb345-3f22-4a01-970d-176789a672af",{"currentTime":"2026-06-15T18:36:17Z"}]
[02:37:17] [DEVICE] << CP-kk-01 [2,"750d4677-36c9-4ac0-ad9e-35f57473fdd0","Heartbeat",{}]
[02:37:17] [DEVICE] >> CP-kk-01 [3,"750d4677-36c9-4ac0-ad9e-35f57473fdd0",{"currentTime":"2026-06-15T18:37:17Z"}]
[02:38:17] [DEVICE] << CP-kk-01 [2,"c990bfd7-5d23-4df7-a7b2-4bab551c1590","Heartbeat",{}]
[02:38:17] [DEVICE] >> CP-kk-01 [3,"c990bfd7-5d23-4df7-a7b2-4bab551c1590",{"currentTime":"2026-06-15T18:38:17Z"}]
[02:39:17] [DEVICE] << CP-kk-01 [2,"369505a0-6f30-45b6-b1ae-2c9f50483c45","Heartbeat",{}]
[02:39:17] [DEVICE] >> CP-kk-01 [3,"369505a0-6f30-45b6-b1ae-2c9f50483c45",{"currentTime":"2026-06-15T18:39:17Z"}]
[02:40:17] [DEVICE] << CP-kk-01 [2,"692dea05-6524-44b6-8709-d15d7f03e8a2","Heartbeat",{}]
[02:40:17] [DEVICE] >> CP-kk-01 [3,"692dea05-6524-44b6-8709-d15d7f03e8a2",{"currentTime":"2026-06-15T18:40:17Z"}]
[02:41:17] [DEVICE] << CP-kk-01 [2,"6e23e4fe-5a7d-4635-a734-c62caab67b39","Heartbeat",{}]
[02:41:17] [DEVICE] >> CP-kk-01 [3,"6e23e4fe-5a7d-4635-a734-c62caab67b39",{"currentTime":"2026-06-15T18:41:17Z"}]
[02:42:17] [DEVICE] << CP-kk-01 [2,"985fe5ee-eab7-4f99-af2a-05930569ba1c","Heartbeat",{}]
[02:42:17] [DEVICE] >> CP-kk-01 [3,"985fe5ee-eab7-4f99-af2a-05930569ba1c",{"currentTime":"2026-06-15T18:42:17Z"}]
[02:43:17] [DEVICE] << CP-kk-01 [2,"91eadca3-68a0-4e67-93a8-7399dadc4bb1","Heartbeat",{}]
[02:43:17] [DEVICE] >> CP-kk-01 [3,"91eadca3-68a0-4e67-93a8-7399dadc4bb1",{"currentTime":"2026-06-15T18:43:17Z"}]
[02:44:17] [DEVICE] << CP-kk-01 [2,"10f5f815-ff6c-49ef-8d3d-3b8d188c0606","Heartbeat",{}]
[02:44:17] [DEVICE] >> CP-kk-01 [3,"10f5f815-ff6c-49ef-8d3d-3b8d188c0606",{"currentTime":"2026-06-15T18:44:17Z"}]
[02:45:17] [DEVICE] << CP-kk-01 [2,"61c6a355-1e01-46d6-916b-b2ee37a9bcda","Heartbeat",{}]
[02:45:17] [DEVICE] >> CP-kk-01 [3,"61c6a355-1e01-46d6-916b-b2ee37a9bcda",{"currentTime":"2026-06-15T18:45:17Z"}]
[02:46:17] [DEVICE] << CP-kk-01 [2,"27d2e9e6-8fc0-46d9-ac3b-5bf67d5c59b2","Heartbeat",{}]
[02:46:17] [DEVICE] >> CP-kk-01 [3,"27d2e9e6-8fc0-46d9-ac3b-5bf67d5c59b2",{"currentTime":"2026-06-15T18:46:17Z"}]
[02:47:17] [DEVICE] << CP-kk-01 [2,"de99838e-0428-4f5e-a6ac-43ca399c5195","Heartbeat",{}]
[02:47:17] [DEVICE] >> CP-kk-01 [3,"de99838e-0428-4f5e-a6ac-43ca399c5195",{"currentTime":"2026-06-15T18:47:17Z"}]
[02:48:17] [DEVICE] << CP-kk-01 [2,"78646ef0-2d41-43c6-82e7-b14d1fb12998","Heartbeat",{}]
[02:48:17] [DEVICE] >> CP-kk-01 [3,"78646ef0-2d41-43c6-82e7-b14d1fb12998",{"currentTime":"2026-06-15T18:48:17Z"}]
[02:49:17] [DEVICE] << CP-kk-01 [2,"1b999f6b-b3c7-4ce6-8c17-fa8179d254a6","Heartbeat",{}]
[02:49:17] [DEVICE] >> CP-kk-01 [3,"1b999f6b-b3c7-4ce6-8c17-fa8179d254a6",{"currentTime":"2026-06-15T18:49:17Z"}]
[02:50:17] [DEVICE] << CP-kk-01 [2,"410ed420-3563-4d3e-8729-22283c3a26c4","Heartbeat",{}]
[02:50:17] [DEVICE] >> CP-kk-01 [3,"410ed420-3563-4d3e-8729-22283c3a26c4",{"currentTime":"2026-06-15T18:50:17Z"}]
[02:51:17] [DEVICE] << CP-kk-01 [2,"8dda91b6-d441-4d92-8970-ff0adb347c32","Heartbeat",{}]
[02:51:17] [DEVICE] >> CP-kk-01 [3,"8dda91b6-d441-4d92-8970-ff0adb347c32",{"currentTime":"2026-06-15T18:51:17Z"}]
[02:52:17] [DEVICE] << CP-kk-01 [2,"fcbaed9e-e34b-4acb-a8e8-4d355dc59058","Heartbeat",{}]
[02:52:17] [DEVICE] >> CP-kk-01 [3,"fcbaed9e-e34b-4acb-a8e8-4d355dc59058",{"currentTime":"2026-06-15T18:52:17Z"}]
[02:53:17] [DEVICE] << CP-kk-01 [2,"8abbabc4-2949-4bfd-8317-12d06d45cddd","Heartbeat",{}]
[02:53:17] [DEVICE] >> CP-kk-01 [3,"8abbabc4-2949-4bfd-8317-12d06d45cddd",{"currentTime":"2026-06-15T18:53:17Z"}]
[02:54:17] [DEVICE] << CP-kk-01 [2,"a0677bc9-8810-4fa4-ba09-4558a9200e8b","Heartbeat",{}]
[02:54:17] [DEVICE] >> CP-kk-01 [3,"a0677bc9-8810-4fa4-ba09-4558a9200e8b",{"currentTime":"2026-06-15T18:54:17Z"}]
[02:55:17] [DEVICE] << CP-kk-01 [2,"39b1b16e-2a35-4869-8e2d-2f0b2151aefd","Heartbeat",{}]
[02:55:17] [DEVICE] >> CP-kk-01 [3,"39b1b16e-2a35-4869-8e2d-2f0b2151aefd",{"currentTime":"2026-06-15T18:55:17Z"}]
[02:56:17] [DEVICE] << CP-kk-01 [2,"fe8e413d-f195-4522-98f1-715bde35cf1e","Heartbeat",{}]
[02:56:17] [DEVICE] >> CP-kk-01 [3,"fe8e413d-f195-4522-98f1-715bde35cf1e",{"currentTime":"2026-06-15T18:56:17Z"}]
[02:57:17] [DEVICE] << CP-kk-01 [2,"39142277-2a3f-49e7-8145-7edaaaa3d6b3","Heartbeat",{}]
[02:57:17] [DEVICE] >> CP-kk-01 [3,"39142277-2a3f-49e7-8145-7edaaaa3d6b3",{"currentTime":"2026-06-15T18:57:17Z"}]
[02:58:17] [DEVICE] << CP-kk-01 [2,"ed72b66d-caac-4c0a-832e-405b71b7ece7","Heartbeat",{}]
[02:58:17] [DEVICE] >> CP-kk-01 [3,"ed72b66d-caac-4c0a-832e-405b71b7ece7",{"currentTime":"2026-06-15T18:58:17Z"}]
[02:59:17] [DEVICE] << CP-kk-01 [2,"9bd38fe0-b93e-4fc7-8036-2dc635272715","Heartbeat",{}]
[02:59:17] [DEVICE] >> CP-kk-01 [3,"9bd38fe0-b93e-4fc7-8036-2dc635272715",{"currentTime":"2026-06-15T18:59:17Z"}]
[03:00:17] [DEVICE] << CP-kk-01 [2,"4055d26a-736d-40a5-b3a1-3253c153f3ed","Heartbeat",{}]
[03:00:17] [DEVICE] >> CP-kk-01 [3,"4055d26a-736d-40a5-b3a1-3253c153f3ed",{"currentTime":"2026-06-15T19:00:17Z"}]
[03:01:17] [DEVICE] << CP-kk-01 [2,"0bff7412-68ea-495e-8f6a-4f1650df772a","Heartbeat",{}]
[03:01:17] [DEVICE] >> CP-kk-01 [3,"0bff7412-68ea-495e-8f6a-4f1650df772a",{"currentTime":"2026-06-15T19:01:17Z"}]
[03:02:17] [DEVICE] << CP-kk-01 [2,"95e80a2d-a5ae-4bb4-9583-a0bb29e5d9ab","Heartbeat",{}]
[03:02:17] [DEVICE] >> CP-kk-01 [3,"95e80a2d-a5ae-4bb4-9583-a0bb29e5d9ab",{"currentTime":"2026-06-15T19:02:17Z"}]
[03:03:17] [DEVICE] << CP-kk-01 [2,"7ba23396-cdfd-4c05-b594-3fab4b907c26","Heartbeat",{}]
[03:03:17] [DEVICE] >> CP-kk-01 [3,"7ba23396-cdfd-4c05-b594-3fab4b907c26",{"currentTime":"2026-06-15T19:03:17Z"}]
[03:04:17] [DEVICE] << CP-kk-01 [2,"d586a655-c8c9-4ad5-9b44-b8d43d2dc1c8","Heartbeat",{}]
[03:04:17] [DEVICE] >> CP-kk-01 [3,"d586a655-c8c9-4ad5-9b44-b8d43d2dc1c8",{"currentTime":"2026-06-15T19:04:17Z"}]
[03:05:18] [DEVICE] << CP-kk-01 [2,"712389a0-d3f3-4716-b8c0-70057a4d5601","Heartbeat",{}]
[03:05:18] [DEVICE] >> CP-kk-01 [3,"712389a0-d3f3-4716-b8c0-70057a4d5601",{"currentTime":"2026-06-15T19:05:18Z"}]
[03:06:18] [DEVICE] << CP-kk-01 [2,"694b39e3-e091-4648-9750-1c35b2576a23","Heartbeat",{}]
[03:06:18] [DEVICE] >> CP-kk-01 [3,"694b39e3-e091-4648-9750-1c35b2576a23",{"currentTime":"2026-06-15T19:06:18Z"}]
[03:07:18] [DEVICE] << CP-kk-01 [2,"eab1fae9-8959-4db2-b57d-9ce3cc4a6c44","Heartbeat",{}]
[03:07:18] [DEVICE] >> CP-kk-01 [3,"eab1fae9-8959-4db2-b57d-9ce3cc4a6c44",{"currentTime":"2026-06-15T19:07:18Z"}]
[03:08:18] [DEVICE] << CP-kk-01 [2,"0919fd6b-9191-4833-9e1a-07de1e73796a","Heartbeat",{}]
[03:08:18] [DEVICE] >> CP-kk-01 [3,"0919fd6b-9191-4833-9e1a-07de1e73796a",{"currentTime":"2026-06-15T19:08:18Z"}]
[03:09:18] [DEVICE] << CP-kk-01 [2,"631238d8-ebc4-47e2-97c6-98aa1ad39baf","Heartbeat",{}]
[03:09:18] [DEVICE] >> CP-kk-01 [3,"631238d8-ebc4-47e2-97c6-98aa1ad39baf",{"currentTime":"2026-06-15T19:09:18Z"}]
[03:10:18] [DEVICE] << CP-kk-01 [2,"ec9fdc3c-d036-4526-91ae-46dfe5a45adb","Heartbeat",{}]
[03:10:18] [DEVICE] >> CP-kk-01 [3,"ec9fdc3c-d036-4526-91ae-46dfe5a45adb",{"currentTime":"2026-06-15T19:10:18Z"}]
[03:11:18] [DEVICE] << CP-kk-01 [2,"a3fd62ad-bf02-4e67-af2f-bf4c2c22f891","Heartbeat",{}]
[03:11:18] [DEVICE] >> CP-kk-01 [3,"a3fd62ad-bf02-4e67-af2f-bf4c2c22f891",{"currentTime":"2026-06-15T19:11:18Z"}]
[03:12:18] [DEVICE] << CP-kk-01 [2,"97c27a9e-f322-498b-b9ff-b62615883894","Heartbeat",{}]
[03:12:18] [DEVICE] >> CP-kk-01 [3,"97c27a9e-f322-498b-b9ff-b62615883894",{"currentTime":"2026-06-15T19:12:18Z"}]
[03:13:18] [DEVICE] << CP-kk-01 [2,"44f4e04a-a2cd-432c-9a88-fe162d5c6b6a","Heartbeat",{}]
[03:13:18] [DEVICE] >> CP-kk-01 [3,"44f4e04a-a2cd-432c-9a88-fe162d5c6b6a",{"currentTime":"2026-06-15T19:13:18Z"}]
[03:14:18] [DEVICE] << CP-kk-01 [2,"c0823d8a-e3e5-4646-99b9-eaf9ce3f4cfb","Heartbeat",{}]
[03:14:18] [DEVICE] >> CP-kk-01 [3,"c0823d8a-e3e5-4646-99b9-eaf9ce3f4cfb",{"currentTime":"2026-06-15T19:14:18Z"}]
[03:15:18] [DEVICE] << CP-kk-01 [2,"ddeaa786-6a2a-42a6-932e-587df1916d30","Heartbeat",{}]
[03:15:18] [DEVICE] >> CP-kk-01 [3,"ddeaa786-6a2a-42a6-932e-587df1916d30",{"currentTime":"2026-06-15T19:15:18Z"}]
[03:16:18] [DEVICE] << CP-kk-01 [2,"fcb923ac-82d3-4322-9812-88c3b03a2118","Heartbeat",{}]
[03:16:18] [DEVICE] >> CP-kk-01 [3,"fcb923ac-82d3-4322-9812-88c3b03a2118",{"currentTime":"2026-06-15T19:16:18Z"}]
[03:17:18] [DEVICE] << CP-kk-01 [2,"598f898f-224f-4534-b733-8ef55c3099fe","Heartbeat",{}]
[03:17:18] [DEVICE] >> CP-kk-01 [3,"598f898f-224f-4534-b733-8ef55c3099fe",{"currentTime":"2026-06-15T19:17:18Z"}]
[03:18:18] [DEVICE] << CP-kk-01 [2,"ee5e6843-91b6-4d63-af18-450c602a85c1","Heartbeat",{}]
[03:18:18] [DEVICE] >> CP-kk-01 [3,"ee5e6843-91b6-4d63-af18-450c602a85c1",{"currentTime":"2026-06-15T19:18:18Z"}]
[03:19:18] [DEVICE] << CP-kk-01 [2,"b3a0155c-c6a4-4052-a583-c3561e0707c4","Heartbeat",{}]
[03:19:18] [DEVICE] >> CP-kk-01 [3,"b3a0155c-c6a4-4052-a583-c3561e0707c4",{"currentTime":"2026-06-15T19:19:18Z"}]
[03:20:18] [DEVICE] << CP-kk-01 [2,"9a017226-bf1d-4a6f-8e99-d4138fb03679","Heartbeat",{}]
[03:20:18] [DEVICE] >> CP-kk-01 [3,"9a017226-bf1d-4a6f-8e99-d4138fb03679",{"currentTime":"2026-06-15T19:20:18Z"}]
[03:21:18] [DEVICE] << CP-kk-01 [2,"d6581689-1cc8-4571-aa70-05cdc04ab7aa","Heartbeat",{}]
[03:21:18] [DEVICE] >> CP-kk-01 [3,"d6581689-1cc8-4571-aa70-05cdc04ab7aa",{"currentTime":"2026-06-15T19:21:18Z"}]
[03:22:18] [DEVICE] << CP-kk-01 [2,"f0569919-009d-480a-814d-10e81a07a434","Heartbeat",{}]
[03:22:18] [DEVICE] >> CP-kk-01 [3,"f0569919-009d-480a-814d-10e81a07a434",{"currentTime":"2026-06-15T19:22:18Z"}]
[03:23:18] [DEVICE] << CP-kk-01 [2,"dadb3a80-b039-411c-a526-3fffc1330f0c","Heartbeat",{}]
[03:23:18] [DEVICE] >> CP-kk-01 [3,"dadb3a80-b039-411c-a526-3fffc1330f0c",{"currentTime":"2026-06-15T19:23:18Z"}]
[03:24:18] [DEVICE] << CP-kk-01 [2,"00d16f84-f796-4f6b-8b95-9fd7e119ed0c","Heartbeat",{}]
[03:24:18] [DEVICE] >> CP-kk-01 [3,"00d16f84-f796-4f6b-8b95-9fd7e119ed0c",{"currentTime":"2026-06-15T19:24:18Z"}]
[03:25:18] [DEVICE] << CP-kk-01 [2,"11b18639-d175-48fb-a114-9a0069a3bcd5","Heartbeat",{}]
[03:25:18] [DEVICE] >> CP-kk-01 [3,"11b18639-d175-48fb-a114-9a0069a3bcd5",{"currentTime":"2026-06-15T19:25:18Z"}]
[03:26:18] [DEVICE] << CP-kk-01 [2,"7d83d2e6-6ad0-4fe7-89ad-114b2710e1a2","Heartbeat",{}]
[03:26:18] [DEVICE] >> CP-kk-01 [3,"7d83d2e6-6ad0-4fe7-89ad-114b2710e1a2",{"currentTime":"2026-06-15T19:26:18Z"}]
[03:27:18] [DEVICE] << CP-kk-01 [2,"9088b8c5-ad90-4a77-9f97-59960cfbf8fc","Heartbeat",{}]
[03:27:18] [DEVICE] >> CP-kk-01 [3,"9088b8c5-ad90-4a77-9f97-59960cfbf8fc",{"currentTime":"2026-06-15T19:27:18Z"}]
[03:28:18] [DEVICE] << CP-kk-01 [2,"e71ff804-cacb-4f63-b16c-433e15d83a11","Heartbeat",{}]
[03:28:18] [DEVICE] >> CP-kk-01 [3,"e71ff804-cacb-4f63-b16c-433e15d83a11",{"currentTime":"2026-06-15T19:28:18Z"}]
[03:29:18] [DEVICE] << CP-kk-01 [2,"3ebc72a6-a7d8-4fbe-a790-f0ae628078c3","Heartbeat",{}]
[03:29:18] [DEVICE] >> CP-kk-01 [3,"3ebc72a6-a7d8-4fbe-a790-f0ae628078c3",{"currentTime":"2026-06-15T19:29:18Z"}]
[03:30:18] [DEVICE] << CP-kk-01 [2,"4a559d65-45ba-43da-970d-2af2de4105eb","Heartbeat",{}]
[03:30:18] [DEVICE] >> CP-kk-01 [3,"4a559d65-45ba-43da-970d-2af2de4105eb",{"currentTime":"2026-06-15T19:30:18Z"}]
[03:31:18] [DEVICE] << CP-kk-01 [2,"736a480c-92f1-4797-a81f-61225653f711","Heartbeat",{}]
[03:31:18] [DEVICE] >> CP-kk-01 [3,"736a480c-92f1-4797-a81f-61225653f711",{"currentTime":"2026-06-15T19:31:18Z"}]
[03:32:18] [DEVICE] << CP-kk-01 [2,"836fe001-ea48-4c84-b951-5c45e65c9e41","Heartbeat",{}]
[03:32:18] [DEVICE] >> CP-kk-01 [3,"836fe001-ea48-4c84-b951-5c45e65c9e41",{"currentTime":"2026-06-15T19:32:18Z"}]
[03:33:18] [DEVICE] << CP-kk-01 [2,"98dd5bac-0339-4470-a7b0-5075f001393f","Heartbeat",{}]
[03:33:18] [DEVICE] >> CP-kk-01 [3,"98dd5bac-0339-4470-a7b0-5075f001393f",{"currentTime":"2026-06-15T19:33:18Z"}]
[03:34:18] [DEVICE] << CP-kk-01 [2,"ec830e3d-ddb9-4b86-953c-b017757ce87f","Heartbeat",{}]
[03:34:18] [DEVICE] >> CP-kk-01 [3,"ec830e3d-ddb9-4b86-953c-b017757ce87f",{"currentTime":"2026-06-15T19:34:18Z"}]
[03:35:18] [DEVICE] << CP-kk-01 [2,"0256fff7-6c3f-4e02-a2ec-877585bfa323","Heartbeat",{}]
[03:35:18] [DEVICE] >> CP-kk-01 [3,"0256fff7-6c3f-4e02-a2ec-877585bfa323",{"currentTime":"2026-06-15T19:35:18Z"}]
[03:36:18] [DEVICE] << CP-kk-01 [2,"8248434c-e2be-4f13-8a23-984261404285","Heartbeat",{}]
[03:36:18] [DEVICE] >> CP-kk-01 [3,"8248434c-e2be-4f13-8a23-984261404285",{"currentTime":"2026-06-15T19:36:18Z"}]
[03:37:18] [DEVICE] << CP-kk-01 [2,"4e2de719-6640-4824-b5da-926abe926075","Heartbeat",{}]
[03:37:18] [DEVICE] >> CP-kk-01 [3,"4e2de719-6640-4824-b5da-926abe926075",{"currentTime":"2026-06-15T19:37:18Z"}]
[03:38:18] [DEVICE] << CP-kk-01 [2,"4c5f3492-7ca3-437b-a8e0-97a5886fc2f4","Heartbeat",{}]
[03:38:18] [DEVICE] >> CP-kk-01 [3,"4c5f3492-7ca3-437b-a8e0-97a5886fc2f4",{"currentTime":"2026-06-15T19:38:18Z"}]
[03:39:18] [DEVICE] << CP-kk-01 [2,"f60b6481-bb4b-4bb9-826f-3272e3df5cf5","Heartbeat",{}]
[03:39:18] [DEVICE] >> CP-kk-01 [3,"f60b6481-bb4b-4bb9-826f-3272e3df5cf5",{"currentTime":"2026-06-15T19:39:18Z"}]
[03:40:18] [DEVICE] << CP-kk-01 [2,"da0d92f5-82e9-4d24-af8d-57f8339a258e","Heartbeat",{}]
[03:40:18] [DEVICE] >> CP-kk-01 [3,"da0d92f5-82e9-4d24-af8d-57f8339a258e",{"currentTime":"2026-06-15T19:40:18Z"}]
[03:41:18] [DEVICE] << CP-kk-01 [2,"d7a904e8-fa62-4c08-b9f7-15b388a1a763","Heartbeat",{}]
[03:41:18] [DEVICE] >> CP-kk-01 [3,"d7a904e8-fa62-4c08-b9f7-15b388a1a763",{"currentTime":"2026-06-15T19:41:18Z"}]
[03:42:18] [DEVICE] << CP-kk-01 [2,"0d44ca2b-9587-429f-a122-548d76b064e1","Heartbeat",{}]
[03:42:18] [DEVICE] >> CP-kk-01 [3,"0d44ca2b-9587-429f-a122-548d76b064e1",{"currentTime":"2026-06-15T19:42:18Z"}]
[03:43:18] [DEVICE] << CP-kk-01 [2,"cf06c1ce-f7f8-4333-b4a8-d69952606af4","Heartbeat",{}]
[03:43:18] [DEVICE] >> CP-kk-01 [3,"cf06c1ce-f7f8-4333-b4a8-d69952606af4",{"currentTime":"2026-06-15T19:43:18Z"}]
[03:44:18] [DEVICE] << CP-kk-01 [2,"a59efd9e-2e8f-44a0-8b6e-b266ff7cf919","Heartbeat",{}]
[03:44:18] [DEVICE] >> CP-kk-01 [3,"a59efd9e-2e8f-44a0-8b6e-b266ff7cf919",{"currentTime":"2026-06-15T19:44:18Z"}]
[03:45:18] [DEVICE] << CP-kk-01 [2,"f47aaf74-e786-4c7b-b08f-7735e8229b19","Heartbeat",{}]
[03:45:18] [DEVICE] >> CP-kk-01 [3,"f47aaf74-e786-4c7b-b08f-7735e8229b19",{"currentTime":"2026-06-15T19:45:18Z"}]
[03:46:18] [DEVICE] << CP-kk-01 [2,"ffc76e65-cb88-4abc-9ece-1d38ed753a92","Heartbeat",{}]
[03:46:18] [DEVICE] >> CP-kk-01 [3,"ffc76e65-cb88-4abc-9ece-1d38ed753a92",{"currentTime":"2026-06-15T19:46:18Z"}]
[03:47:18] [DEVICE] << CP-kk-01 [2,"c2a07003-0ade-47a0-9b8d-1d025173f539","Heartbeat",{}]
[03:47:18] [DEVICE] >> CP-kk-01 [3,"c2a07003-0ade-47a0-9b8d-1d025173f539",{"currentTime":"2026-06-15T19:47:18Z"}]
[03:48:18] [DEVICE] << CP-kk-01 [2,"c43fa415-f78d-433d-b331-6c8a5e56ef5f","Heartbeat",{}]
[03:48:18] [DEVICE] >> CP-kk-01 [3,"c43fa415-f78d-433d-b331-6c8a5e56ef5f",{"currentTime":"2026-06-15T19:48:18Z"}]
[03:49:18] [DEVICE] << CP-kk-01 [2,"715af217-3b50-4101-8928-ff91428b2b37","Heartbeat",{}]
[03:49:18] [DEVICE] >> CP-kk-01 [3,"715af217-3b50-4101-8928-ff91428b2b37",{"currentTime":"2026-06-15T19:49:18Z"}]
[03:50:19] [DEVICE] << CP-kk-01 [2,"5141eab6-f5f7-43db-bead-f6505530f765","Heartbeat",{}]
[03:50:19] [DEVICE] >> CP-kk-01 [3,"5141eab6-f5f7-43db-bead-f6505530f765",{"currentTime":"2026-06-15T19:50:19Z"}]
[03:51:19] [DEVICE] << CP-kk-01 [2,"b0f72ac5-45d2-435e-a61a-3c383b033807","Heartbeat",{}]
[03:51:19] [DEVICE] >> CP-kk-01 [3,"b0f72ac5-45d2-435e-a61a-3c383b033807",{"currentTime":"2026-06-15T19:51:19Z"}]
[03:52:19] [DEVICE] << CP-kk-01 [2,"1af12f1c-87c2-4b85-bbd3-b1ad9c348b34","Heartbeat",{}]
[03:52:19] [DEVICE] >> CP-kk-01 [3,"1af12f1c-87c2-4b85-bbd3-b1ad9c348b34",{"currentTime":"2026-06-15T19:52:19Z"}]
[03:53:19] [DEVICE] << CP-kk-01 [2,"c0158f8d-9028-405b-ab74-f8c6693e694d","Heartbeat",{}]
[03:53:19] [DEVICE] >> CP-kk-01 [3,"c0158f8d-9028-405b-ab74-f8c6693e694d",{"currentTime":"2026-06-15T19:53:19Z"}]
[03:54:19] [DEVICE] << CP-kk-01 [2,"07c28625-521c-4356-9fe9-6a4866c6142c","Heartbeat",{}]
[03:54:19] [DEVICE] >> CP-kk-01 [3,"07c28625-521c-4356-9fe9-6a4866c6142c",{"currentTime":"2026-06-15T19:54:19Z"}]
[03:55:19] [DEVICE] << CP-kk-01 [2,"7cb3d4c7-f3e0-439b-97fd-b842dd4de67c","Heartbeat",{}]
[03:55:19] [DEVICE] >> CP-kk-01 [3,"7cb3d4c7-f3e0-439b-97fd-b842dd4de67c",{"currentTime":"2026-06-15T19:55:19Z"}]
[03:56:19] [DEVICE] << CP-kk-01 [2,"827dc02b-b7d3-4b22-98a3-5ef7caa8a523","Heartbeat",{}]
[03:56:19] [DEVICE] >> CP-kk-01 [3,"827dc02b-b7d3-4b22-98a3-5ef7caa8a523",{"currentTime":"2026-06-15T19:56:19Z"}]
[03:57:19] [DEVICE] << CP-kk-01 [2,"0b919eee-a9b6-43af-ac8f-4b0e75283477","Heartbeat",{}]
[03:57:19] [DEVICE] >> CP-kk-01 [3,"0b919eee-a9b6-43af-ac8f-4b0e75283477",{"currentTime":"2026-06-15T19:57:19Z"}]
[03:58:19] [DEVICE] << CP-kk-01 [2,"6a110219-f7d9-4e06-a2fc-a3184f709c7d","Heartbeat",{}]
[03:58:19] [DEVICE] >> CP-kk-01 [3,"6a110219-f7d9-4e06-a2fc-a3184f709c7d",{"currentTime":"2026-06-15T19:58:19Z"}]
[03:59:19] [DEVICE] << CP-kk-01 [2,"4472a0fb-3c2b-443e-a3b8-673786a44862","Heartbeat",{}]
[03:59:19] [DEVICE] >> CP-kk-01 [3,"4472a0fb-3c2b-443e-a3b8-673786a44862",{"currentTime":"2026-06-15T19:59:19Z"}]
[04:00:19] [DEVICE] << CP-kk-01 [2,"ff8c7f07-c303-4874-8d93-44f3d8a61483","Heartbeat",{}]
[04:00:19] [DEVICE] >> CP-kk-01 [3,"ff8c7f07-c303-4874-8d93-44f3d8a61483",{"currentTime":"2026-06-15T20:00:19Z"}]
[04:01:19] [DEVICE] << CP-kk-01 [2,"76541bce-d421-4552-9da1-bab10bb2bb94","Heartbeat",{}]
[04:01:19] [DEVICE] >> CP-kk-01 [3,"76541bce-d421-4552-9da1-bab10bb2bb94",{"currentTime":"2026-06-15T20:01:19Z"}]
[04:02:19] [DEVICE] << CP-kk-01 [2,"cbf92201-c0ae-4130-a2fa-ade7d3a359d8","Heartbeat",{}]
[04:02:19] [DEVICE] >> CP-kk-01 [3,"cbf92201-c0ae-4130-a2fa-ade7d3a359d8",{"currentTime":"2026-06-15T20:02:19Z"}]
[04:03:19] [DEVICE] << CP-kk-01 [2,"9799e1d2-9930-40df-90cd-fd12d7c283da","Heartbeat",{}]
[04:03:19] [DEVICE] >> CP-kk-01 [3,"9799e1d2-9930-40df-90cd-fd12d7c283da",{"currentTime":"2026-06-15T20:03:19Z"}]
[04:04:19] [DEVICE] << CP-kk-01 [2,"cb75fec4-d962-4047-8ffe-ea6556bc3fe1","Heartbeat",{}]
[04:04:19] [DEVICE] >> CP-kk-01 [3,"cb75fec4-d962-4047-8ffe-ea6556bc3fe1",{"currentTime":"2026-06-15T20:04:19Z"}]
[04:05:19] [DEVICE] << CP-kk-01 [2,"5242bd64-4e99-44c6-8c6f-88dd7c1615cc","Heartbeat",{}]
[04:05:19] [DEVICE] >> CP-kk-01 [3,"5242bd64-4e99-44c6-8c6f-88dd7c1615cc",{"currentTime":"2026-06-15T20:05:19Z"}]
[04:06:19] [DEVICE] << CP-kk-01 [2,"530e14ab-d082-4a0e-8188-e531b31068be","Heartbeat",{}]
[04:06:19] [DEVICE] >> CP-kk-01 [3,"530e14ab-d082-4a0e-8188-e531b31068be",{"currentTime":"2026-06-15T20:06:19Z"}]
[04:07:19] [DEVICE] << CP-kk-01 [2,"766a5d35-a3aa-4449-8161-a6237e90014d","Heartbeat",{}]
[04:07:19] [DEVICE] >> CP-kk-01 [3,"766a5d35-a3aa-4449-8161-a6237e90014d",{"currentTime":"2026-06-15T20:07:19Z"}]
[04:08:19] [DEVICE] << CP-kk-01 [2,"7fee9c57-055f-48a4-8e5c-29e8d7bd36da","Heartbeat",{}]
[04:08:19] [DEVICE] >> CP-kk-01 [3,"7fee9c57-055f-48a4-8e5c-29e8d7bd36da",{"currentTime":"2026-06-15T20:08:19Z"}]
[04:09:19] [DEVICE] << CP-kk-01 [2,"d565533e-79ac-4478-9220-bbeea675ac90","Heartbeat",{}]
[04:09:19] [DEVICE] >> CP-kk-01 [3,"d565533e-79ac-4478-9220-bbeea675ac90",{"currentTime":"2026-06-15T20:09:19Z"}]
[04:10:19] [DEVICE] << CP-kk-01 [2,"0b42eea0-0e14-4a62-b7a3-41adedf635fe","Heartbeat",{}]
[04:10:19] [DEVICE] >> CP-kk-01 [3,"0b42eea0-0e14-4a62-b7a3-41adedf635fe",{"currentTime":"2026-06-15T20:10:19Z"}]
[04:11:19] [DEVICE] << CP-kk-01 [2,"272d82c6-0d9f-467e-877d-cecb3b9e5bf7","Heartbeat",{}]
[04:11:19] [DEVICE] >> CP-kk-01 [3,"272d82c6-0d9f-467e-877d-cecb3b9e5bf7",{"currentTime":"2026-06-15T20:11:19Z"}]
[04:12:19] [DEVICE] << CP-kk-01 [2,"3b4bd858-f7a4-4861-af80-b69fdd5eacc2","Heartbeat",{}]
[04:12:19] [DEVICE] >> CP-kk-01 [3,"3b4bd858-f7a4-4861-af80-b69fdd5eacc2",{"currentTime":"2026-06-15T20:12:19Z"}]
[04:13:19] [DEVICE] << CP-kk-01 [2,"cf055cb2-a373-474a-8118-cb905754564c","Heartbeat",{}]
[04:13:19] [DEVICE] >> CP-kk-01 [3,"cf055cb2-a373-474a-8118-cb905754564c",{"currentTime":"2026-06-15T20:13:19Z"}]
[04:14:19] [DEVICE] << CP-kk-01 [2,"078b0782-023f-43ff-9438-6bccec600c3b","Heartbeat",{}]
[04:14:19] [DEVICE] >> CP-kk-01 [3,"078b0782-023f-43ff-9438-6bccec600c3b",{"currentTime":"2026-06-15T20:14:19Z"}]
[04:15:19] [DEVICE] << CP-kk-01 [2,"eb951567-69cb-4a93-b74b-c30d477e8850","Heartbeat",{}]
[04:15:19] [DEVICE] >> CP-kk-01 [3,"eb951567-69cb-4a93-b74b-c30d477e8850",{"currentTime":"2026-06-15T20:15:19Z"}]
[04:16:19] [DEVICE] << CP-kk-01 [2,"4843ed89-91f2-40d2-bfe9-5f65d82d5153","Heartbeat",{}]
[04:16:19] [DEVICE] >> CP-kk-01 [3,"4843ed89-91f2-40d2-bfe9-5f65d82d5153",{"currentTime":"2026-06-15T20:16:19Z"}]
[04:17:19] [DEVICE] << CP-kk-01 [2,"f047affa-7bd6-42ae-b4bb-5ae545d597e7","Heartbeat",{}]
[04:17:19] [DEVICE] >> CP-kk-01 [3,"f047affa-7bd6-42ae-b4bb-5ae545d597e7",{"currentTime":"2026-06-15T20:17:19Z"}]
[04:18:19] [DEVICE] << CP-kk-01 [2,"adc78a97-942b-4d88-935b-b67ff2f293f7","Heartbeat",{}]
[04:18:19] [DEVICE] >> CP-kk-01 [3,"adc78a97-942b-4d88-935b-b67ff2f293f7",{"currentTime":"2026-06-15T20:18:19Z"}]
[04:19:19] [DEVICE] << CP-kk-01 [2,"47068b78-80b8-4a15-97df-f0d4b976caea","Heartbeat",{}]
[04:19:19] [DEVICE] >> CP-kk-01 [3,"47068b78-80b8-4a15-97df-f0d4b976caea",{"currentTime":"2026-06-15T20:19:19Z"}]
[04:20:19] [DEVICE] << CP-kk-01 [2,"33786052-54ee-4acc-99f5-41927419b362","Heartbeat",{}]
[04:20:19] [DEVICE] >> CP-kk-01 [3,"33786052-54ee-4acc-99f5-41927419b362",{"currentTime":"2026-06-15T20:20:19Z"}]
[04:21:19] [DEVICE] << CP-kk-01 [2,"acdfd7c1-2afa-41b3-b36c-4a28d964ebb9","Heartbeat",{}]
[04:21:19] [DEVICE] >> CP-kk-01 [3,"acdfd7c1-2afa-41b3-b36c-4a28d964ebb9",{"currentTime":"2026-06-15T20:21:19Z"}]
[04:22:19] [DEVICE] << CP-kk-01 [2,"9366273e-32dc-46a0-aa26-a12fc7f46052","Heartbeat",{}]
[04:22:19] [DEVICE] >> CP-kk-01 [3,"9366273e-32dc-46a0-aa26-a12fc7f46052",{"currentTime":"2026-06-15T20:22:19Z"}]
[04:23:19] [DEVICE] << CP-kk-01 [2,"2a70f49e-58e6-4d3f-a2d6-db6d0256e84d","Heartbeat",{}]
[04:23:19] [DEVICE] >> CP-kk-01 [3,"2a70f49e-58e6-4d3f-a2d6-db6d0256e84d",{"currentTime":"2026-06-15T20:23:19Z"}]
[04:24:19] [DEVICE] << CP-kk-01 [2,"1ca5bb46-a84b-48c3-859a-2b413ee68fe5","Heartbeat",{}]
[04:24:19] [DEVICE] >> CP-kk-01 [3,"1ca5bb46-a84b-48c3-859a-2b413ee68fe5",{"currentTime":"2026-06-15T20:24:19Z"}]
[04:25:19] [DEVICE] << CP-kk-01 [2,"3ff48893-016d-484b-93d5-4204fd1416e1","Heartbeat",{}]
[04:25:19] [DEVICE] >> CP-kk-01 [3,"3ff48893-016d-484b-93d5-4204fd1416e1",{"currentTime":"2026-06-15T20:25:19Z"}]
[04:26:19] [DEVICE] << CP-kk-01 [2,"47e75638-ebb5-4d84-b480-814c9908275f","Heartbeat",{}]
[04:26:19] [DEVICE] >> CP-kk-01 [3,"47e75638-ebb5-4d84-b480-814c9908275f",{"currentTime":"2026-06-15T20:26:19Z"}]
[04:27:19] [DEVICE] << CP-kk-01 [2,"59802d19-07ec-4830-b6a9-f874fdd7870a","Heartbeat",{}]
[04:27:19] [DEVICE] >> CP-kk-01 [3,"59802d19-07ec-4830-b6a9-f874fdd7870a",{"currentTime":"2026-06-15T20:27:19Z"}]
[04:28:19] [DEVICE] << CP-kk-01 [2,"773e1aa0-0e6f-4eae-aaa9-434ded1afe07","Heartbeat",{}]
[04:28:19] [DEVICE] >> CP-kk-01 [3,"773e1aa0-0e6f-4eae-aaa9-434ded1afe07",{"currentTime":"2026-06-15T20:28:19Z"}]
[04:29:19] [DEVICE] << CP-kk-01 [2,"d708a3a2-5acf-4d22-b212-a034ca85f6d7","Heartbeat",{}]
[04:29:19] [DEVICE] >> CP-kk-01 [3,"d708a3a2-5acf-4d22-b212-a034ca85f6d7",{"currentTime":"2026-06-15T20:29:19Z"}]
[04:30:19] [DEVICE] << CP-kk-01 [2,"8c1e63ca-de87-47d1-b1ca-593ab149e746","Heartbeat",{}]
[04:30:19] [DEVICE] >> CP-kk-01 [3,"8c1e63ca-de87-47d1-b1ca-593ab149e746",{"currentTime":"2026-06-15T20:30:19Z"}]
[04:31:19] [DEVICE] << CP-kk-01 [2,"c075ce88-7519-4834-82f8-6c926575e2aa","Heartbeat",{}]
[04:31:19] [DEVICE] >> CP-kk-01 [3,"c075ce88-7519-4834-82f8-6c926575e2aa",{"currentTime":"2026-06-15T20:31:19Z"}]
[04:32:19] [DEVICE] << CP-kk-01 [2,"a6fe0f13-3b95-4eee-954a-f8bed5a76884","Heartbeat",{}]
[04:32:19] [DEVICE] >> CP-kk-01 [3,"a6fe0f13-3b95-4eee-954a-f8bed5a76884",{"currentTime":"2026-06-15T20:32:19Z"}]
[04:33:20] [DEVICE] << CP-kk-01 [2,"f38a51e2-31f3-4291-b48e-f37c2ba478ca","Heartbeat",{}]
[04:33:20] [DEVICE] >> CP-kk-01 [3,"f38a51e2-31f3-4291-b48e-f37c2ba478ca",{"currentTime":"2026-06-15T20:33:20Z"}]
[04:34:20] [DEVICE] << CP-kk-01 [2,"d726bcd1-1f46-400e-be31-1fb5f4cf2ffa","Heartbeat",{}]
[04:34:20] [DEVICE] >> CP-kk-01 [3,"d726bcd1-1f46-400e-be31-1fb5f4cf2ffa",{"currentTime":"2026-06-15T20:34:20Z"}]
[04:35:19] [DEVICE] << CP-kk-01 [2,"88f27420-36fc-446a-99d8-617ab142b2c6","Heartbeat",{}]
[04:35:19] [DEVICE] >> CP-kk-01 [3,"88f27420-36fc-446a-99d8-617ab142b2c6",{"currentTime":"2026-06-15T20:35:19Z"}]
[04:36:19] [DEVICE] << CP-kk-01 [2,"5931d989-016a-4b3e-b07f-2ac6c033f864","Heartbeat",{}]
[04:36:19] [DEVICE] >> CP-kk-01 [3,"5931d989-016a-4b3e-b07f-2ac6c033f864",{"currentTime":"2026-06-15T20:36:19Z"}]
[04:37:20] [DEVICE] << CP-kk-01 [2,"b7f3bf0d-d676-4b82-8e19-0f065fe64d9e","Heartbeat",{}]
[04:37:20] [DEVICE] >> CP-kk-01 [3,"b7f3bf0d-d676-4b82-8e19-0f065fe64d9e",{"currentTime":"2026-06-15T20:37:20Z"}]
[04:38:20] [DEVICE] << CP-kk-01 [2,"e906d78c-f290-4cad-9479-6dbe8e61e3f6","Heartbeat",{}]
[04:38:20] [DEVICE] >> CP-kk-01 [3,"e906d78c-f290-4cad-9479-6dbe8e61e3f6",{"currentTime":"2026-06-15T20:38:20Z"}]
[04:39:20] [DEVICE] << CP-kk-01 [2,"1b1a8034-ee69-4c9c-9eb9-0aa133b00f65","Heartbeat",{}]
[04:39:20] [DEVICE] >> CP-kk-01 [3,"1b1a8034-ee69-4c9c-9eb9-0aa133b00f65",{"currentTime":"2026-06-15T20:39:20Z"}]
[04:40:20] [DEVICE] << CP-kk-01 [2,"90479948-d426-47c1-9893-28e74e0fdb69","Heartbeat",{}]
[04:40:20] [DEVICE] >> CP-kk-01 [3,"90479948-d426-47c1-9893-28e74e0fdb69",{"currentTime":"2026-06-15T20:40:20Z"}]
[04:41:20] [DEVICE] << CP-kk-01 [2,"caf91a2a-1fb4-4223-8e67-4cf54f981a2f","Heartbeat",{}]
[04:41:20] [DEVICE] >> CP-kk-01 [3,"caf91a2a-1fb4-4223-8e67-4cf54f981a2f",{"currentTime":"2026-06-15T20:41:20Z"}]
[04:42:20] [DEVICE] << CP-kk-01 [2,"e78db78c-25e4-424a-af3f-272b657e4eaa","Heartbeat",{}]
[04:42:20] [DEVICE] >> CP-kk-01 [3,"e78db78c-25e4-424a-af3f-272b657e4eaa",{"currentTime":"2026-06-15T20:42:20Z"}]
[04:43:20] [DEVICE] << CP-kk-01 [2,"cf0a21cf-32b1-42ef-b2fa-4c37adeacd7b","Heartbeat",{}]
[04:43:20] [DEVICE] >> CP-kk-01 [3,"cf0a21cf-32b1-42ef-b2fa-4c37adeacd7b",{"currentTime":"2026-06-15T20:43:20Z"}]
[04:44:20] [DEVICE] << CP-kk-01 [2,"4eeb4491-7179-4e72-8921-1d7f87009d88","Heartbeat",{}]
[04:44:20] [DEVICE] >> CP-kk-01 [3,"4eeb4491-7179-4e72-8921-1d7f87009d88",{"currentTime":"2026-06-15T20:44:20Z"}]
[04:45:20] [DEVICE] << CP-kk-01 [2,"74938b33-43cc-48de-810d-db5b8410bcc5","Heartbeat",{}]
[04:45:20] [DEVICE] >> CP-kk-01 [3,"74938b33-43cc-48de-810d-db5b8410bcc5",{"currentTime":"2026-06-15T20:45:20Z"}]
[04:46:20] [DEVICE] << CP-kk-01 [2,"8dca6580-3b33-4062-99a3-f0fce05d7299","Heartbeat",{}]
[04:46:20] [DEVICE] >> CP-kk-01 [3,"8dca6580-3b33-4062-99a3-f0fce05d7299",{"currentTime":"2026-06-15T20:46:20Z"}]
[04:47:20] [DEVICE] << CP-kk-01 [2,"e99e897a-1609-43d2-b339-379953d669cb","Heartbeat",{}]
[04:47:20] [DEVICE] >> CP-kk-01 [3,"e99e897a-1609-43d2-b339-379953d669cb",{"currentTime":"2026-06-15T20:47:20Z"}]
[04:48:20] [DEVICE] << CP-kk-01 [2,"d8c08bfd-714a-491f-bdb9-387460d536f4","Heartbeat",{}]
[04:48:20] [DEVICE] >> CP-kk-01 [3,"d8c08bfd-714a-491f-bdb9-387460d536f4",{"currentTime":"2026-06-15T20:48:20Z"}]
[04:49:20] [DEVICE] << CP-kk-01 [2,"f803a382-d343-458e-87d9-103c0b6b7e55","Heartbeat",{}]
[04:49:20] [DEVICE] >> CP-kk-01 [3,"f803a382-d343-458e-87d9-103c0b6b7e55",{"currentTime":"2026-06-15T20:49:20Z"}]
[04:50:20] [DEVICE] << CP-kk-01 [2,"de627e43-670a-4e31-b26d-58ce200aeaa7","Heartbeat",{}]
[04:50:20] [DEVICE] >> CP-kk-01 [3,"de627e43-670a-4e31-b26d-58ce200aeaa7",{"currentTime":"2026-06-15T20:50:20Z"}]
[04:51:20] [DEVICE] << CP-kk-01 [2,"79c85d9c-cf59-451b-8ee7-e090a8984050","Heartbeat",{}]
[04:51:20] [DEVICE] >> CP-kk-01 [3,"79c85d9c-cf59-451b-8ee7-e090a8984050",{"currentTime":"2026-06-15T20:51:20Z"}]
[04:52:20] [DEVICE] << CP-kk-01 [2,"fa41b8fb-a9c5-4a9b-bedd-c8650f20e331","Heartbeat",{}]
[04:52:20] [DEVICE] >> CP-kk-01 [3,"fa41b8fb-a9c5-4a9b-bedd-c8650f20e331",{"currentTime":"2026-06-15T20:52:20Z"}]
[04:53:20] [DEVICE] << CP-kk-01 [2,"e912cae0-e665-4737-957e-b32c0461dcd7","Heartbeat",{}]
[04:53:20] [DEVICE] >> CP-kk-01 [3,"e912cae0-e665-4737-957e-b32c0461dcd7",{"currentTime":"2026-06-15T20:53:20Z"}]
[04:54:20] [DEVICE] << CP-kk-01 [2,"0e2a2b6e-0405-426f-9bae-9c870f80b76b","Heartbeat",{}]
[04:54:20] [DEVICE] >> CP-kk-01 [3,"0e2a2b6e-0405-426f-9bae-9c870f80b76b",{"currentTime":"2026-06-15T20:54:20Z"}]
[04:55:20] [DEVICE] << CP-kk-01 [2,"46668308-8b2c-400f-9745-a19f814ab3dc","Heartbeat",{}]
[04:55:20] [DEVICE] >> CP-kk-01 [3,"46668308-8b2c-400f-9745-a19f814ab3dc",{"currentTime":"2026-06-15T20:55:20Z"}]
[04:56:20] [DEVICE] << CP-kk-01 [2,"bdec4376-0b4d-45f0-8ed8-9c333dfd45e2","Heartbeat",{}]
[04:56:20] [DEVICE] >> CP-kk-01 [3,"bdec4376-0b4d-45f0-8ed8-9c333dfd45e2",{"currentTime":"2026-06-15T20:56:20Z"}]
[04:57:20] [DEVICE] << CP-kk-01 [2,"8621bae8-36c5-4446-9263-83fe9149da27","Heartbeat",{}]
[04:57:20] [DEVICE] >> CP-kk-01 [3,"8621bae8-36c5-4446-9263-83fe9149da27",{"currentTime":"2026-06-15T20:57:20Z"}]
[04:58:20] [DEVICE] << CP-kk-01 [2,"e6542b9d-4bf1-41bb-8842-d243f8a073e1","Heartbeat",{}]
[04:58:20] [DEVICE] >> CP-kk-01 [3,"e6542b9d-4bf1-41bb-8842-d243f8a073e1",{"currentTime":"2026-06-15T20:58:20Z"}]
[04:59:20] [DEVICE] << CP-kk-01 [2,"bbdf1f38-c536-48b6-92da-c5ea8fd9cc31","Heartbeat",{}]
[04:59:20] [DEVICE] >> CP-kk-01 [3,"bbdf1f38-c536-48b6-92da-c5ea8fd9cc31",{"currentTime":"2026-06-15T20:59:20Z"}]
[05:00:20] [DEVICE] << CP-kk-01 [2,"d4dda7d2-b4f8-4843-a4a6-3f453014d98d","Heartbeat",{}]
[05:00:20] [DEVICE] >> CP-kk-01 [3,"d4dda7d2-b4f8-4843-a4a6-3f453014d98d",{"currentTime":"2026-06-15T21:00:20Z"}]
[05:01:20] [DEVICE] << CP-kk-01 [2,"5df6be60-8d9e-40e4-abf9-d3315fe44525","Heartbeat",{}]
[05:01:20] [DEVICE] >> CP-kk-01 [3,"5df6be60-8d9e-40e4-abf9-d3315fe44525",{"currentTime":"2026-06-15T21:01:20Z"}]
[05:02:20] [DEVICE] << CP-kk-01 [2,"5085d669-e3c0-46d6-b1d2-1cd4ec087179","Heartbeat",{}]
[05:02:20] [DEVICE] >> CP-kk-01 [3,"5085d669-e3c0-46d6-b1d2-1cd4ec087179",{"currentTime":"2026-06-15T21:02:20Z"}]
[05:03:20] [DEVICE] << CP-kk-01 [2,"2251927b-3764-4c46-aa9a-d8659cd3c06f","Heartbeat",{}]
[05:03:20] [DEVICE] >> CP-kk-01 [3,"2251927b-3764-4c46-aa9a-d8659cd3c06f",{"currentTime":"2026-06-15T21:03:20Z"}]
[05:04:20] [DEVICE] << CP-kk-01 [2,"3c9fbca6-f32f-4d21-ae1c-1a2408581bf9","Heartbeat",{}]
[05:04:20] [DEVICE] >> CP-kk-01 [3,"3c9fbca6-f32f-4d21-ae1c-1a2408581bf9",{"currentTime":"2026-06-15T21:04:20Z"}]
[05:05:20] [DEVICE] << CP-kk-01 [2,"695f4728-d39c-413a-89cb-c2e8532c08e7","Heartbeat",{}]
[05:05:20] [DEVICE] >> CP-kk-01 [3,"695f4728-d39c-413a-89cb-c2e8532c08e7",{"currentTime":"2026-06-15T21:05:20Z"}]
[05:06:20] [DEVICE] << CP-kk-01 [2,"d3fd4d91-2cc1-4709-9579-9e648723bf00","Heartbeat",{}]
[05:06:20] [DEVICE] >> CP-kk-01 [3,"d3fd4d91-2cc1-4709-9579-9e648723bf00",{"currentTime":"2026-06-15T21:06:20Z"}]
[05:07:20] [DEVICE] << CP-kk-01 [2,"c2b78f0f-c709-47fa-809d-5cfb082685be","Heartbeat",{}]
[05:07:20] [DEVICE] >> CP-kk-01 [3,"c2b78f0f-c709-47fa-809d-5cfb082685be",{"currentTime":"2026-06-15T21:07:20Z"}]
[05:08:20] [DEVICE] << CP-kk-01 [2,"4e48d403-58b3-4f5e-8e6a-88156ee605f6","Heartbeat",{}]
[05:08:20] [DEVICE] >> CP-kk-01 [3,"4e48d403-58b3-4f5e-8e6a-88156ee605f6",{"currentTime":"2026-06-15T21:08:20Z"}]
[05:09:20] [DEVICE] << CP-kk-01 [2,"a05c6970-bb73-4036-a6af-ea7be458b732","Heartbeat",{}]
[05:09:20] [DEVICE] >> CP-kk-01 [3,"a05c6970-bb73-4036-a6af-ea7be458b732",{"currentTime":"2026-06-15T21:09:20Z"}]
[05:10:20] [DEVICE] << CP-kk-01 [2,"7f4a4d2c-5cfe-4c90-9d5f-5667de7e9018","Heartbeat",{}]
[05:10:20] [DEVICE] >> CP-kk-01 [3,"7f4a4d2c-5cfe-4c90-9d5f-5667de7e9018",{"currentTime":"2026-06-15T21:10:20Z"}]
[05:11:20] [DEVICE] << CP-kk-01 [2,"a4370f20-f105-475c-8c17-f0e61a20249d","Heartbeat",{}]
[05:11:20] [DEVICE] >> CP-kk-01 [3,"a4370f20-f105-475c-8c17-f0e61a20249d",{"currentTime":"2026-06-15T21:11:20Z"}]
[05:12:20] [DEVICE] << CP-kk-01 [2,"98f91927-fb59-4066-8aab-0c3cd2e006ac","Heartbeat",{}]
[05:12:20] [DEVICE] >> CP-kk-01 [3,"98f91927-fb59-4066-8aab-0c3cd2e006ac",{"currentTime":"2026-06-15T21:12:20Z"}]
[05:13:20] [DEVICE] << CP-kk-01 [2,"3ab541f8-ea35-400e-b651-3afb9c33a2e7","Heartbeat",{}]
[05:13:20] [DEVICE] >> CP-kk-01 [3,"3ab541f8-ea35-400e-b651-3afb9c33a2e7",{"currentTime":"2026-06-15T21:13:20Z"}]
[05:14:20] [DEVICE] << CP-kk-01 [2,"584cf7db-a5af-4c78-81e7-15485854c10b","Heartbeat",{}]
[05:14:20] [DEVICE] >> CP-kk-01 [3,"584cf7db-a5af-4c78-81e7-15485854c10b",{"currentTime":"2026-06-15T21:14:20Z"}]
[05:15:20] [DEVICE] << CP-kk-01 [2,"9f8162ef-d6bf-413e-b5dd-55fc55c81e89","Heartbeat",{}]
[05:15:20] [DEVICE] >> CP-kk-01 [3,"9f8162ef-d6bf-413e-b5dd-55fc55c81e89",{"currentTime":"2026-06-15T21:15:20Z"}]
[05:16:20] [DEVICE] << CP-kk-01 [2,"43672fc2-b76d-45db-b298-c0bd22afa581","Heartbeat",{}]
[05:16:20] [DEVICE] >> CP-kk-01 [3,"43672fc2-b76d-45db-b298-c0bd22afa581",{"currentTime":"2026-06-15T21:16:20Z"}]
[05:17:20] [DEVICE] << CP-kk-01 [2,"ba940447-1987-45d6-926e-f525f9f35a9b","Heartbeat",{}]
[05:17:20] [DEVICE] >> CP-kk-01 [3,"ba940447-1987-45d6-926e-f525f9f35a9b",{"currentTime":"2026-06-15T21:17:20Z"}]
[05:18:20] [DEVICE] << CP-kk-01 [2,"cbfcfc1e-eff3-44f8-bfa3-ea1fe25e2573","Heartbeat",{}]
[05:18:20] [DEVICE] >> CP-kk-01 [3,"cbfcfc1e-eff3-44f8-bfa3-ea1fe25e2573",{"currentTime":"2026-06-15T21:18:20Z"}]
[05:19:20] [DEVICE] << CP-kk-01 [2,"e2a504bf-87de-49e7-a199-adf6ba448b98","Heartbeat",{}]
[05:19:20] [DEVICE] >> CP-kk-01 [3,"e2a504bf-87de-49e7-a199-adf6ba448b98",{"currentTime":"2026-06-15T21:19:20Z"}]
[05:20:20] [DEVICE] << CP-kk-01 [2,"a883b5ab-b578-4d43-b850-4e7e1b006a81","Heartbeat",{}]
[05:20:20] [DEVICE] >> CP-kk-01 [3,"a883b5ab-b578-4d43-b850-4e7e1b006a81",{"currentTime":"2026-06-15T21:20:20Z"}]
[05:21:21] [DEVICE] << CP-kk-01 [2,"91543244-c093-4ac4-872b-eb7e3af98242","Heartbeat",{}]
[05:21:21] [DEVICE] >> CP-kk-01 [3,"91543244-c093-4ac4-872b-eb7e3af98242",{"currentTime":"2026-06-15T21:21:21Z"}]
[05:22:21] [DEVICE] << CP-kk-01 [2,"2b8b3ff7-0880-4777-890f-bbd100e29636","Heartbeat",{}]
[05:22:21] [DEVICE] >> CP-kk-01 [3,"2b8b3ff7-0880-4777-890f-bbd100e29636",{"currentTime":"2026-06-15T21:22:21Z"}]
[05:23:21] [DEVICE] << CP-kk-01 [2,"46be7116-99d0-4552-a0cb-0f5aec0045b8","Heartbeat",{}]
[05:23:21] [DEVICE] >> CP-kk-01 [3,"46be7116-99d0-4552-a0cb-0f5aec0045b8",{"currentTime":"2026-06-15T21:23:21Z"}]
[05:24:21] [DEVICE] << CP-kk-01 [2,"ff5439d5-9472-4959-b58b-52337c3f6120","Heartbeat",{}]
[05:24:21] [DEVICE] >> CP-kk-01 [3,"ff5439d5-9472-4959-b58b-52337c3f6120",{"currentTime":"2026-06-15T21:24:21Z"}]
[05:25:21] [DEVICE] << CP-kk-01 [2,"ac69d301-54f4-497f-b48f-3432235e4d14","Heartbeat",{}]
[05:25:21] [DEVICE] >> CP-kk-01 [3,"ac69d301-54f4-497f-b48f-3432235e4d14",{"currentTime":"2026-06-15T21:25:21Z"}]
[05:26:21] [DEVICE] << CP-kk-01 [2,"a5dbca00-d6a8-4f1a-960f-e660848544b5","Heartbeat",{}]
[05:26:21] [DEVICE] >> CP-kk-01 [3,"a5dbca00-d6a8-4f1a-960f-e660848544b5",{"currentTime":"2026-06-15T21:26:21Z"}]
[05:27:21] [DEVICE] << CP-kk-01 [2,"1d61bc2b-8ea9-4a23-b927-5b5aa5cb541b","Heartbeat",{}]
[05:27:21] [DEVICE] >> CP-kk-01 [3,"1d61bc2b-8ea9-4a23-b927-5b5aa5cb541b",{"currentTime":"2026-06-15T21:27:21Z"}]
[05:28:21] [DEVICE] << CP-kk-01 [2,"382ff587-971f-4dbb-b6fb-6ff38e81fd7a","Heartbeat",{}]
[05:28:21] [DEVICE] >> CP-kk-01 [3,"382ff587-971f-4dbb-b6fb-6ff38e81fd7a",{"currentTime":"2026-06-15T21:28:21Z"}]
[05:29:21] [DEVICE] << CP-kk-01 [2,"32beeed4-aaca-4066-a23e-aefa82efa644","Heartbeat",{}]
[05:29:21] [DEVICE] >> CP-kk-01 [3,"32beeed4-aaca-4066-a23e-aefa82efa644",{"currentTime":"2026-06-15T21:29:21Z"}]
[05:30:21] [DEVICE] << CP-kk-01 [2,"bb1bf90b-5fd3-4de4-9808-e62968576716","Heartbeat",{}]
[05:30:21] [DEVICE] >> CP-kk-01 [3,"bb1bf90b-5fd3-4de4-9808-e62968576716",{"currentTime":"2026-06-15T21:30:21Z"}]
[05:31:21] [DEVICE] << CP-kk-01 [2,"70e5d545-7ac5-4e06-a100-3b1d0e9f22b7","Heartbeat",{}]
[05:31:21] [DEVICE] >> CP-kk-01 [3,"70e5d545-7ac5-4e06-a100-3b1d0e9f22b7",{"currentTime":"2026-06-15T21:31:21Z"}]
[05:32:21] [DEVICE] << CP-kk-01 [2,"bff468eb-9988-4d8c-a231-32c427056896","Heartbeat",{}]
[05:32:21] [DEVICE] >> CP-kk-01 [3,"bff468eb-9988-4d8c-a231-32c427056896",{"currentTime":"2026-06-15T21:32:21Z"}]
[05:33:21] [DEVICE] << CP-kk-01 [2,"6a980a99-5e73-4897-b390-638627e0c860","Heartbeat",{}]
[05:33:21] [DEVICE] >> CP-kk-01 [3,"6a980a99-5e73-4897-b390-638627e0c860",{"currentTime":"2026-06-15T21:33:21Z"}]
[05:34:21] [DEVICE] << CP-kk-01 [2,"5bab11fd-d0d3-4149-9271-80d35174dad2","Heartbeat",{}]
[05:34:21] [DEVICE] >> CP-kk-01 [3,"5bab11fd-d0d3-4149-9271-80d35174dad2",{"currentTime":"2026-06-15T21:34:21Z"}]
[05:35:21] [DEVICE] << CP-kk-01 [2,"5d16e19f-2173-4b1e-a7fe-51e992458cef","Heartbeat",{}]
[05:35:21] [DEVICE] >> CP-kk-01 [3,"5d16e19f-2173-4b1e-a7fe-51e992458cef",{"currentTime":"2026-06-15T21:35:21Z"}]
[05:36:21] [DEVICE] << CP-kk-01 [2,"1d725eb8-3735-4d80-9a32-80dd25bbdd1e","Heartbeat",{}]
[05:36:21] [DEVICE] >> CP-kk-01 [3,"1d725eb8-3735-4d80-9a32-80dd25bbdd1e",{"currentTime":"2026-06-15T21:36:21Z"}]
[05:37:21] [DEVICE] << CP-kk-01 [2,"8a82f813-18c2-49ec-b93e-5f3c9483e162","Heartbeat",{}]
[05:37:21] [DEVICE] >> CP-kk-01 [3,"8a82f813-18c2-49ec-b93e-5f3c9483e162",{"currentTime":"2026-06-15T21:37:21Z"}]
[05:38:21] [DEVICE] << CP-kk-01 [2,"a5d09ccb-bff6-484e-acb1-c3e0adcfb16c","Heartbeat",{}]
[05:38:21] [DEVICE] >> CP-kk-01 [3,"a5d09ccb-bff6-484e-acb1-c3e0adcfb16c",{"currentTime":"2026-06-15T21:38:21Z"}]
[05:39:21] [DEVICE] << CP-kk-01 [2,"dd7ab6a3-7921-4508-a5bf-7a0138ab16b2","Heartbeat",{}]
[05:39:21] [DEVICE] >> CP-kk-01 [3,"dd7ab6a3-7921-4508-a5bf-7a0138ab16b2",{"currentTime":"2026-06-15T21:39:21Z"}]
[05:40:21] [DEVICE] << CP-kk-01 [2,"599ee961-1651-40ee-b311-220d14237c48","Heartbeat",{}]
[05:40:21] [DEVICE] >> CP-kk-01 [3,"599ee961-1651-40ee-b311-220d14237c48",{"currentTime":"2026-06-15T21:40:21Z"}]
[05:41:21] [DEVICE] << CP-kk-01 [2,"c59e454e-df7e-4b66-8049-528df6bfd81d","Heartbeat",{}]
[05:41:21] [DEVICE] >> CP-kk-01 [3,"c59e454e-df7e-4b66-8049-528df6bfd81d",{"currentTime":"2026-06-15T21:41:21Z"}]
[05:42:21] [DEVICE] << CP-kk-01 [2,"318ba73e-98b8-4535-984c-ab180731d191","Heartbeat",{}]
[05:42:21] [DEVICE] >> CP-kk-01 [3,"318ba73e-98b8-4535-984c-ab180731d191",{"currentTime":"2026-06-15T21:42:21Z"}]
[05:43:21] [DEVICE] << CP-kk-01 [2,"c8835020-5b0d-4710-ae24-e8b36631843c","Heartbeat",{}]
[05:43:21] [DEVICE] >> CP-kk-01 [3,"c8835020-5b0d-4710-ae24-e8b36631843c",{"currentTime":"2026-06-15T21:43:21Z"}]
[05:44:21] [DEVICE] << CP-kk-01 [2,"47f6dff2-c343-48b2-a02f-16a6d8033d46","Heartbeat",{}]
[05:44:21] [DEVICE] >> CP-kk-01 [3,"47f6dff2-c343-48b2-a02f-16a6d8033d46",{"currentTime":"2026-06-15T21:44:21Z"}]
[05:45:21] [DEVICE] << CP-kk-01 [2,"8f362348-e373-462a-a2a1-c20ca884aa70","Heartbeat",{}]
[05:45:21] [DEVICE] >> CP-kk-01 [3,"8f362348-e373-462a-a2a1-c20ca884aa70",{"currentTime":"2026-06-15T21:45:21Z"}]
[05:46:21] [DEVICE] << CP-kk-01 [2,"53739ae5-8c96-4c83-85b6-cfeb845b1a6e","Heartbeat",{}]
[05:46:21] [DEVICE] >> CP-kk-01 [3,"53739ae5-8c96-4c83-85b6-cfeb845b1a6e",{"currentTime":"2026-06-15T21:46:21Z"}]
[05:47:21] [DEVICE] << CP-kk-01 [2,"ddf6be22-ec78-4448-b6a4-4377d21cb1fe","Heartbeat",{}]
[05:47:21] [DEVICE] >> CP-kk-01 [3,"ddf6be22-ec78-4448-b6a4-4377d21cb1fe",{"currentTime":"2026-06-15T21:47:21Z"}]
[05:48:21] [DEVICE] << CP-kk-01 [2,"4c063cf5-ccc3-48bd-ac64-09b7cd671a08","Heartbeat",{}]
[05:48:21] [DEVICE] >> CP-kk-01 [3,"4c063cf5-ccc3-48bd-ac64-09b7cd671a08",{"currentTime":"2026-06-15T21:48:21Z"}]
[05:49:21] [DEVICE] << CP-kk-01 [2,"3f9b8b5f-4cc7-4ad4-ac7e-57cd8db7fbc1","Heartbeat",{}]
[05:49:21] [DEVICE] >> CP-kk-01 [3,"3f9b8b5f-4cc7-4ad4-ac7e-57cd8db7fbc1",{"currentTime":"2026-06-15T21:49:21Z"}]
[05:50:21] [DEVICE] << CP-kk-01 [2,"e016b9a9-37dd-4cf4-b9ee-8595041e38f6","Heartbeat",{}]
[05:50:21] [DEVICE] >> CP-kk-01 [3,"e016b9a9-37dd-4cf4-b9ee-8595041e38f6",{"currentTime":"2026-06-15T21:50:21Z"}]
[05:51:21] [DEVICE] << CP-kk-01 [2,"8931abd5-c81d-427a-8e9c-121ab481f8c5","Heartbeat",{}]
[05:51:21] [DEVICE] >> CP-kk-01 [3,"8931abd5-c81d-427a-8e9c-121ab481f8c5",{"currentTime":"2026-06-15T21:51:21Z"}]
[05:52:21] [DEVICE] << CP-kk-01 [2,"da572e00-0e06-4070-ad64-6382d701121c","Heartbeat",{}]
[05:52:21] [DEVICE] >> CP-kk-01 [3,"da572e00-0e06-4070-ad64-6382d701121c",{"currentTime":"2026-06-15T21:52:21Z"}]
[05:53:21] [DEVICE] << CP-kk-01 [2,"824f224a-e866-4ca7-be43-539bb0dd7a2d","Heartbeat",{}]
[05:53:21] [DEVICE] >> CP-kk-01 [3,"824f224a-e866-4ca7-be43-539bb0dd7a2d",{"currentTime":"2026-06-15T21:53:21Z"}]
[05:54:21] [DEVICE] << CP-kk-01 [2,"e82c4301-2bc4-4e7b-bc07-831d94679e0a","Heartbeat",{}]
[05:54:21] [DEVICE] >> CP-kk-01 [3,"e82c4301-2bc4-4e7b-bc07-831d94679e0a",{"currentTime":"2026-06-15T21:54:21Z"}]
[05:55:21] [DEVICE] << CP-kk-01 [2,"cbc40e57-df2f-42fd-ae58-93fa4a788640","Heartbeat",{}]
[05:55:21] [DEVICE] >> CP-kk-01 [3,"cbc40e57-df2f-42fd-ae58-93fa4a788640",{"currentTime":"2026-06-15T21:55:21Z"}]
[05:56:21] [DEVICE] << CP-kk-01 [2,"3d057a3b-9127-43d5-ad2f-df65f72d20c1","Heartbeat",{}]
[05:56:21] [DEVICE] >> CP-kk-01 [3,"3d057a3b-9127-43d5-ad2f-df65f72d20c1",{"currentTime":"2026-06-15T21:56:21Z"}]
[05:57:21] [DEVICE] << CP-kk-01 [2,"d9bb6cab-3ed2-411c-9afe-1bd7b2e520e9","Heartbeat",{}]
[05:57:21] [DEVICE] >> CP-kk-01 [3,"d9bb6cab-3ed2-411c-9afe-1bd7b2e520e9",{"currentTime":"2026-06-15T21:57:21Z"}]
[05:58:21] [DEVICE] << CP-kk-01 [2,"d59b1bd2-9acd-4e27-b565-31087139ed27","Heartbeat",{}]
[05:58:21] [DEVICE] >> CP-kk-01 [3,"d59b1bd2-9acd-4e27-b565-31087139ed27",{"currentTime":"2026-06-15T21:58:21Z"}]
[05:59:21] [DEVICE] << CP-kk-01 [2,"55455f48-afa4-4125-9b77-e05f5e0b1e71","Heartbeat",{}]
[05:59:21] [DEVICE] >> CP-kk-01 [3,"55455f48-afa4-4125-9b77-e05f5e0b1e71",{"currentTime":"2026-06-15T21:59:21Z"}]
[06:00:21] [DEVICE] << CP-kk-01 [2,"390a9592-b5c7-416b-be67-652232317c1a","Heartbeat",{}]
[06:00:21] [DEVICE] >> CP-kk-01 [3,"390a9592-b5c7-416b-be67-652232317c1a",{"currentTime":"2026-06-15T22:00:21Z"}]
[06:01:21] [DEVICE] << CP-kk-01 [2,"984db845-0e2f-4d10-a7b4-bb215050446c","Heartbeat",{}]
[06:01:21] [DEVICE] >> CP-kk-01 [3,"984db845-0e2f-4d10-a7b4-bb215050446c",{"currentTime":"2026-06-15T22:01:21Z"}]
[06:02:21] [DEVICE] << CP-kk-01 [2,"0fc038b2-4aaf-400f-a79d-5bb55ce527a1","Heartbeat",{}]
[06:02:21] [DEVICE] >> CP-kk-01 [3,"0fc038b2-4aaf-400f-a79d-5bb55ce527a1",{"currentTime":"2026-06-15T22:02:21Z"}]
[06:03:21] [DEVICE] << CP-kk-01 [2,"4d341257-7f93-4f1d-b8a2-dc1e44e79c4f","Heartbeat",{}]
[06:03:21] [DEVICE] >> CP-kk-01 [3,"4d341257-7f93-4f1d-b8a2-dc1e44e79c4f",{"currentTime":"2026-06-15T22:03:21Z"}]
[06:04:21] [DEVICE] << CP-kk-01 [2,"e75a06ec-2ae2-4af2-98d8-6421fa423bc5","Heartbeat",{}]
[06:04:21] [DEVICE] >> CP-kk-01 [3,"e75a06ec-2ae2-4af2-98d8-6421fa423bc5",{"currentTime":"2026-06-15T22:04:21Z"}]
[06:05:21] [DEVICE] << CP-kk-01 [2,"1ea9fb8c-ef54-4a3d-9d9a-56ff3ba5b852","Heartbeat",{}]
[06:05:21] [DEVICE] >> CP-kk-01 [3,"1ea9fb8c-ef54-4a3d-9d9a-56ff3ba5b852",{"currentTime":"2026-06-15T22:05:21Z"}]
[06:06:21] [DEVICE] << CP-kk-01 [2,"1be003b0-7aa4-4fba-9b91-820f89a68866","Heartbeat",{}]
[06:06:21] [DEVICE] >> CP-kk-01 [3,"1be003b0-7aa4-4fba-9b91-820f89a68866",{"currentTime":"2026-06-15T22:06:21Z"}]
[06:07:21] [DEVICE] << CP-kk-01 [2,"15093908-8ace-4b1f-a4bc-567bd6539b01","Heartbeat",{}]
[06:07:21] [DEVICE] >> CP-kk-01 [3,"15093908-8ace-4b1f-a4bc-567bd6539b01",{"currentTime":"2026-06-15T22:07:21Z"}]
[06:08:22] [DEVICE] << CP-kk-01 [2,"cd7647ea-8375-4d06-979a-65103b1e92e7","Heartbeat",{}]
[06:08:22] [DEVICE] >> CP-kk-01 [3,"cd7647ea-8375-4d06-979a-65103b1e92e7",{"currentTime":"2026-06-15T22:08:22Z"}]
[06:09:22] [DEVICE] << CP-kk-01 [2,"6661983d-3bc6-4734-a860-8d99573a035f","Heartbeat",{}]
[06:09:22] [DEVICE] >> CP-kk-01 [3,"6661983d-3bc6-4734-a860-8d99573a035f",{"currentTime":"2026-06-15T22:09:22Z"}]
[06:10:22] [DEVICE] << CP-kk-01 [2,"85bcbe4c-543b-4b3a-86b5-40e6c4e432ba","Heartbeat",{}]
[06:10:22] [DEVICE] >> CP-kk-01 [3,"85bcbe4c-543b-4b3a-86b5-40e6c4e432ba",{"currentTime":"2026-06-15T22:10:22Z"}]
[06:11:22] [DEVICE] << CP-kk-01 [2,"a92fdcef-fb56-4f5a-add7-402917f5fd9a","Heartbeat",{}]
[06:11:22] [DEVICE] >> CP-kk-01 [3,"a92fdcef-fb56-4f5a-add7-402917f5fd9a",{"currentTime":"2026-06-15T22:11:22Z"}]
[06:12:22] [DEVICE] << CP-kk-01 [2,"95609bbc-81f2-4997-9eb2-3346b102e9ee","Heartbeat",{}]
[06:12:22] [DEVICE] >> CP-kk-01 [3,"95609bbc-81f2-4997-9eb2-3346b102e9ee",{"currentTime":"2026-06-15T22:12:22Z"}]
[06:13:22] [DEVICE] << CP-kk-01 [2,"d9a09855-d93e-45cf-819d-fda48784bab2","Heartbeat",{}]
[06:13:22] [DEVICE] >> CP-kk-01 [3,"d9a09855-d93e-45cf-819d-fda48784bab2",{"currentTime":"2026-06-15T22:13:22Z"}]
[06:14:22] [DEVICE] << CP-kk-01 [2,"ddf32ff7-dba5-468f-be7c-9f7f58c3cdf8","Heartbeat",{}]
[06:14:22] [DEVICE] >> CP-kk-01 [3,"ddf32ff7-dba5-468f-be7c-9f7f58c3cdf8",{"currentTime":"2026-06-15T22:14:22Z"}]
[06:15:22] [DEVICE] << CP-kk-01 [2,"b2ad58e4-6aac-4032-b37c-1896b8a1e640","Heartbeat",{}]
[06:15:22] [DEVICE] >> CP-kk-01 [3,"b2ad58e4-6aac-4032-b37c-1896b8a1e640",{"currentTime":"2026-06-15T22:15:22Z"}]
[06:16:22] [DEVICE] << CP-kk-01 [2,"9a1774a5-08e3-4ada-9a3c-0ff914e58cdb","Heartbeat",{}]
[06:16:22] [DEVICE] >> CP-kk-01 [3,"9a1774a5-08e3-4ada-9a3c-0ff914e58cdb",{"currentTime":"2026-06-15T22:16:22Z"}]
[06:17:22] [DEVICE] << CP-kk-01 [2,"022df033-6b64-4c4d-ae6b-09021150a791","Heartbeat",{}]
[06:17:22] [DEVICE] >> CP-kk-01 [3,"022df033-6b64-4c4d-ae6b-09021150a791",{"currentTime":"2026-06-15T22:17:22Z"}]
[06:18:22] [DEVICE] << CP-kk-01 [2,"d594f160-d048-42ca-a17b-e24ec192a720","Heartbeat",{}]
[06:18:22] [DEVICE] >> CP-kk-01 [3,"d594f160-d048-42ca-a17b-e24ec192a720",{"currentTime":"2026-06-15T22:18:22Z"}]
[06:19:22] [DEVICE] << CP-kk-01 [2,"5092981a-0d7d-45b2-abe8-52b5da372889","Heartbeat",{}]
[06:19:22] [DEVICE] >> CP-kk-01 [3,"5092981a-0d7d-45b2-abe8-52b5da372889",{"currentTime":"2026-06-15T22:19:22Z"}]
[06:20:22] [DEVICE] << CP-kk-01 [2,"4e7f5c05-507e-43bf-abd3-f4c9c6fc7e1b","Heartbeat",{}]
[06:20:22] [DEVICE] >> CP-kk-01 [3,"4e7f5c05-507e-43bf-abd3-f4c9c6fc7e1b",{"currentTime":"2026-06-15T22:20:22Z"}]
[06:21:22] [DEVICE] << CP-kk-01 [2,"2f57895e-45e7-483a-aabb-6e693de0df24","Heartbeat",{}]
[06:21:22] [DEVICE] >> CP-kk-01 [3,"2f57895e-45e7-483a-aabb-6e693de0df24",{"currentTime":"2026-06-15T22:21:22Z"}]
[06:22:22] [DEVICE] << CP-kk-01 [2,"b24cf794-ed18-4005-9295-5bc9c2ba77b7","Heartbeat",{}]
[06:22:22] [DEVICE] >> CP-kk-01 [3,"b24cf794-ed18-4005-9295-5bc9c2ba77b7",{"currentTime":"2026-06-15T22:22:22Z"}]
[06:23:22] [DEVICE] << CP-kk-01 [2,"2b0bf926-07dd-4ea3-9a5c-e2fbc7f860c0","Heartbeat",{}]
[06:23:22] [DEVICE] >> CP-kk-01 [3,"2b0bf926-07dd-4ea3-9a5c-e2fbc7f860c0",{"currentTime":"2026-06-15T22:23:22Z"}]
[06:24:22] [DEVICE] << CP-kk-01 [2,"1af9487e-e06b-4874-96e7-d73e7a919824","Heartbeat",{}]
[06:24:22] [DEVICE] >> CP-kk-01 [3,"1af9487e-e06b-4874-96e7-d73e7a919824",{"currentTime":"2026-06-15T22:24:22Z"}]
[06:25:22] [DEVICE] << CP-kk-01 [2,"170592d3-77b7-4cd6-81d1-a287b90d8936","Heartbeat",{}]
[06:25:22] [DEVICE] >> CP-kk-01 [3,"170592d3-77b7-4cd6-81d1-a287b90d8936",{"currentTime":"2026-06-15T22:25:22Z"}]
[06:26:22] [DEVICE] << CP-kk-01 [2,"b6b74e4c-31d2-466a-87fe-98dbad6b88f2","Heartbeat",{}]
[06:26:22] [DEVICE] >> CP-kk-01 [3,"b6b74e4c-31d2-466a-87fe-98dbad6b88f2",{"currentTime":"2026-06-15T22:26:22Z"}]
[06:27:22] [DEVICE] << CP-kk-01 [2,"84aa1211-8bd0-41bc-89c3-3711fc45ca96","Heartbeat",{}]
[06:27:22] [DEVICE] >> CP-kk-01 [3,"84aa1211-8bd0-41bc-89c3-3711fc45ca96",{"currentTime":"2026-06-15T22:27:22Z"}]
[06:28:22] [DEVICE] << CP-kk-01 [2,"fe464dc6-0df3-4bd7-89c7-be95e671e6c3","Heartbeat",{}]
[06:28:22] [DEVICE] >> CP-kk-01 [3,"fe464dc6-0df3-4bd7-89c7-be95e671e6c3",{"currentTime":"2026-06-15T22:28:22Z"}]
[06:29:22] [DEVICE] << CP-kk-01 [2,"1bbe3c8c-d8f9-49c1-917d-e6413d47cd5c","Heartbeat",{}]
[06:29:22] [DEVICE] >> CP-kk-01 [3,"1bbe3c8c-d8f9-49c1-917d-e6413d47cd5c",{"currentTime":"2026-06-15T22:29:22Z"}]
[06:30:22] [DEVICE] << CP-kk-01 [2,"6457c1f7-3d74-4841-9e6b-47064c9c0383","Heartbeat",{}]
[06:30:22] [DEVICE] >> CP-kk-01 [3,"6457c1f7-3d74-4841-9e6b-47064c9c0383",{"currentTime":"2026-06-15T22:30:22Z"}]
[06:31:22] [DEVICE] << CP-kk-01 [2,"7dcc8a30-3f51-446d-a76a-2c04440df32b","Heartbeat",{}]
[06:31:22] [DEVICE] >> CP-kk-01 [3,"7dcc8a30-3f51-446d-a76a-2c04440df32b",{"currentTime":"2026-06-15T22:31:22Z"}]
[06:32:22] [DEVICE] << CP-kk-01 [2,"65fd9717-874f-4d11-a540-6c1402dd43de","Heartbeat",{}]
[06:32:22] [DEVICE] >> CP-kk-01 [3,"65fd9717-874f-4d11-a540-6c1402dd43de",{"currentTime":"2026-06-15T22:32:22Z"}]
[06:33:22] [DEVICE] << CP-kk-01 [2,"338e773b-f97a-4001-98fa-4f4aee5487b4","Heartbeat",{}]
[06:33:22] [DEVICE] >> CP-kk-01 [3,"338e773b-f97a-4001-98fa-4f4aee5487b4",{"currentTime":"2026-06-15T22:33:22Z"}]
[06:34:22] [DEVICE] << CP-kk-01 [2,"17b331c5-eb9f-484d-bbca-56951621f6f5","Heartbeat",{}]
[06:34:22] [DEVICE] >> CP-kk-01 [3,"17b331c5-eb9f-484d-bbca-56951621f6f5",{"currentTime":"2026-06-15T22:34:22Z"}]
[06:35:22] [DEVICE] << CP-kk-01 [2,"8d1c7505-65b4-44da-b472-1891c9680097","Heartbeat",{}]
[06:35:22] [DEVICE] >> CP-kk-01 [3,"8d1c7505-65b4-44da-b472-1891c9680097",{"currentTime":"2026-06-15T22:35:22Z"}]
[06:36:22] [DEVICE] << CP-kk-01 [2,"cd66c40f-c008-4121-9397-48ec637824f0","Heartbeat",{}]
[06:36:22] [DEVICE] >> CP-kk-01 [3,"cd66c40f-c008-4121-9397-48ec637824f0",{"currentTime":"2026-06-15T22:36:22Z"}]
[06:37:22] [DEVICE] << CP-kk-01 [2,"f9e5aad3-c89b-4fac-9ebd-eb7e98605fe8","Heartbeat",{}]
[06:37:22] [DEVICE] >> CP-kk-01 [3,"f9e5aad3-c89b-4fac-9ebd-eb7e98605fe8",{"currentTime":"2026-06-15T22:37:22Z"}]
[06:38:22] [DEVICE] << CP-kk-01 [2,"c35524bd-ab25-4452-9bdc-6d1f56d58af6","Heartbeat",{}]
[06:38:22] [DEVICE] >> CP-kk-01 [3,"c35524bd-ab25-4452-9bdc-6d1f56d58af6",{"currentTime":"2026-06-15T22:38:22Z"}]
[06:39:22] [DEVICE] << CP-kk-01 [2,"b8d42da7-00c9-484c-ab1c-5c3302a2f540","Heartbeat",{}]
[06:39:22] [DEVICE] >> CP-kk-01 [3,"b8d42da7-00c9-484c-ab1c-5c3302a2f540",{"currentTime":"2026-06-15T22:39:22Z"}]
[06:40:22] [DEVICE] << CP-kk-01 [2,"0cc62040-72d1-4935-a4e6-472018a34948","Heartbeat",{}]
[06:40:22] [DEVICE] >> CP-kk-01 [3,"0cc62040-72d1-4935-a4e6-472018a34948",{"currentTime":"2026-06-15T22:40:22Z"}]
[06:41:22] [DEVICE] << CP-kk-01 [2,"0699f7ff-a7e4-449a-9b59-4c3c153a0087","Heartbeat",{}]
[06:41:22] [DEVICE] >> CP-kk-01 [3,"0699f7ff-a7e4-449a-9b59-4c3c153a0087",{"currentTime":"2026-06-15T22:41:22Z"}]
[06:42:22] [DEVICE] << CP-kk-01 [2,"486dfefd-5b84-4c33-8f84-400bff1a14ca","Heartbeat",{}]
[06:42:22] [DEVICE] >> CP-kk-01 [3,"486dfefd-5b84-4c33-8f84-400bff1a14ca",{"currentTime":"2026-06-15T22:42:22Z"}]
[06:43:22] [DEVICE] << CP-kk-01 [2,"1fac1183-2177-4cf8-9561-be5ae22c362d","Heartbeat",{}]
[06:43:22] [DEVICE] >> CP-kk-01 [3,"1fac1183-2177-4cf8-9561-be5ae22c362d",{"currentTime":"2026-06-15T22:43:22Z"}]
[06:44:22] [DEVICE] << CP-kk-01 [2,"312ca022-da55-4e08-9ee1-4d7c56581f7c","Heartbeat",{}]
[06:44:22] [DEVICE] >> CP-kk-01 [3,"312ca022-da55-4e08-9ee1-4d7c56581f7c",{"currentTime":"2026-06-15T22:44:22Z"}]
[06:45:22] [DEVICE] << CP-kk-01 [2,"9712aaa2-2404-4e40-b384-90a1beb74264","Heartbeat",{}]
[06:45:22] [DEVICE] >> CP-kk-01 [3,"9712aaa2-2404-4e40-b384-90a1beb74264",{"currentTime":"2026-06-15T22:45:22Z"}]
[06:46:22] [DEVICE] << CP-kk-01 [2,"a674efbd-bb1c-4acd-a7a4-70b0853ef913","Heartbeat",{}]
[06:46:22] [DEVICE] >> CP-kk-01 [3,"a674efbd-bb1c-4acd-a7a4-70b0853ef913",{"currentTime":"2026-06-15T22:46:22Z"}]
[06:47:22] [DEVICE] << CP-kk-01 [2,"4dc13a99-9c77-45e9-ba5b-36df2060fd9a","Heartbeat",{}]
[06:47:22] [DEVICE] >> CP-kk-01 [3,"4dc13a99-9c77-45e9-ba5b-36df2060fd9a",{"currentTime":"2026-06-15T22:47:22Z"}]
[06:48:22] [DEVICE] << CP-kk-01 [2,"1e11c175-6678-4ad7-832a-381873460d4d","Heartbeat",{}]
[06:48:22] [DEVICE] >> CP-kk-01 [3,"1e11c175-6678-4ad7-832a-381873460d4d",{"currentTime":"2026-06-15T22:48:22Z"}]
[06:49:22] [DEVICE] << CP-kk-01 [2,"f294fbb7-2450-4354-b52e-76037502a7e8","Heartbeat",{}]
[06:49:22] [DEVICE] >> CP-kk-01 [3,"f294fbb7-2450-4354-b52e-76037502a7e8",{"currentTime":"2026-06-15T22:49:22Z"}]
[06:50:22] [DEVICE] << CP-kk-01 [2,"d39dbf02-22eb-4a7a-b421-5b0efa04bd80","Heartbeat",{}]
[06:50:22] [DEVICE] >> CP-kk-01 [3,"d39dbf02-22eb-4a7a-b421-5b0efa04bd80",{"currentTime":"2026-06-15T22:50:22Z"}]
[06:51:22] [DEVICE] << CP-kk-01 [2,"1812e17e-d03b-4f06-bb1d-8298bafcc280","Heartbeat",{}]
[06:51:22] [DEVICE] >> CP-kk-01 [3,"1812e17e-d03b-4f06-bb1d-8298bafcc280",{"currentTime":"2026-06-15T22:51:22Z"}]
[06:52:23] [DEVICE] << CP-kk-01 [2,"a4c86aeb-99f8-430f-82fa-39a681ec3b8b","Heartbeat",{}]
[06:52:23] [DEVICE] >> CP-kk-01 [3,"a4c86aeb-99f8-430f-82fa-39a681ec3b8b",{"currentTime":"2026-06-15T22:52:23Z"}]
[06:53:22] [DEVICE] << CP-kk-01 [2,"4c11263a-6d2d-4802-b9d4-40420fcb0ab1","Heartbeat",{}]
[06:53:22] [DEVICE] >> CP-kk-01 [3,"4c11263a-6d2d-4802-b9d4-40420fcb0ab1",{"currentTime":"2026-06-15T22:53:22Z"}]
[06:54:23] [DEVICE] << CP-kk-01 [2,"ba73a793-8756-4661-afad-5f6380913cb1","Heartbeat",{}]
[06:54:23] [DEVICE] >> CP-kk-01 [3,"ba73a793-8756-4661-afad-5f6380913cb1",{"currentTime":"2026-06-15T22:54:23Z"}]
[06:55:23] [DEVICE] << CP-kk-01 [2,"db47a747-1407-41ee-a186-b09db353a254","Heartbeat",{}]
[06:55:23] [DEVICE] >> CP-kk-01 [3,"db47a747-1407-41ee-a186-b09db353a254",{"currentTime":"2026-06-15T22:55:23Z"}]
[06:56:23] [DEVICE] << CP-kk-01 [2,"cefdebee-cd6c-44db-a2a9-9077d0df1f59","Heartbeat",{}]
[06:56:23] [DEVICE] >> CP-kk-01 [3,"cefdebee-cd6c-44db-a2a9-9077d0df1f59",{"currentTime":"2026-06-15T22:56:23Z"}]
[06:57:23] [DEVICE] << CP-kk-01 [2,"87fd4d70-94ed-4d8d-99b7-a6de6b7d48c7","Heartbeat",{}]
[06:57:23] [DEVICE] >> CP-kk-01 [3,"87fd4d70-94ed-4d8d-99b7-a6de6b7d48c7",{"currentTime":"2026-06-15T22:57:23Z"}]
[06:58:23] [DEVICE] << CP-kk-01 [2,"f0f1038e-e70d-4d4f-87b3-18a4ef5b81ff","Heartbeat",{}]
[06:58:23] [DEVICE] >> CP-kk-01 [3,"f0f1038e-e70d-4d4f-87b3-18a4ef5b81ff",{"currentTime":"2026-06-15T22:58:23Z"}]
[06:59:23] [DEVICE] << CP-kk-01 [2,"bfe605e5-57f4-47dc-af39-878f8ab1bcee","Heartbeat",{}]
[06:59:23] [DEVICE] >> CP-kk-01 [3,"bfe605e5-57f4-47dc-af39-878f8ab1bcee",{"currentTime":"2026-06-15T22:59:23Z"}]
[07:00:23] [DEVICE] << CP-kk-01 [2,"11ced0d5-be18-4a51-a0fa-4db8c9bd7e5f","Heartbeat",{}]
[07:00:23] [DEVICE] >> CP-kk-01 [3,"11ced0d5-be18-4a51-a0fa-4db8c9bd7e5f",{"currentTime":"2026-06-15T23:00:23Z"}]
[07:01:23] [DEVICE] << CP-kk-01 [2,"fb8182e5-f28c-48c3-a5a3-1d0125da6298","Heartbeat",{}]
[07:01:23] [DEVICE] >> CP-kk-01 [3,"fb8182e5-f28c-48c3-a5a3-1d0125da6298",{"currentTime":"2026-06-15T23:01:23Z"}]
[07:02:23] [DEVICE] << CP-kk-01 [2,"59f00d74-dd58-41e7-8353-c9720e1874a0","Heartbeat",{}]
[07:02:23] [DEVICE] >> CP-kk-01 [3,"59f00d74-dd58-41e7-8353-c9720e1874a0",{"currentTime":"2026-06-15T23:02:23Z"}]
[07:03:23] [DEVICE] << CP-kk-01 [2,"269aea76-9501-480f-a2b8-35ba201ab174","Heartbeat",{}]
[07:03:23] [DEVICE] >> CP-kk-01 [3,"269aea76-9501-480f-a2b8-35ba201ab174",{"currentTime":"2026-06-15T23:03:23Z"}]
[07:04:23] [DEVICE] << CP-kk-01 [2,"5c2ddf59-7942-49c3-9114-ee73e3a86dc5","Heartbeat",{}]
[07:04:23] [DEVICE] >> CP-kk-01 [3,"5c2ddf59-7942-49c3-9114-ee73e3a86dc5",{"currentTime":"2026-06-15T23:04:23Z"}]
[07:05:23] [DEVICE] << CP-kk-01 [2,"4a413f39-3cf3-4190-86fe-7468cca708c6","Heartbeat",{}]
[07:05:23] [DEVICE] >> CP-kk-01 [3,"4a413f39-3cf3-4190-86fe-7468cca708c6",{"currentTime":"2026-06-15T23:05:23Z"}]
[07:06:23] [DEVICE] << CP-kk-01 [2,"45d685df-30dd-43b3-83c1-c700c413af52","Heartbeat",{}]
[07:06:23] [DEVICE] >> CP-kk-01 [3,"45d685df-30dd-43b3-83c1-c700c413af52",{"currentTime":"2026-06-15T23:06:23Z"}]
[07:07:23] [DEVICE] << CP-kk-01 [2,"35a3ae4d-7bc9-4e6b-9811-8511a66ef9e1","Heartbeat",{}]
[07:07:23] [DEVICE] >> CP-kk-01 [3,"35a3ae4d-7bc9-4e6b-9811-8511a66ef9e1",{"currentTime":"2026-06-15T23:07:23Z"}]
[07:08:23] [DEVICE] << CP-kk-01 [2,"334441ea-ecb0-48aa-acb8-26f72d3999fe","Heartbeat",{}]
[07:08:23] [DEVICE] >> CP-kk-01 [3,"334441ea-ecb0-48aa-acb8-26f72d3999fe",{"currentTime":"2026-06-15T23:08:23Z"}]
[07:09:23] [DEVICE] << CP-kk-01 [2,"6c2ce007-2fec-492e-a0f4-1c5ef0422eab","Heartbeat",{}]
[07:09:23] [DEVICE] >> CP-kk-01 [3,"6c2ce007-2fec-492e-a0f4-1c5ef0422eab",{"currentTime":"2026-06-15T23:09:23Z"}]
[07:10:23] [DEVICE] << CP-kk-01 [2,"a0abbb64-d777-4432-8ade-d8b601bd7363","Heartbeat",{}]
[07:10:23] [DEVICE] >> CP-kk-01 [3,"a0abbb64-d777-4432-8ade-d8b601bd7363",{"currentTime":"2026-06-15T23:10:23Z"}]
[07:11:23] [DEVICE] << CP-kk-01 [2,"d70333ba-f287-4867-9ef6-207a1ad0ebb6","Heartbeat",{}]
[07:11:23] [DEVICE] >> CP-kk-01 [3,"d70333ba-f287-4867-9ef6-207a1ad0ebb6",{"currentTime":"2026-06-15T23:11:23Z"}]
[07:12:23] [DEVICE] << CP-kk-01 [2,"013a7160-7c97-4f0d-8dc4-2ccc6c0adfcd","Heartbeat",{}]
[07:12:23] [DEVICE] >> CP-kk-01 [3,"013a7160-7c97-4f0d-8dc4-2ccc6c0adfcd",{"currentTime":"2026-06-15T23:12:23Z"}]
[07:13:23] [DEVICE] << CP-kk-01 [2,"5124dbf4-f077-4023-9b76-e86ba3f7c846","Heartbeat",{}]
[07:13:23] [DEVICE] >> CP-kk-01 [3,"5124dbf4-f077-4023-9b76-e86ba3f7c846",{"currentTime":"2026-06-15T23:13:23Z"}]
[07:14:23] [DEVICE] << CP-kk-01 [2,"6cd39789-e7e6-444d-8e4b-4a521d7d9148","Heartbeat",{}]
[07:14:23] [DEVICE] >> CP-kk-01 [3,"6cd39789-e7e6-444d-8e4b-4a521d7d9148",{"currentTime":"2026-06-15T23:14:23Z"}]
[07:15:23] [DEVICE] << CP-kk-01 [2,"1a95b12d-07e7-4c26-9cc6-f59390785987","Heartbeat",{}]
[07:15:23] [DEVICE] >> CP-kk-01 [3,"1a95b12d-07e7-4c26-9cc6-f59390785987",{"currentTime":"2026-06-15T23:15:23Z"}]
[07:16:23] [DEVICE] << CP-kk-01 [2,"fd6f9ab9-28c5-451e-a015-c13ac0451384","Heartbeat",{}]
[07:16:23] [DEVICE] >> CP-kk-01 [3,"fd6f9ab9-28c5-451e-a015-c13ac0451384",{"currentTime":"2026-06-15T23:16:23Z"}]
[07:17:23] [DEVICE] << CP-kk-01 [2,"70a63b98-2b08-42f3-98ff-df5c54cafb0d","Heartbeat",{}]
[07:17:23] [DEVICE] >> CP-kk-01 [3,"70a63b98-2b08-42f3-98ff-df5c54cafb0d",{"currentTime":"2026-06-15T23:17:23Z"}]
[07:18:23] [DEVICE] << CP-kk-01 [2,"d10c474e-bf1d-4eb6-afa0-fa546c65eb9a","Heartbeat",{}]
[07:18:23] [DEVICE] >> CP-kk-01 [3,"d10c474e-bf1d-4eb6-afa0-fa546c65eb9a",{"currentTime":"2026-06-15T23:18:23Z"}]
[07:19:23] [DEVICE] << CP-kk-01 [2,"d6dc1434-1741-44f7-805f-01f735b7acc6","Heartbeat",{}]
[07:19:23] [DEVICE] >> CP-kk-01 [3,"d6dc1434-1741-44f7-805f-01f735b7acc6",{"currentTime":"2026-06-15T23:19:23Z"}]
[07:20:23] [DEVICE] << CP-kk-01 [2,"3f7d1860-4130-4a6a-a83a-d956c4dc24b1","Heartbeat",{}]
[07:20:23] [DEVICE] >> CP-kk-01 [3,"3f7d1860-4130-4a6a-a83a-d956c4dc24b1",{"currentTime":"2026-06-15T23:20:23Z"}]
[07:21:23] [DEVICE] << CP-kk-01 [2,"54fb055f-25c5-4c68-bd2f-88a6471a00d3","Heartbeat",{}]
[07:21:23] [DEVICE] >> CP-kk-01 [3,"54fb055f-25c5-4c68-bd2f-88a6471a00d3",{"currentTime":"2026-06-15T23:21:23Z"}]
[07:22:23] [DEVICE] << CP-kk-01 [2,"ba6fa337-81fe-4a9e-8a13-13a0ecb2e6d0","Heartbeat",{}]
[07:22:23] [DEVICE] >> CP-kk-01 [3,"ba6fa337-81fe-4a9e-8a13-13a0ecb2e6d0",{"currentTime":"2026-06-15T23:22:23Z"}]
[07:23:23] [DEVICE] << CP-kk-01 [2,"2c38dcbf-3ec3-451d-a32f-c64268b88ea8","Heartbeat",{}]
[07:23:23] [DEVICE] >> CP-kk-01 [3,"2c38dcbf-3ec3-451d-a32f-c64268b88ea8",{"currentTime":"2026-06-15T23:23:23Z"}]
[07:24:23] [DEVICE] << CP-kk-01 [2,"40dff4d7-1999-456b-8f99-80aed66d8d87","Heartbeat",{}]
[07:24:23] [DEVICE] >> CP-kk-01 [3,"40dff4d7-1999-456b-8f99-80aed66d8d87",{"currentTime":"2026-06-15T23:24:23Z"}]
[07:25:23] [DEVICE] << CP-kk-01 [2,"f17e1375-6113-43b4-ad91-46366bb3009a","Heartbeat",{}]
[07:25:23] [DEVICE] >> CP-kk-01 [3,"f17e1375-6113-43b4-ad91-46366bb3009a",{"currentTime":"2026-06-15T23:25:23Z"}]
[07:26:23] [DEVICE] << CP-kk-01 [2,"5da0974b-a17d-4d9f-bf86-31acbccaa0c3","Heartbeat",{}]
[07:26:23] [DEVICE] >> CP-kk-01 [3,"5da0974b-a17d-4d9f-bf86-31acbccaa0c3",{"currentTime":"2026-06-15T23:26:23Z"}]
[07:27:23] [DEVICE] << CP-kk-01 [2,"34741504-c47b-4d39-ae21-e43c364bd2b1","Heartbeat",{}]
[07:27:23] [DEVICE] >> CP-kk-01 [3,"34741504-c47b-4d39-ae21-e43c364bd2b1",{"currentTime":"2026-06-15T23:27:23Z"}]
[07:28:23] [DEVICE] << CP-kk-01 [2,"8cdb3cbe-123b-4ba4-9946-d2b0b28bb547","Heartbeat",{}]
[07:28:23] [DEVICE] >> CP-kk-01 [3,"8cdb3cbe-123b-4ba4-9946-d2b0b28bb547",{"currentTime":"2026-06-15T23:28:23Z"}]
[07:29:23] [DEVICE] << CP-kk-01 [2,"d346e483-7e18-4acf-b139-917f290c39f4","Heartbeat",{}]
[07:29:23] [DEVICE] >> CP-kk-01 [3,"d346e483-7e18-4acf-b139-917f290c39f4",{"currentTime":"2026-06-15T23:29:23Z"}]
[07:30:23] [DEVICE] << CP-kk-01 [2,"2ecc62ad-64fd-480b-a3fd-bc1e75841f7c","Heartbeat",{}]
[07:30:23] [DEVICE] >> CP-kk-01 [3,"2ecc62ad-64fd-480b-a3fd-bc1e75841f7c",{"currentTime":"2026-06-15T23:30:23Z"}]
[07:31:23] [DEVICE] << CP-kk-01 [2,"bc2984ff-0120-4a64-a18d-3c5583a654ce","Heartbeat",{}]
[07:31:23] [DEVICE] >> CP-kk-01 [3,"bc2984ff-0120-4a64-a18d-3c5583a654ce",{"currentTime":"2026-06-15T23:31:23Z"}]
[07:32:23] [DEVICE] << CP-kk-01 [2,"4513dcf4-a073-4358-8d29-819a9bdb572e","Heartbeat",{}]
[07:32:23] [DEVICE] >> CP-kk-01 [3,"4513dcf4-a073-4358-8d29-819a9bdb572e",{"currentTime":"2026-06-15T23:32:23Z"}]
[07:33:23] [DEVICE] << CP-kk-01 [2,"c75f4f44-01ab-4407-9a99-bc5ec447c8f7","Heartbeat",{}]
[07:33:23] [DEVICE] >> CP-kk-01 [3,"c75f4f44-01ab-4407-9a99-bc5ec447c8f7",{"currentTime":"2026-06-15T23:33:23Z"}]
[07:34:23] [DEVICE] << CP-kk-01 [2,"223777c8-67e8-496c-86c2-ed96736fc4c6","Heartbeat",{}]
[07:34:23] [DEVICE] >> CP-kk-01 [3,"223777c8-67e8-496c-86c2-ed96736fc4c6",{"currentTime":"2026-06-15T23:34:23Z"}]
[07:35:23] [DEVICE] << CP-kk-01 [2,"2c632cbd-e402-4c49-87c0-1b8538415a99","Heartbeat",{}]
[07:35:23] [DEVICE] >> CP-kk-01 [3,"2c632cbd-e402-4c49-87c0-1b8538415a99",{"currentTime":"2026-06-15T23:35:23Z"}]
[07:36:23] [DEVICE] << CP-kk-01 [2,"9590f6d1-e695-49f8-9f67-c7608f80651c","Heartbeat",{}]
[07:36:23] [DEVICE] >> CP-kk-01 [3,"9590f6d1-e695-49f8-9f67-c7608f80651c",{"currentTime":"2026-06-15T23:36:23Z"}]
[07:37:23] [DEVICE] << CP-kk-01 [2,"3750ff8f-556c-4e70-ab96-273456459e2a","Heartbeat",{}]
[07:37:23] [DEVICE] >> CP-kk-01 [3,"3750ff8f-556c-4e70-ab96-273456459e2a",{"currentTime":"2026-06-15T23:37:23Z"}]
[07:38:23] [DEVICE] << CP-kk-01 [2,"d276920b-f221-44fa-9251-d616941fb112","Heartbeat",{}]
[07:38:23] [DEVICE] >> CP-kk-01 [3,"d276920b-f221-44fa-9251-d616941fb112",{"currentTime":"2026-06-15T23:38:23Z"}]
[07:39:24] [DEVICE] << CP-kk-01 [2,"53671817-5c0b-40dc-b000-e946936aa463","Heartbeat",{}]
[07:39:24] [DEVICE] >> CP-kk-01 [3,"53671817-5c0b-40dc-b000-e946936aa463",{"currentTime":"2026-06-15T23:39:24Z"}]
[07:40:24] [DEVICE] << CP-kk-01 [2,"5cf3f795-810e-4f72-8c2f-4b4495523521","Heartbeat",{}]
[07:40:24] [DEVICE] >> CP-kk-01 [3,"5cf3f795-810e-4f72-8c2f-4b4495523521",{"currentTime":"2026-06-15T23:40:24Z"}]
[07:41:24] [DEVICE] << CP-kk-01 [2,"47b3e288-0f04-43fa-b6bb-4937eb1f67eb","Heartbeat",{}]
[07:41:24] [DEVICE] >> CP-kk-01 [3,"47b3e288-0f04-43fa-b6bb-4937eb1f67eb",{"currentTime":"2026-06-15T23:41:24Z"}]
[07:42:24] [DEVICE] << CP-kk-01 [2,"d70d28ea-d78d-4c1d-b9e6-8cfcb8900438","Heartbeat",{}]
[07:42:24] [DEVICE] >> CP-kk-01 [3,"d70d28ea-d78d-4c1d-b9e6-8cfcb8900438",{"currentTime":"2026-06-15T23:42:24Z"}]
[07:43:24] [DEVICE] << CP-kk-01 [2,"47b48fd3-f31a-43b0-9022-1bc1714c0b3e","Heartbeat",{}]
[07:43:24] [DEVICE] >> CP-kk-01 [3,"47b48fd3-f31a-43b0-9022-1bc1714c0b3e",{"currentTime":"2026-06-15T23:43:24Z"}]
[07:44:24] [DEVICE] << CP-kk-01 [2,"37124d7a-7501-4532-ba88-e0ef5dd16f52","Heartbeat",{}]
[07:44:24] [DEVICE] >> CP-kk-01 [3,"37124d7a-7501-4532-ba88-e0ef5dd16f52",{"currentTime":"2026-06-15T23:44:24Z"}]
[07:45:24] [DEVICE] << CP-kk-01 [2,"f5063e49-0dbc-4466-bbcb-6b9be4e99c93","Heartbeat",{}]
[07:45:24] [DEVICE] >> CP-kk-01 [3,"f5063e49-0dbc-4466-bbcb-6b9be4e99c93",{"currentTime":"2026-06-15T23:45:24Z"}]
[07:46:24] [DEVICE] << CP-kk-01 [2,"deba6e06-635d-449e-9f53-a605ace27467","Heartbeat",{}]
[07:46:24] [DEVICE] >> CP-kk-01 [3,"deba6e06-635d-449e-9f53-a605ace27467",{"currentTime":"2026-06-15T23:46:24Z"}]
[07:47:24] [DEVICE] << CP-kk-01 [2,"021cf8ee-c114-4eca-bfef-3cf9d46345a4","Heartbeat",{}]
[07:47:24] [DEVICE] >> CP-kk-01 [3,"021cf8ee-c114-4eca-bfef-3cf9d46345a4",{"currentTime":"2026-06-15T23:47:24Z"}]
[07:48:24] [DEVICE] << CP-kk-01 [2,"dca156fc-6ffd-4438-bbb2-222957007f88","Heartbeat",{}]
[07:48:24] [DEVICE] >> CP-kk-01 [3,"dca156fc-6ffd-4438-bbb2-222957007f88",{"currentTime":"2026-06-15T23:48:24Z"}]
[07:49:24] [DEVICE] << CP-kk-01 [2,"44a354af-bb66-4871-b212-e0806e25ba35","Heartbeat",{}]
[07:49:24] [DEVICE] >> CP-kk-01 [3,"44a354af-bb66-4871-b212-e0806e25ba35",{"currentTime":"2026-06-15T23:49:24Z"}]
[07:50:24] [DEVICE] << CP-kk-01 [2,"fd8ab53f-be10-4140-8fc5-ef914cd80425","Heartbeat",{}]
[07:50:24] [DEVICE] >> CP-kk-01 [3,"fd8ab53f-be10-4140-8fc5-ef914cd80425",{"currentTime":"2026-06-15T23:50:24Z"}]
[07:51:24] [DEVICE] << CP-kk-01 [2,"fe7699b4-2bbc-4794-92aa-5fea78c3d8db","Heartbeat",{}]
[07:51:24] [DEVICE] >> CP-kk-01 [3,"fe7699b4-2bbc-4794-92aa-5fea78c3d8db",{"currentTime":"2026-06-15T23:51:24Z"}]
[07:52:24] [DEVICE] << CP-kk-01 [2,"f007e777-23b0-402e-b129-7a92decccb99","Heartbeat",{}]
[07:52:24] [DEVICE] >> CP-kk-01 [3,"f007e777-23b0-402e-b129-7a92decccb99",{"currentTime":"2026-06-15T23:52:24Z"}]
[07:53:24] [DEVICE] << CP-kk-01 [2,"d2209538-5142-4bf6-b034-9ed7d99b4458","Heartbeat",{}]
[07:53:24] [DEVICE] >> CP-kk-01 [3,"d2209538-5142-4bf6-b034-9ed7d99b4458",{"currentTime":"2026-06-15T23:53:24Z"}]
[07:54:24] [DEVICE] << CP-kk-01 [2,"7cb3ea36-cc41-4433-8d69-3e5270e54f86","Heartbeat",{}]
[07:54:24] [DEVICE] >> CP-kk-01 [3,"7cb3ea36-cc41-4433-8d69-3e5270e54f86",{"currentTime":"2026-06-15T23:54:24Z"}]
[07:55:24] [DEVICE] << CP-kk-01 [2,"e34517ef-6092-4efd-b0c6-d9137d815fca","Heartbeat",{}]
[07:55:24] [DEVICE] >> CP-kk-01 [3,"e34517ef-6092-4efd-b0c6-d9137d815fca",{"currentTime":"2026-06-15T23:55:24Z"}]
[07:56:24] [DEVICE] << CP-kk-01 [2,"bc30e05a-34d1-4c68-ab53-218e10b05ab1","Heartbeat",{}]
[07:56:24] [DEVICE] >> CP-kk-01 [3,"bc30e05a-34d1-4c68-ab53-218e10b05ab1",{"currentTime":"2026-06-15T23:56:24Z"}]
[07:57:24] [DEVICE] << CP-kk-01 [2,"3b0141b2-48d2-4fca-b6cf-ac9edbc9c368","Heartbeat",{}]
[07:57:24] [DEVICE] >> CP-kk-01 [3,"3b0141b2-48d2-4fca-b6cf-ac9edbc9c368",{"currentTime":"2026-06-15T23:57:24Z"}]
[07:58:24] [DEVICE] << CP-kk-01 [2,"203bd99f-3592-4dbf-b0c7-9baf2d72885b","Heartbeat",{}]
[07:58:24] [DEVICE] >> CP-kk-01 [3,"203bd99f-3592-4dbf-b0c7-9baf2d72885b",{"currentTime":"2026-06-15T23:58:24Z"}]
[07:59:24] [DEVICE] << CP-kk-01 [2,"ccb964c7-6b60-4d49-a62e-ca397cc12fbd","Heartbeat",{}]
[07:59:24] [DEVICE] >> CP-kk-01 [3,"ccb964c7-6b60-4d49-a62e-ca397cc12fbd",{"currentTime":"2026-06-15T23:59:24Z"}]
[08:00:24] [DEVICE] << CP-kk-01 [2,"05870a3f-ff01-4361-b842-9d182577fb18","Heartbeat",{}]
[08:00:24] [DEVICE] >> CP-kk-01 [3,"05870a3f-ff01-4361-b842-9d182577fb18",{"currentTime":"2026-06-16T00:00:24Z"}]
[08:01:24] [DEVICE] << CP-kk-01 [2,"64d55517-caf2-4ab3-8837-883320f10cf7","Heartbeat",{}]
[08:01:24] [DEVICE] >> CP-kk-01 [3,"64d55517-caf2-4ab3-8837-883320f10cf7",{"currentTime":"2026-06-16T00:01:24Z"}]
[08:02:24] [DEVICE] << CP-kk-01 [2,"6d6fa653-a248-42de-9d12-2a9e7f1a5f4b","Heartbeat",{}]
[08:02:24] [DEVICE] >> CP-kk-01 [3,"6d6fa653-a248-42de-9d12-2a9e7f1a5f4b",{"currentTime":"2026-06-16T00:02:24Z"}]
[08:03:24] [DEVICE] << CP-kk-01 [2,"f437a5df-6934-47a5-93fb-0e3a093b1be8","Heartbeat",{}]
[08:03:24] [DEVICE] >> CP-kk-01 [3,"f437a5df-6934-47a5-93fb-0e3a093b1be8",{"currentTime":"2026-06-16T00:03:24Z"}]
[08:04:24] [DEVICE] << CP-kk-01 [2,"5d91cc4f-94cd-482c-a86c-fec7449b5fbb","Heartbeat",{}]
[08:04:24] [DEVICE] >> CP-kk-01 [3,"5d91cc4f-94cd-482c-a86c-fec7449b5fbb",{"currentTime":"2026-06-16T00:04:24Z"}]
[08:05:24] [DEVICE] << CP-kk-01 [2,"6c2b770d-e968-42da-bd21-25a90424c548","Heartbeat",{}]
[08:05:24] [DEVICE] >> CP-kk-01 [3,"6c2b770d-e968-42da-bd21-25a90424c548",{"currentTime":"2026-06-16T00:05:24Z"}]
[08:06:24] [DEVICE] << CP-kk-01 [2,"45b5ddf7-65f1-41a5-823d-2b3798f56752","Heartbeat",{}]
[08:06:24] [DEVICE] >> CP-kk-01 [3,"45b5ddf7-65f1-41a5-823d-2b3798f56752",{"currentTime":"2026-06-16T00:06:24Z"}]
[08:07:24] [DEVICE] << CP-kk-01 [2,"45112cf3-18c6-4c53-80a5-29655bf1a725","Heartbeat",{}]
[08:07:24] [DEVICE] >> CP-kk-01 [3,"45112cf3-18c6-4c53-80a5-29655bf1a725",{"currentTime":"2026-06-16T00:07:24Z"}]
[08:08:24] [DEVICE] << CP-kk-01 [2,"da822cfa-b75f-43bd-bb16-60a004c6418b","Heartbeat",{}]
[08:08:24] [DEVICE] >> CP-kk-01 [3,"da822cfa-b75f-43bd-bb16-60a004c6418b",{"currentTime":"2026-06-16T00:08:24Z"}]
[08:09:24] [DEVICE] << CP-kk-01 [2,"4c5a0af3-726e-412b-9de8-52a94317e094","Heartbeat",{}]
[08:09:24] [DEVICE] >> CP-kk-01 [3,"4c5a0af3-726e-412b-9de8-52a94317e094",{"currentTime":"2026-06-16T00:09:24Z"}]
[08:10:24] [DEVICE] << CP-kk-01 [2,"4affc735-cec5-40cb-8655-437b97ae6ead","Heartbeat",{}]
[08:10:24] [DEVICE] >> CP-kk-01 [3,"4affc735-cec5-40cb-8655-437b97ae6ead",{"currentTime":"2026-06-16T00:10:24Z"}]
[08:11:24] [DEVICE] << CP-kk-01 [2,"fa98aa35-5385-4e0e-9916-e70d1b7a7972","Heartbeat",{}]
[08:11:24] [DEVICE] >> CP-kk-01 [3,"fa98aa35-5385-4e0e-9916-e70d1b7a7972",{"currentTime":"2026-06-16T00:11:24Z"}]
[08:12:24] [DEVICE] << CP-kk-01 [2,"fbe9c255-44b1-41fa-8d6a-a7f5267c8c07","Heartbeat",{}]
[08:12:24] [DEVICE] >> CP-kk-01 [3,"fbe9c255-44b1-41fa-8d6a-a7f5267c8c07",{"currentTime":"2026-06-16T00:12:24Z"}]
[08:13:24] [DEVICE] << CP-kk-01 [2,"e234c61f-7004-4b0c-9f4e-91a22b734bb0","Heartbeat",{}]
[08:13:24] [DEVICE] >> CP-kk-01 [3,"e234c61f-7004-4b0c-9f4e-91a22b734bb0",{"currentTime":"2026-06-16T00:13:24Z"}]
[08:14:24] [DEVICE] << CP-kk-01 [2,"e51da573-d001-4975-9d9d-dc27dfee78de","Heartbeat",{}]
[08:14:24] [DEVICE] >> CP-kk-01 [3,"e51da573-d001-4975-9d9d-dc27dfee78de",{"currentTime":"2026-06-16T00:14:24Z"}]
[08:15:24] [DEVICE] << CP-kk-01 [2,"d2efd135-faa5-4af0-bd1b-7fceaab6d984","Heartbeat",{}]
[08:15:24] [DEVICE] >> CP-kk-01 [3,"d2efd135-faa5-4af0-bd1b-7fceaab6d984",{"currentTime":"2026-06-16T00:15:24Z"}]
[08:16:24] [DEVICE] << CP-kk-01 [2,"867761ec-a23e-4e3f-9fc3-b2a11a69dcb8","Heartbeat",{}]
[08:16:24] [DEVICE] >> CP-kk-01 [3,"867761ec-a23e-4e3f-9fc3-b2a11a69dcb8",{"currentTime":"2026-06-16T00:16:24Z"}]
[08:17:24] [DEVICE] << CP-kk-01 [2,"ff3f3727-4ab1-4e45-8611-a7c1fffe9d82","Heartbeat",{}]
[08:17:24] [DEVICE] >> CP-kk-01 [3,"ff3f3727-4ab1-4e45-8611-a7c1fffe9d82",{"currentTime":"2026-06-16T00:17:24Z"}]
[08:18:24] [DEVICE] << CP-kk-01 [2,"8822742f-9298-43eb-938f-809aa0595a79","Heartbeat",{}]
[08:18:24] [DEVICE] >> CP-kk-01 [3,"8822742f-9298-43eb-938f-809aa0595a79",{"currentTime":"2026-06-16T00:18:24Z"}]
[08:19:24] [DEVICE] << CP-kk-01 [2,"fbe5acd8-1f68-45bd-9d94-5f4fb7bf8c9f","Heartbeat",{}]
[08:19:24] [DEVICE] >> CP-kk-01 [3,"fbe5acd8-1f68-45bd-9d94-5f4fb7bf8c9f",{"currentTime":"2026-06-16T00:19:24Z"}]
[08:20:24] [DEVICE] << CP-kk-01 [2,"8f5f6026-542f-46b9-83f7-953302b2a34d","Heartbeat",{}]
[08:20:24] [DEVICE] >> CP-kk-01 [3,"8f5f6026-542f-46b9-83f7-953302b2a34d",{"currentTime":"2026-06-16T00:20:24Z"}]
[08:21:24] [DEVICE] << CP-kk-01 [2,"42123d81-b4c0-4dd0-bd60-8456fb5a12d8","Heartbeat",{}]
[08:21:24] [DEVICE] >> CP-kk-01 [3,"42123d81-b4c0-4dd0-bd60-8456fb5a12d8",{"currentTime":"2026-06-16T00:21:24Z"}]
[08:22:24] [DEVICE] << CP-kk-01 [2,"12f397b8-c7b9-4f01-8bd3-cf57be703777","Heartbeat",{}]
[08:22:24] [DEVICE] >> CP-kk-01 [3,"12f397b8-c7b9-4f01-8bd3-cf57be703777",{"currentTime":"2026-06-16T00:22:24Z"}]
[08:23:24] [DEVICE] << CP-kk-01 [2,"f0c65570-4c06-48f0-98a8-213e6fed58bb","Heartbeat",{}]
[08:23:24] [DEVICE] >> CP-kk-01 [3,"f0c65570-4c06-48f0-98a8-213e6fed58bb",{"currentTime":"2026-06-16T00:23:24Z"}]
[08:24:24] [DEVICE] << CP-kk-01 [2,"91380569-9e5b-460e-a3a3-4eff222a2bbf","Heartbeat",{}]
[08:24:24] [DEVICE] >> CP-kk-01 [3,"91380569-9e5b-460e-a3a3-4eff222a2bbf",{"currentTime":"2026-06-16T00:24:24Z"}]
[08:25:24] [DEVICE] << CP-kk-01 [2,"bccbfe46-2750-4117-ab44-736f0a8914d9","Heartbeat",{}]
[08:25:24] [DEVICE] >> CP-kk-01 [3,"bccbfe46-2750-4117-ab44-736f0a8914d9",{"currentTime":"2026-06-16T00:25:24Z"}]
[08:26:25] [DEVICE] << CP-kk-01 [2,"33c1e0f4-e1d8-46e3-a147-f02ae1f848e4","Heartbeat",{}]
[08:26:25] [DEVICE] >> CP-kk-01 [3,"33c1e0f4-e1d8-46e3-a147-f02ae1f848e4",{"currentTime":"2026-06-16T00:26:25Z"}]
[08:27:25] [DEVICE] << CP-kk-01 [2,"e883189d-000d-4099-a604-f094d6d32554","Heartbeat",{}]
[08:27:25] [DEVICE] >> CP-kk-01 [3,"e883189d-000d-4099-a604-f094d6d32554",{"currentTime":"2026-06-16T00:27:25Z"}]
[08:28:25] [DEVICE] << CP-kk-01 [2,"7de66ae8-0cdc-422b-a9f6-97da54849be3","Heartbeat",{}]
[08:28:25] [DEVICE] >> CP-kk-01 [3,"7de66ae8-0cdc-422b-a9f6-97da54849be3",{"currentTime":"2026-06-16T00:28:25Z"}]
[08:29:25] [DEVICE] << CP-kk-01 [2,"2121b2b6-b7d7-4259-a31a-8f11f1f29da0","Heartbeat",{}]
[08:29:25] [DEVICE] >> CP-kk-01 [3,"2121b2b6-b7d7-4259-a31a-8f11f1f29da0",{"currentTime":"2026-06-16T00:29:25Z"}]
[08:30:25] [DEVICE] << CP-kk-01 [2,"bb9bdb78-aed5-496e-ba4d-29fd0cdc1d27","Heartbeat",{}]
[08:30:25] [DEVICE] >> CP-kk-01 [3,"bb9bdb78-aed5-496e-ba4d-29fd0cdc1d27",{"currentTime":"2026-06-16T00:30:25Z"}]
[08:31:25] [DEVICE] << CP-kk-01 [2,"c0af12e9-62e8-453b-90d1-76f3654a01d5","Heartbeat",{}]
[08:31:25] [DEVICE] >> CP-kk-01 [3,"c0af12e9-62e8-453b-90d1-76f3654a01d5",{"currentTime":"2026-06-16T00:31:25Z"}]
[08:32:25] [DEVICE] << CP-kk-01 [2,"b49f25bb-6577-4897-89a0-5d19d988f8fe","Heartbeat",{}]
[08:32:25] [DEVICE] >> CP-kk-01 [3,"b49f25bb-6577-4897-89a0-5d19d988f8fe",{"currentTime":"2026-06-16T00:32:25Z"}]
[08:33:25] [DEVICE] << CP-kk-01 [2,"e5d9bbbd-0b6c-43e3-b8e8-91a4f597728a","Heartbeat",{}]
[08:33:25] [DEVICE] >> CP-kk-01 [3,"e5d9bbbd-0b6c-43e3-b8e8-91a4f597728a",{"currentTime":"2026-06-16T00:33:25Z"}]
[08:34:25] [DEVICE] << CP-kk-01 [2,"ef092d8a-b1b2-465d-bf57-4e99ceae24ba","Heartbeat",{}]
[08:34:25] [DEVICE] >> CP-kk-01 [3,"ef092d8a-b1b2-465d-bf57-4e99ceae24ba",{"currentTime":"2026-06-16T00:34:25Z"}]
[08:35:25] [DEVICE] << CP-kk-01 [2,"3e177d46-9177-4ffc-a3fd-2120f3d2cf85","Heartbeat",{}]
[08:35:25] [DEVICE] >> CP-kk-01 [3,"3e177d46-9177-4ffc-a3fd-2120f3d2cf85",{"currentTime":"2026-06-16T00:35:25Z"}]
[08:36:25] [DEVICE] << CP-kk-01 [2,"70d3a312-0b5a-4ee8-b263-37cfa8894d4c","Heartbeat",{}]
[08:36:25] [DEVICE] >> CP-kk-01 [3,"70d3a312-0b5a-4ee8-b263-37cfa8894d4c",{"currentTime":"2026-06-16T00:36:25Z"}]
[08:37:25] [DEVICE] << CP-kk-01 [2,"ab9e4690-0b42-4792-b75e-6b2efc7cbdb2","Heartbeat",{}]
[08:37:25] [DEVICE] >> CP-kk-01 [3,"ab9e4690-0b42-4792-b75e-6b2efc7cbdb2",{"currentTime":"2026-06-16T00:37:25Z"}]
[08:38:25] [DEVICE] << CP-kk-01 [2,"7c77e046-7a19-4474-b1cc-fe1e5e704b6c","Heartbeat",{}]
[08:38:25] [DEVICE] >> CP-kk-01 [3,"7c77e046-7a19-4474-b1cc-fe1e5e704b6c",{"currentTime":"2026-06-16T00:38:25Z"}]
[08:39:25] [DEVICE] << CP-kk-01 [2,"1f7df378-18ee-4a6f-8e16-68a90649cfe9","Heartbeat",{}]
[08:39:25] [DEVICE] >> CP-kk-01 [3,"1f7df378-18ee-4a6f-8e16-68a90649cfe9",{"currentTime":"2026-06-16T00:39:25Z"}]
[08:40:25] [DEVICE] << CP-kk-01 [2,"7083eff3-eccb-40b1-9fbb-164a4e643041","Heartbeat",{}]
[08:40:25] [DEVICE] >> CP-kk-01 [3,"7083eff3-eccb-40b1-9fbb-164a4e643041",{"currentTime":"2026-06-16T00:40:25Z"}]
[08:41:25] [DEVICE] << CP-kk-01 [2,"5aed0712-68c3-4d24-b4fc-f7487f765e8c","Heartbeat",{}]
[08:41:25] [DEVICE] >> CP-kk-01 [3,"5aed0712-68c3-4d24-b4fc-f7487f765e8c",{"currentTime":"2026-06-16T00:41:25Z"}]
[08:42:25] [DEVICE] << CP-kk-01 [2,"329ab616-ec91-42cd-80ee-9bc3a08caab1","Heartbeat",{}]
[08:42:25] [DEVICE] >> CP-kk-01 [3,"329ab616-ec91-42cd-80ee-9bc3a08caab1",{"currentTime":"2026-06-16T00:42:25Z"}]
[08:43:25] [DEVICE] << CP-kk-01 [2,"60cc7cc1-0401-4f65-b9d9-80c97fdd431d","Heartbeat",{}]
[08:43:25] [DEVICE] >> CP-kk-01 [3,"60cc7cc1-0401-4f65-b9d9-80c97fdd431d",{"currentTime":"2026-06-16T00:43:25Z"}]
[08:44:25] [DEVICE] << CP-kk-01 [2,"ee70b7d3-9f38-40c7-afd3-35be5c99e8f5","Heartbeat",{}]
[08:44:25] [DEVICE] >> CP-kk-01 [3,"ee70b7d3-9f38-40c7-afd3-35be5c99e8f5",{"currentTime":"2026-06-16T00:44:25Z"}]
[08:45:25] [DEVICE] << CP-kk-01 [2,"036f80b7-247b-4ac9-899d-54e33ef41a73","Heartbeat",{}]
[08:45:25] [DEVICE] >> CP-kk-01 [3,"036f80b7-247b-4ac9-899d-54e33ef41a73",{"currentTime":"2026-06-16T00:45:25Z"}]
[08:46:25] [DEVICE] << CP-kk-01 [2,"7db5330f-4a70-4af0-8f31-7829f1b066dd","Heartbeat",{}]
[08:46:25] [DEVICE] >> CP-kk-01 [3,"7db5330f-4a70-4af0-8f31-7829f1b066dd",{"currentTime":"2026-06-16T00:46:25Z"}]
[08:47:25] [DEVICE] << CP-kk-01 [2,"1ec7a11f-b258-4979-9bd6-a888e3e628d5","Heartbeat",{}]
[08:47:25] [DEVICE] >> CP-kk-01 [3,"1ec7a11f-b258-4979-9bd6-a888e3e628d5",{"currentTime":"2026-06-16T00:47:25Z"}]
[08:48:25] [DEVICE] << CP-kk-01 [2,"2304499c-792d-478d-98d1-76745a00df9a","Heartbeat",{}]
[08:48:25] [DEVICE] >> CP-kk-01 [3,"2304499c-792d-478d-98d1-76745a00df9a",{"currentTime":"2026-06-16T00:48:25Z"}]
[08:49:25] [DEVICE] << CP-kk-01 [2,"f21cd83f-f91d-4ba4-af43-d9e48fd56802","Heartbeat",{}]
[08:49:25] [DEVICE] >> CP-kk-01 [3,"f21cd83f-f91d-4ba4-af43-d9e48fd56802",{"currentTime":"2026-06-16T00:49:25Z"}]
[08:50:25] [DEVICE] << CP-kk-01 [2,"97c50086-c1a5-48ed-a12a-4853b49702df","Heartbeat",{}]
[08:50:25] [DEVICE] >> CP-kk-01 [3,"97c50086-c1a5-48ed-a12a-4853b49702df",{"currentTime":"2026-06-16T00:50:25Z"}]
[08:51:25] [DEVICE] << CP-kk-01 [2,"b78a3f60-517c-461b-a015-8f7b1ddae7b0","Heartbeat",{}]
[08:51:25] [DEVICE] >> CP-kk-01 [3,"b78a3f60-517c-461b-a015-8f7b1ddae7b0",{"currentTime":"2026-06-16T00:51:25Z"}]
[08:52:25] [DEVICE] << CP-kk-01 [2,"890298c5-c63f-449c-a7f4-3f73a781dbbe","Heartbeat",{}]
[08:52:25] [DEVICE] >> CP-kk-01 [3,"890298c5-c63f-449c-a7f4-3f73a781dbbe",{"currentTime":"2026-06-16T00:52:25Z"}]
[08:53:25] [DEVICE] << CP-kk-01 [2,"56ab9ae2-46dc-45db-95ac-ab517a4a1116","Heartbeat",{}]
[08:53:25] [DEVICE] >> CP-kk-01 [3,"56ab9ae2-46dc-45db-95ac-ab517a4a1116",{"currentTime":"2026-06-16T00:53:25Z"}]
[08:54:25] [DEVICE] << CP-kk-01 [2,"423109a3-1272-4c84-be0d-ca2004763094","Heartbeat",{}]
[08:54:25] [DEVICE] >> CP-kk-01 [3,"423109a3-1272-4c84-be0d-ca2004763094",{"currentTime":"2026-06-16T00:54:25Z"}]
[08:55:25] [DEVICE] << CP-kk-01 [2,"c9a25edc-7280-43ee-98c4-09c5ccb86a5f","Heartbeat",{}]
[08:55:25] [DEVICE] >> CP-kk-01 [3,"c9a25edc-7280-43ee-98c4-09c5ccb86a5f",{"currentTime":"2026-06-16T00:55:25Z"}]
[08:56:25] [DEVICE] << CP-kk-01 [2,"afe885d9-2f92-4745-a6cc-5d39d6c692c4","Heartbeat",{}]
[08:56:25] [DEVICE] >> CP-kk-01 [3,"afe885d9-2f92-4745-a6cc-5d39d6c692c4",{"currentTime":"2026-06-16T00:56:25Z"}]
[08:57:25] [DEVICE] << CP-kk-01 [2,"47d3a8f9-0ba0-431d-a4e0-be7fd4e20bb5","Heartbeat",{}]
[08:57:25] [DEVICE] >> CP-kk-01 [3,"47d3a8f9-0ba0-431d-a4e0-be7fd4e20bb5",{"currentTime":"2026-06-16T00:57:25Z"}]
[08:58:25] [DEVICE] << CP-kk-01 [2,"49b90d9b-a9bb-4eb3-baad-b18beba73e1d","Heartbeat",{}]
[08:58:25] [DEVICE] >> CP-kk-01 [3,"49b90d9b-a9bb-4eb3-baad-b18beba73e1d",{"currentTime":"2026-06-16T00:58:25Z"}]
[08:59:25] [DEVICE] << CP-kk-01 [2,"f0926637-3cca-44cb-b507-3e0a114640fe","Heartbeat",{}]
[08:59:25] [DEVICE] >> CP-kk-01 [3,"f0926637-3cca-44cb-b507-3e0a114640fe",{"currentTime":"2026-06-16T00:59:25Z"}]
[09:00:25] [DEVICE] << CP-kk-01 [2,"ae5d2454-b512-442d-a777-97254c984a45","Heartbeat",{}]
[09:00:25] [DEVICE] >> CP-kk-01 [3,"ae5d2454-b512-442d-a777-97254c984a45",{"currentTime":"2026-06-16T01:00:25Z"}]
[09:01:25] [DEVICE] << CP-kk-01 [2,"56a06c33-8f5e-4db2-b4ea-15428e474e71","Heartbeat",{}]
[09:01:25] [DEVICE] >> CP-kk-01 [3,"56a06c33-8f5e-4db2-b4ea-15428e474e71",{"currentTime":"2026-06-16T01:01:25Z"}]
[09:02:25] [DEVICE] << CP-kk-01 [2,"ce938b6b-036a-4fb0-888c-8ee0c8551ca2","Heartbeat",{}]
[09:02:25] [DEVICE] >> CP-kk-01 [3,"ce938b6b-036a-4fb0-888c-8ee0c8551ca2",{"currentTime":"2026-06-16T01:02:25Z"}]
[09:03:25] [DEVICE] << CP-kk-01 [2,"57ad2474-b4f8-4fcf-af42-7e936705f4d3","Heartbeat",{}]
[09:03:25] [DEVICE] >> CP-kk-01 [3,"57ad2474-b4f8-4fcf-af42-7e936705f4d3",{"currentTime":"2026-06-16T01:03:25Z"}]
[09:04:25] [DEVICE] << CP-kk-01 [2,"6ae5042d-d9de-4239-9c47-dbdc43de56de","Heartbeat",{}]
[09:04:25] [DEVICE] >> CP-kk-01 [3,"6ae5042d-d9de-4239-9c47-dbdc43de56de",{"currentTime":"2026-06-16T01:04:25Z"}]
[09:05:25] [DEVICE] << CP-kk-01 [2,"a271c7e8-664f-4081-857d-c0204968b2f0","Heartbeat",{}]
[09:05:25] [DEVICE] >> CP-kk-01 [3,"a271c7e8-664f-4081-857d-c0204968b2f0",{"currentTime":"2026-06-16T01:05:25Z"}]
[09:06:25] [DEVICE] << CP-kk-01 [2,"211e9d01-e009-4137-8b56-00801a0b6ca8","Heartbeat",{}]
[09:06:25] [DEVICE] >> CP-kk-01 [3,"211e9d01-e009-4137-8b56-00801a0b6ca8",{"currentTime":"2026-06-16T01:06:25Z"}]
[09:07:25] [DEVICE] << CP-kk-01 [2,"73c02ea6-723d-4e1b-afeb-035f3a386316","Heartbeat",{}]
[09:07:25] [DEVICE] >> CP-kk-01 [3,"73c02ea6-723d-4e1b-afeb-035f3a386316",{"currentTime":"2026-06-16T01:07:25Z"}]
[09:08:25] [DEVICE] << CP-kk-01 [2,"fca2cb41-0212-4879-95ba-5e78a0daf898","Heartbeat",{}]
[09:08:25] [DEVICE] >> CP-kk-01 [3,"fca2cb41-0212-4879-95ba-5e78a0daf898",{"currentTime":"2026-06-16T01:08:25Z"}]
[09:09:25] [DEVICE] << CP-kk-01 [2,"2c7800cc-1e5d-4d1c-a416-bf74173a47a3","Heartbeat",{}]
[09:09:25] [DEVICE] >> CP-kk-01 [3,"2c7800cc-1e5d-4d1c-a416-bf74173a47a3",{"currentTime":"2026-06-16T01:09:25Z"}]
[09:10:25] [DEVICE] << CP-kk-01 [2,"8af0b1cf-cd29-464e-aace-d585ae887583","Heartbeat",{}]
[09:10:25] [DEVICE] >> CP-kk-01 [3,"8af0b1cf-cd29-464e-aace-d585ae887583",{"currentTime":"2026-06-16T01:10:25Z"}]
[09:11:25] [DEVICE] << CP-kk-01 [2,"5ef26a68-24b0-4134-90cf-55358ef8a94e","Heartbeat",{}]
[09:11:25] [DEVICE] >> CP-kk-01 [3,"5ef26a68-24b0-4134-90cf-55358ef8a94e",{"currentTime":"2026-06-16T01:11:25Z"}]
[09:12:25] [DEVICE] << CP-kk-01 [2,"f8161018-2837-486a-bc04-1175ed4c04ac","Heartbeat",{}]
[09:12:25] [DEVICE] >> CP-kk-01 [3,"f8161018-2837-486a-bc04-1175ed4c04ac",{"currentTime":"2026-06-16T01:12:25Z"}]
[09:13:26] [DEVICE] << CP-kk-01 [2,"69e2cf9e-b7df-40cf-9ad8-4777bfb1f906","Heartbeat",{}]
[09:13:26] [DEVICE] >> CP-kk-01 [3,"69e2cf9e-b7df-40cf-9ad8-4777bfb1f906",{"currentTime":"2026-06-16T01:13:26Z"}]
[09:14:26] [DEVICE] << CP-kk-01 [2,"6cd72a6f-486a-4ea8-80ae-d929510f2334","Heartbeat",{}]
[09:14:26] [DEVICE] >> CP-kk-01 [3,"6cd72a6f-486a-4ea8-80ae-d929510f2334",{"currentTime":"2026-06-16T01:14:26Z"}]
[09:15:26] [DEVICE] << CP-kk-01 [2,"2b8e4a5f-53f6-4049-aded-e8bd0af2e8a2","Heartbeat",{}]
[09:15:26] [DEVICE] >> CP-kk-01 [3,"2b8e4a5f-53f6-4049-aded-e8bd0af2e8a2",{"currentTime":"2026-06-16T01:15:26Z"}]
[09:16:26] [DEVICE] << CP-kk-01 [2,"8553122e-b986-44fd-8e66-0432f010bec7","Heartbeat",{}]
[09:16:26] [DEVICE] >> CP-kk-01 [3,"8553122e-b986-44fd-8e66-0432f010bec7",{"currentTime":"2026-06-16T01:16:26Z"}]
[09:17:26] [DEVICE] << CP-kk-01 [2,"fd13ad84-2daf-4583-a627-351c1d1eb0b0","Heartbeat",{}]
[09:17:26] [DEVICE] >> CP-kk-01 [3,"fd13ad84-2daf-4583-a627-351c1d1eb0b0",{"currentTime":"2026-06-16T01:17:26Z"}]
[09:18:26] [DEVICE] << CP-kk-01 [2,"e4ef3488-2f8f-4c35-bdb2-a97c472331c4","Heartbeat",{}]
[09:18:26] [DEVICE] >> CP-kk-01 [3,"e4ef3488-2f8f-4c35-bdb2-a97c472331c4",{"currentTime":"2026-06-16T01:18:26Z"}]
[09:19:26] [DEVICE] << CP-kk-01 [2,"4c4e6b22-cb57-48c8-a6d8-62289a646d18","Heartbeat",{}]
[09:19:26] [DEVICE] >> CP-kk-01 [3,"4c4e6b22-cb57-48c8-a6d8-62289a646d18",{"currentTime":"2026-06-16T01:19:26Z"}]
[09:20:26] [DEVICE] << CP-kk-01 [2,"59d4bc7c-bc3a-4920-98ad-b2118b390c11","Heartbeat",{}]
[09:20:26] [DEVICE] >> CP-kk-01 [3,"59d4bc7c-bc3a-4920-98ad-b2118b390c11",{"currentTime":"2026-06-16T01:20:26Z"}]
[09:21:26] [DEVICE] << CP-kk-01 [2,"132c7158-f048-4bf6-998a-b9c08f429c82","Heartbeat",{}]
[09:21:26] [DEVICE] >> CP-kk-01 [3,"132c7158-f048-4bf6-998a-b9c08f429c82",{"currentTime":"2026-06-16T01:21:26Z"}]
[09:22:26] [DEVICE] << CP-kk-01 [2,"2a7be6d3-4687-443b-b1dc-0d2db889be21","Heartbeat",{}]
[09:22:26] [DEVICE] >> CP-kk-01 [3,"2a7be6d3-4687-443b-b1dc-0d2db889be21",{"currentTime":"2026-06-16T01:22:26Z"}]
[09:23:26] [DEVICE] << CP-kk-01 [2,"383515e9-0410-4360-b569-c1544a6dbdf4","Heartbeat",{}]
[09:23:26] [DEVICE] >> CP-kk-01 [3,"383515e9-0410-4360-b569-c1544a6dbdf4",{"currentTime":"2026-06-16T01:23:26Z"}]
[09:24:26] [DEVICE] << CP-kk-01 [2,"14877265-0a22-4337-a151-5edf8579c6aa","Heartbeat",{}]
[09:24:26] [DEVICE] >> CP-kk-01 [3,"14877265-0a22-4337-a151-5edf8579c6aa",{"currentTime":"2026-06-16T01:24:26Z"}]
[09:25:26] [DEVICE] << CP-kk-01 [2,"4a52c813-6c20-48b2-8951-744633a47dec","Heartbeat",{}]
[09:25:26] [DEVICE] >> CP-kk-01 [3,"4a52c813-6c20-48b2-8951-744633a47dec",{"currentTime":"2026-06-16T01:25:26Z"}]
[09:26:26] [DEVICE] << CP-kk-01 [2,"9ffe0421-cf3f-47db-bfa2-613152608759","Heartbeat",{}]
[09:26:26] [DEVICE] >> CP-kk-01 [3,"9ffe0421-cf3f-47db-bfa2-613152608759",{"currentTime":"2026-06-16T01:26:26Z"}]
[09:27:26] [DEVICE] << CP-kk-01 [2,"04ad9e0b-c5d3-4d58-a584-372c1a486d3f","Heartbeat",{}]
[09:27:26] [DEVICE] >> CP-kk-01 [3,"04ad9e0b-c5d3-4d58-a584-372c1a486d3f",{"currentTime":"2026-06-16T01:27:26Z"}]
[09:28:26] [DEVICE] << CP-kk-01 [2,"549f75e6-14c0-4e92-ba56-b7705011eaea","Heartbeat",{}]
[09:28:26] [DEVICE] >> CP-kk-01 [3,"549f75e6-14c0-4e92-ba56-b7705011eaea",{"currentTime":"2026-06-16T01:28:26Z"}]
[09:29:26] [DEVICE] << CP-kk-01 [2,"f7131dc1-45f2-4e76-aaf1-2be695072c47","Heartbeat",{}]
[09:29:26] [DEVICE] >> CP-kk-01 [3,"f7131dc1-45f2-4e76-aaf1-2be695072c47",{"currentTime":"2026-06-16T01:29:26Z"}]
[09:30:26] [DEVICE] << CP-kk-01 [2,"dd8769fb-24d9-4f6e-b22d-f67ed0b158d0","Heartbeat",{}]
[09:30:26] [DEVICE] >> CP-kk-01 [3,"dd8769fb-24d9-4f6e-b22d-f67ed0b158d0",{"currentTime":"2026-06-16T01:30:26Z"}]
[09:31:26] [DEVICE] << CP-kk-01 [2,"c776a518-2b43-4ee0-992b-1412028bf21b","Heartbeat",{}]
[09:31:26] [DEVICE] >> CP-kk-01 [3,"c776a518-2b43-4ee0-992b-1412028bf21b",{"currentTime":"2026-06-16T01:31:26Z"}]
[09:32:26] [DEVICE] << CP-kk-01 [2,"3bf01d89-514c-42e3-89f6-2b2e1ac8fed6","Heartbeat",{}]
[09:32:26] [DEVICE] >> CP-kk-01 [3,"3bf01d89-514c-42e3-89f6-2b2e1ac8fed6",{"currentTime":"2026-06-16T01:32:26Z"}]
[09:33:26] [DEVICE] << CP-kk-01 [2,"34fa6401-52e1-4c0f-b8e2-0ffd023cb394","Heartbeat",{}]
[09:33:26] [DEVICE] >> CP-kk-01 [3,"34fa6401-52e1-4c0f-b8e2-0ffd023cb394",{"currentTime":"2026-06-16T01:33:26Z"}]
[09:34:26] [DEVICE] << CP-kk-01 [2,"17c397fa-18cc-4a7d-bfde-9b8b3718ec5d","Heartbeat",{}]
[09:34:26] [DEVICE] >> CP-kk-01 [3,"17c397fa-18cc-4a7d-bfde-9b8b3718ec5d",{"currentTime":"2026-06-16T01:34:26Z"}]
[09:35:26] [DEVICE] << CP-kk-01 [2,"b26cbffa-b734-4be7-8562-d5bd3d9abea6","Heartbeat",{}]
[09:35:26] [DEVICE] >> CP-kk-01 [3,"b26cbffa-b734-4be7-8562-d5bd3d9abea6",{"currentTime":"2026-06-16T01:35:26Z"}]
[09:36:26] [DEVICE] << CP-kk-01 [2,"0bf36f4c-6ae6-4d56-bae3-773c51777a57","Heartbeat",{}]
[09:36:26] [DEVICE] >> CP-kk-01 [3,"0bf36f4c-6ae6-4d56-bae3-773c51777a57",{"currentTime":"2026-06-16T01:36:26Z"}]
[09:37:26] [DEVICE] << CP-kk-01 [2,"7570f132-a68c-4d98-ba23-61cc7552c3ce","Heartbeat",{}]
[09:37:26] [DEVICE] >> CP-kk-01 [3,"7570f132-a68c-4d98-ba23-61cc7552c3ce",{"currentTime":"2026-06-16T01:37:26Z"}]
